customer_id,city
1,Bengaluru
2,Bengaluru
3,Delhi
4,Mumbai
5,Mumbai
6,Mumbai
7,Bengaluru
8,Hyderabad
9,Bengaluru
10,Hyderabad
11,Pune
12,Bengaluru
13,Bengaluru
14,Bengaluru
15,Mumbai
16,Mumbai
17,Hyderabad
18,Hyderabad
19,Bengaluru
20,Hyderabad
21,Mumbai
22,Hyderabad
23,Pune
24,Mumbai
25,Pune
26,Hyderabad
27,Delhi
28,Bengaluru
29,Mumbai
30,Pune
31,Delhi
32,Delhi
33,Mumbai
34,Mumbai
35,Delhi
36,Bengaluru
37,Bengaluru
38,Pune
39,Bengaluru
40,Delhi
41,Delhi
42,Hyderabad
43,Delhi
44,Bengaluru
45,Pune
46,Hyderabad
47,Bengaluru
48,Pune
49,Bengaluru
50,Hyderabad
51,Delhi
52,Hyderabad
53,Delhi
54,Hyderabad
55,Mumbai
56,Bengaluru
57,Bengaluru
58,Mumbai
59,Delhi
60,Bengaluru
61,Mumbai
62,Bengaluru
63,Pune
64,Delhi
65,Pune
66,Delhi
67,Mumbai
68,Delhi
69,Delhi
70,Mumbai
71,Delhi
72,Bengaluru
73,Hyderabad
74,Mumbai
75,Hyderabad
76,Mumbai
77,Mumbai
78,Pune
79,Pune
80,Delhi
81,Hyderabad
82,Mumbai
83,Delhi
84,Bengaluru
85,Mumbai
86,Bengaluru
87,Delhi
88,Pune
89,Delhi
90,Bengaluru
91,Mumbai
92,Hyderabad
93,Delhi
94,Mumbai
95,Pune
96,Pune
97,Pune
98,Mumbai
99,Delhi
100,Mumbai
101,Mumbai
102,Hyderabad
103,Hyderabad
104,Delhi
105,Hyderabad
106,Pune
107,Hyderabad
108,Pune
109,Delhi
110,Mumbai
111,Mumbai
112,Hyderabad
113,Pune
114,Bengaluru
115,Bengaluru
116,Bengaluru
117,Mumbai
118,Mumbai
119,Pune
120,Hyderabad
121,Bengaluru
122,Pune
123,Pune
124,Hyderabad
125,Pune
126,Hyderabad
127,Delhi
128,Hyderabad
129,Bengaluru
130,Bengaluru
131,Hyderabad
132,Delhi
133,Delhi
134,Bengaluru
135,Delhi
136,Pune
137,Mumbai
138,Pune
139,Bengaluru
140,Delhi
141,Hyderabad
142,Mumbai
143,Hyderabad
144,Bengaluru
145,Delhi
146,Hyderabad
147,Hyderabad
148,Mumbai
149,Mumbai
150,Delhi
151,Mumbai
152,Hyderabad
153,Hyderabad
154,Bengaluru
155,Hyderabad
156,Delhi
157,Pune
158,Bengaluru
159,Bengaluru
160,Delhi
161,Delhi
162,Mumbai
163,Bengaluru
164,Mumbai
165,Hyderabad
166,Bengaluru
167,Bengaluru
168,Pune
169,Bengaluru
170,Hyderabad
171,Mumbai
172,Mumbai
173,Pune
174,Hyderabad
175,Mumbai
176,Delhi
177,Hyderabad
178,Hyderabad
179,Pune
180,Mumbai
181,Hyderabad
182,Mumbai
183,Delhi
184,Pune
185,Delhi
186,Pune
187,Hyderabad
188,Pune
189,Bengaluru
190,Mumbai
191,Mumbai
192,Bengaluru
193,Delhi
194,Bengaluru
195,Hyderabad
196,Hyderabad
197,Mumbai
198,Hyderabad
199,Mumbai
200,Bengaluru
201,Bengaluru
202,Bengaluru
203,Mumbai
204,Bengaluru
205,Bengaluru
206,Delhi
207,Bengaluru
208,Hyderabad
209,Mumbai
210,Delhi
211,Pune
212,Mumbai
213,Hyderabad
214,Mumbai
215,Hyderabad
216,Hyderabad
217,Pune
218,Mumbai
219,Pune
220,Pune
221,Mumbai
222,Bengaluru
223,Bengaluru
224,Pune
225,Delhi
226,Pune
227,Pune
228,Pune
229,Bengaluru
230,Bengaluru
231,Bengaluru
232,Pune
233,Delhi
234,Bengaluru
235,Mumbai
236,Mumbai
237,Mumbai
238,Hyderabad
239,Pune
240,Mumbai
241,Pune
242,Mumbai
243,Delhi
244,Pune
245,Mumbai
246,Bengaluru
247,Pune
248,Hyderabad
249,Bengaluru
250,Bengaluru
251,Hyderabad
252,Bengaluru
253,Bengaluru
254,Mumbai
255,Mumbai
256,Pune
257,Pune
258,Pune
259,Mumbai
260,Pune
261,Bengaluru
262,Mumbai
263,Pune
264,Bengaluru
265,Pune
266,Delhi
267,Pune
268,Delhi
269,Pune
270,Hyderabad
271,Pune
272,Mumbai
273,Mumbai
274,Delhi
275,Mumbai
276,Bengaluru
277,Hyderabad
278,Hyderabad
279,Bengaluru
280,Delhi
281,Bengaluru
282,Bengaluru
283,Hyderabad
284,Pune
285,Hyderabad
286,Hyderabad
287,Mumbai
288,Bengaluru
289,Hyderabad
290,Bengaluru
291,Mumbai
292,Bengaluru
293,Hyderabad
294,Bengaluru
295,Mumbai
296,Pune
297,Bengaluru
298,Hyderabad
299,Mumbai
300,Hyderabad
301,Hyderabad
302,Bengaluru
303,Hyderabad
304,Bengaluru
305,Pune
306,Hyderabad
307,Hyderabad
308,Hyderabad
309,Delhi
310,Delhi
311,Mumbai
312,Delhi
313,Mumbai
314,Delhi
315,Pune
316,Mumbai
317,Delhi
318,Pune
319,Delhi
320,Bengaluru
321,Bengaluru
322,Pune
323,Hyderabad
324,Hyderabad
325,Bengaluru
326,Bengaluru
327,Hyderabad
328,Mumbai
329,Hyderabad
330,Delhi
331,Mumbai
332,Delhi
333,Bengaluru
334,Mumbai
335,Delhi
336,Delhi
337,Mumbai
338,Pune
339,Hyderabad
340,Delhi
341,Hyderabad
342,Hyderabad
343,Bengaluru
344,Hyderabad
345,Delhi
346,Bengaluru
347,Mumbai
348,Delhi
349,Bengaluru
350,Bengaluru
351,Hyderabad
352,Mumbai
353,Delhi
354,Delhi
355,Hyderabad
356,Mumbai
357,Delhi
358,Mumbai
359,Delhi
360,Hyderabad
361,Pune
362,Delhi
363,Bengaluru
364,Bengaluru
365,Pune
366,Delhi
367,Bengaluru
368,Bengaluru
369,Delhi
370,Mumbai
371,Delhi
372,Mumbai
373,Pune
374,Hyderabad
375,Pune
376,Hyderabad
377,Bengaluru
378,Bengaluru
379,Bengaluru
380,Mumbai
381,Hyderabad
382,Bengaluru
383,Delhi
384,Hyderabad
385,Hyderabad
386,Mumbai
387,Pune
388,Mumbai
389,Bengaluru
390,Delhi
391,Delhi
392,Bengaluru
393,Delhi
394,Mumbai
395,Mumbai
396,Bengaluru
397,Delhi
398,Hyderabad
399,Pune
400,Hyderabad
401,Mumbai
402,Mumbai
403,Mumbai
404,Mumbai
405,Pune
406,Bengaluru
407,Mumbai
408,Delhi
409,Pune
410,Mumbai
411,Delhi
412,Mumbai
413,Bengaluru
414,Pune
415,Bengaluru
416,Pune
417,Mumbai
418,Mumbai
419,Pune
420,Delhi
421,Delhi
422,Mumbai
423,Mumbai
424,Bengaluru
425,Mumbai
426,Pune
427,Delhi
428,Delhi
429,Bengaluru
430,Delhi
431,Delhi
432,Hyderabad
433,Pune
434,Hyderabad
435,Delhi
436,Bengaluru
437,Bengaluru
438,Delhi
439,Mumbai
440,Hyderabad
441,Delhi
442,Bengaluru
443,Bengaluru
444,Hyderabad
445,Pune
446,Delhi
447,Delhi
448,Pune
449,Hyderabad
450,Hyderabad
451,Bengaluru
452,Pune
453,Hyderabad
454,Mumbai
455,Delhi
456,Bengaluru
457,Pune
458,Bengaluru
459,Hyderabad
460,Hyderabad
461,Mumbai
462,Delhi
463,Pune
464,Bengaluru
465,Delhi
466,Hyderabad
467,Delhi
468,Bengaluru
469,Delhi
470,Hyderabad
471,Delhi
472,Pune
473,Delhi
474,Pune
475,Delhi
476,Hyderabad
477,Mumbai
478,Mumbai
479,Pune
480,Pune
481,Mumbai
482,Hyderabad
483,Hyderabad
484,Delhi
485,Pune
486,Hyderabad
487,Bengaluru
488,Delhi
489,Delhi
490,Mumbai
491,Pune
492,Hyderabad
493,Hyderabad
494,Delhi
495,Pune
496,Pune
497,Pune
498,Mumbai
499,Hyderabad
500,Pune
501,Mumbai
502,Bengaluru
503,Delhi
504,Hyderabad
505,Hyderabad
506,Delhi
507,Bengaluru
508,Mumbai
509,Delhi
510,Mumbai
511,Mumbai
512,Mumbai
513,Bengaluru
514,Bengaluru
515,Mumbai
516,Pune
517,Hyderabad
518,Bengaluru
519,Pune
520,Pune
521,Hyderabad
522,Mumbai
523,Pune
524,Pune
525,Pune
526,Mumbai
527,Mumbai
528,Bengaluru
529,Bengaluru
530,Pune
531,Mumbai
532,Mumbai
533,Hyderabad
534,Pune
535,Bengaluru
536,Hyderabad
537,Mumbai
538,Bengaluru
539,Pune
540,Mumbai
541,Pune
542,Hyderabad
543,Hyderabad
544,Hyderabad
545,Delhi
546,Pune
547,Hyderabad
548,Hyderabad
549,Pune
550,Hyderabad
551,Pune
552,Mumbai
553,Pune
554,Pune
555,Delhi
556,Mumbai
557,Delhi
558,Hyderabad
559,Pune
560,Mumbai
561,Delhi
562,Pune
563,Bengaluru
564,Delhi
565,Mumbai
566,Delhi
567,Delhi
568,Delhi
569,Hyderabad
570,Bengaluru
571,Mumbai
572,Mumbai
573,Mumbai
574,Pune
575,Mumbai
576,Mumbai
577,Bengaluru
578,Pune
579,Pune
580,Delhi
581,Hyderabad
582,Pune
583,Pune
584,Bengaluru
585,Mumbai
586,Pune
587,Pune
588,Hyderabad
589,Bengaluru
590,Hyderabad
591,Pune
592,Pune
593,Bengaluru
594,Delhi
595,Delhi
596,Pune
597,Pune
598,Hyderabad
599,Hyderabad
600,Hyderabad
601,Mumbai
602,Pune
603,Mumbai
604,Delhi
605,Pune
606,Pune
607,Bengaluru
608,Pune
609,Delhi
610,Pune
611,Mumbai
612,Pune
613,Mumbai
614,Hyderabad
615,Hyderabad
616,Bengaluru
617,Pune
618,Hyderabad
619,Hyderabad
620,Bengaluru
621,Bengaluru
622,Pune
623,Mumbai
624,Pune
625,Mumbai
626,Bengaluru
627,Delhi
628,Pune
629,Delhi
630,Mumbai
631,Pune
632,Delhi
633,Delhi
634,Pune
635,Delhi
636,Pune
637,Delhi
638,Bengaluru
639,Pune
640,Bengaluru
641,Hyderabad
642,Bengaluru
643,Delhi
644,Mumbai
645,Bengaluru
646,Bengaluru
647,Bengaluru
648,Mumbai
649,Mumbai
650,Bengaluru
651,Hyderabad
652,Mumbai
653,Mumbai
654,Mumbai
655,Pune
656,Bengaluru
657,Hyderabad
658,Mumbai
659,Pune
660,Delhi
661,Delhi
662,Mumbai
663,Hyderabad
664,Hyderabad
665,Bengaluru
666,Mumbai
667,Delhi
668,Bengaluru
669,Hyderabad
670,Bengaluru
671,Delhi
672,Hyderabad
673,Pune
674,Pune
675,Mumbai
676,Bengaluru
677,Hyderabad
678,Mumbai
679,Bengaluru
680,Delhi
681,Hyderabad
682,Bengaluru
683,Hyderabad
684,Bengaluru
685,Delhi
686,Hyderabad
687,Pune
688,Delhi
689,Bengaluru
690,Hyderabad
691,Delhi
692,Bengaluru
693,Pune
694,Pune
695,Bengaluru
696,Pune
697,Delhi
698,Pune
699,Mumbai
700,Pune
701,Mumbai
702,Hyderabad
703,Delhi
704,Hyderabad
705,Hyderabad
706,Pune
707,Pune
708,Pune
709,Hyderabad
710,Delhi
711,Delhi
712,Mumbai
713,Bengaluru
714,Delhi
715,Pune
716,Mumbai
717,Pune
718,Hyderabad
719,Hyderabad
720,Pune
721,Delhi
722,Bengaluru
723,Pune
724,Delhi
725,Mumbai
726,Pune
727,Mumbai
728,Delhi
729,Delhi
730,Delhi
731,Delhi
732,Hyderabad
733,Delhi
734,Hyderabad
735,Bengaluru
736,Hyderabad
737,Mumbai
738,Bengaluru
739,Mumbai
740,Pune
741,Pune
742,Hyderabad
743,Mumbai
744,Pune
745,Pune
746,Pune
747,Bengaluru
748,Bengaluru
749,Delhi
750,Mumbai
751,Pune
752,Mumbai
753,Delhi
754,Hyderabad
755,Delhi
756,Pune
757,Hyderabad
758,Hyderabad
759,Delhi
760,Pune
761,Hyderabad
762,Delhi
763,Delhi
764,Pune
765,Delhi
766,Delhi
767,Delhi
768,Mumbai
769,Bengaluru
770,Mumbai
771,Delhi
772,Bengaluru
773,Hyderabad
774,Mumbai
775,Mumbai
776,Mumbai
777,Pune
778,Delhi
779,Hyderabad
780,Hyderabad
781,Hyderabad
782,Delhi
783,Bengaluru
784,Mumbai
785,Delhi
786,Mumbai
787,Delhi
788,Mumbai
789,Delhi
790,Bengaluru
791,Hyderabad
792,Mumbai
793,Delhi
794,Bengaluru
795,Bengaluru
796,Hyderabad
797,Delhi
798,Mumbai
799,Pune
800,Bengaluru
801,Bengaluru
802,Hyderabad
803,Delhi
804,Pune
805,Pune
806,Pune
807,Delhi
808,Mumbai
809,Bengaluru
810,Delhi
811,Pune
812,Bengaluru
813,Bengaluru
814,Pune
815,Pune
816,Bengaluru
817,Hyderabad
818,Bengaluru
819,Mumbai
820,Mumbai
821,Hyderabad
822,Delhi
823,Bengaluru
824,Mumbai
825,Bengaluru
826,Hyderabad
827,Pune
828,Hyderabad
829,Hyderabad
830,Hyderabad
831,Mumbai
832,Hyderabad
833,Pune
834,Pune
835,Pune
836,Delhi
837,Hyderabad
838,Pune
839,Delhi
840,Hyderabad
841,Hyderabad
842,Bengaluru
843,Hyderabad
844,Bengaluru
845,Mumbai
846,Mumbai
847,Delhi
848,Bengaluru
849,Mumbai
850,Mumbai
851,Mumbai
852,Hyderabad
853,Bengaluru
854,Mumbai
855,Bengaluru
856,Pune
857,Pune
858,Hyderabad
859,Pune
860,Delhi
861,Bengaluru
862,Mumbai
863,Delhi
864,Delhi
865,Pune
866,Bengaluru
867,Mumbai
868,Delhi
869,Hyderabad
870,Mumbai
871,Pune
872,Bengaluru
873,Hyderabad
874,Mumbai
875,Mumbai
876,Delhi
877,Mumbai
878,Bengaluru
879,Bengaluru
880,Mumbai
881,Delhi
882,Hyderabad
883,Hyderabad
884,Delhi
885,Pune
886,Bengaluru
887,Pune
888,Delhi
889,Pune
890,Delhi
891,Hyderabad
892,Hyderabad
893,Pune
894,Pune
895,Bengaluru
896,Hyderabad
897,Bengaluru
898,Pune
899,Delhi
900,Hyderabad
901,Delhi
902,Bengaluru
903,Bengaluru
904,Mumbai
905,Hyderabad
906,Hyderabad
907,Bengaluru
908,Delhi
909,Hyderabad
910,Bengaluru
911,Mumbai
912,Pune
913,Hyderabad
914,Pune
915,Delhi
916,Mumbai
917,Hyderabad
918,Pune
919,Pune
920,Bengaluru
921,Pune
922,Delhi
923,Pune
924,Delhi
925,Delhi
926,Bengaluru
927,Mumbai
928,Delhi
929,Pune
930,Pune
931,Delhi
932,Pune
933,Hyderabad
934,Bengaluru
935,Pune
936,Bengaluru
937,Delhi
938,Delhi
939,Delhi
940,Bengaluru
941,Pune
942,Hyderabad
943,Bengaluru
944,Hyderabad
945,Pune
946,Pune
947,Bengaluru
948,Mumbai
949,Hyderabad
950,Delhi
951,Hyderabad
952,Pune
953,Pune
954,Bengaluru
955,Mumbai
956,Delhi
957,Hyderabad
958,Mumbai
959,Delhi
960,Pune
961,Pune
962,Bengaluru
963,Bengaluru
964,Hyderabad
965,Mumbai
966,Mumbai
967,Delhi
968,Hyderabad
969,Bengaluru
970,Hyderabad
971,Pune
972,Bengaluru
973,Mumbai
974,Bengaluru
975,Pune
976,Bengaluru
977,Mumbai
978,Pune
979,Delhi
980,Hyderabad
981,Delhi
982,Pune
983,Pune
984,Pune
985,Mumbai
986,Pune
987,Hyderabad
988,Mumbai
989,Pune
990,Mumbai
991,Hyderabad
992,Hyderabad
993,Mumbai
994,Bengaluru
995,Delhi
996,Pune
997,Delhi
998,Hyderabad
999,Delhi
1000,Bengaluru
1001,Delhi
1002,Delhi
1003,Hyderabad
1004,Hyderabad
1005,Pune
1006,Mumbai
1007,Pune
1008,Hyderabad
1009,Pune
1010,Delhi
1011,Delhi
1012,Hyderabad
1013,Hyderabad
1014,Pune
1015,Pune
1016,Delhi
1017,Mumbai
1018,Mumbai
1019,Hyderabad
1020,Pune
1021,Mumbai
1022,Pune
1023,Bengaluru
1024,Delhi
1025,Pune
1026,Pune
1027,Pune
1028,Mumbai
1029,Pune
1030,Bengaluru
1031,Mumbai
1032,Hyderabad
1033,Hyderabad
1034,Delhi
1035,Bengaluru
1036,Pune
1037,Bengaluru
1038,Hyderabad
1039,Pune
1040,Bengaluru
1041,Mumbai
1042,Pune
1043,Mumbai
1044,Bengaluru
1045,Pune
1046,Delhi
1047,Delhi
1048,Hyderabad
1049,Pune
1050,Bengaluru
1051,Delhi
1052,Hyderabad
1053,Pune
1054,Delhi
1055,Pune
1056,Hyderabad
1057,Bengaluru
1058,Hyderabad
1059,Bengaluru
1060,Mumbai
1061,Delhi
1062,Mumbai
1063,Bengaluru
1064,Pune
1065,Bengaluru
1066,Bengaluru
1067,Pune
1068,Mumbai
1069,Delhi
1070,Bengaluru
1071,Bengaluru
1072,Delhi
1073,Bengaluru
1074,Delhi
1075,Delhi
1076,Delhi
1077,Pune
1078,Mumbai
1079,Mumbai
1080,Hyderabad
1081,Pune
1082,Hyderabad
1083,Mumbai
1084,Mumbai
1085,Mumbai
1086,Bengaluru
1087,Hyderabad
1088,Pune
1089,Hyderabad
1090,Mumbai
1091,Pune
1092,Hyderabad
1093,Mumbai
1094,Mumbai
1095,Pune
1096,Delhi
1097,Pune
1098,Delhi
1099,Bengaluru
1100,Pune
1101,Delhi
1102,Hyderabad
1103,Mumbai
1104,Bengaluru
1105,Pune
1106,Delhi
1107,Hyderabad
1108,Delhi
1109,Pune
1110,Delhi
1111,Pune
1112,Delhi
1113,Mumbai
1114,Pune
1115,Pune
1116,Bengaluru
1117,Mumbai
1118,Pune
1119,Hyderabad
1120,Delhi
1121,Hyderabad
1122,Delhi
1123,Delhi
1124,Bengaluru
1125,Pune
1126,Delhi
1127,Bengaluru
1128,Hyderabad
1129,Bengaluru
1130,Hyderabad
1131,Pune
1132,Delhi
1133,Mumbai
1134,Hyderabad
1135,Delhi
1136,Mumbai
1137,Mumbai
1138,Hyderabad
1139,Delhi
1140,Mumbai
1141,Bengaluru
1142,Bengaluru
1143,Delhi
1144,Pune
1145,Bengaluru
1146,Hyderabad
1147,Delhi
1148,Mumbai
1149,Bengaluru
1150,Delhi
1151,Delhi
1152,Pune
1153,Mumbai
1154,Mumbai
1155,Mumbai
1156,Hyderabad
1157,Delhi
1158,Hyderabad
1159,Hyderabad
1160,Delhi
1161,Mumbai
1162,Delhi
1163,Pune
1164,Delhi
1165,Delhi
1166,Bengaluru
1167,Pune
1168,Bengaluru
1169,Mumbai
1170,Mumbai
1171,Pune
1172,Hyderabad
1173,Delhi
1174,Bengaluru
1175,Pune
1176,Bengaluru
1177,Delhi
1178,Hyderabad
1179,Bengaluru
1180,Pune
1181,Delhi
1182,Delhi
1183,Hyderabad
1184,Pune
1185,Delhi
1186,Bengaluru
1187,Mumbai
1188,Pune
1189,Bengaluru
1190,Hyderabad
1191,Hyderabad
1192,Delhi
1193,Hyderabad
1194,Mumbai
1195,Bengaluru
1196,Pune
1197,Delhi
1198,Pune
1199,Bengaluru
1200,Mumbai
1201,Bengaluru
1202,Bengaluru
1203,Delhi
1204,Pune
1205,Bengaluru
1206,Bengaluru
1207,Mumbai
1208,Hyderabad
1209,Mumbai
1210,Pune
1211,Pune
1212,Delhi
1213,Hyderabad
1214,Pune
1215,Hyderabad
1216,Mumbai
1217,Pune
1218,Bengaluru
1219,Pune
1220,Hyderabad
1221,Pune
1222,Delhi
1223,Bengaluru
1224,Delhi
1225,Mumbai
1226,Pune
1227,Pune
1228,Mumbai
1229,Delhi
1230,Bengaluru
1231,Delhi
1232,Hyderabad
1233,Delhi
1234,Bengaluru
1235,Pune
1236,Delhi
1237,Mumbai
1238,Bengaluru
1239,Pune
1240,Bengaluru
1241,Mumbai
1242,Hyderabad
1243,Bengaluru
1244,Bengaluru
1245,Delhi
1246,Mumbai
1247,Mumbai
1248,Hyderabad
1249,Mumbai
1250,Bengaluru
1251,Hyderabad
1252,Mumbai
1253,Hyderabad
1254,Mumbai
1255,Mumbai
1256,Delhi
1257,Mumbai
1258,Hyderabad
1259,Bengaluru
1260,Delhi
1261,Mumbai
1262,Mumbai
1263,Hyderabad
1264,Delhi
1265,Mumbai
1266,Bengaluru
1267,Bengaluru
1268,Mumbai
1269,Bengaluru
1270,Delhi
1271,Mumbai
1272,Hyderabad
1273,Delhi
1274,Bengaluru
1275,Mumbai
1276,Delhi
1277,Bengaluru
1278,Mumbai
1279,Pune
1280,Hyderabad
1281,Bengaluru
1282,Bengaluru
1283,Pune
1284,Pune
1285,Delhi
1286,Hyderabad
1287,Hyderabad
1288,Bengaluru
1289,Pune
1290,Hyderabad
1291,Mumbai
1292,Hyderabad
1293,Bengaluru
1294,Hyderabad
1295,Delhi
1296,Pune
1297,Bengaluru
1298,Bengaluru
1299,Pune
1300,Pune
1301,Pune
1302,Bengaluru
1303,Pune
1304,Pune
1305,Bengaluru
1306,Bengaluru
1307,Delhi
1308,Hyderabad
1309,Mumbai
1310,Bengaluru
1311,Mumbai
1312,Delhi
1313,Hyderabad
1314,Hyderabad
1315,Hyderabad
1316,Delhi
1317,Pune
1318,Hyderabad
1319,Hyderabad
1320,Delhi
1321,Pune
1322,Hyderabad
1323,Hyderabad
1324,Pune
1325,Bengaluru
1326,Bengaluru
1327,Hyderabad
1328,Mumbai
1329,Pune
1330,Pune
1331,Mumbai
1332,Pune
1333,Delhi
1334,Pune
1335,Pune
1336,Pune
1337,Bengaluru
1338,Delhi
1339,Pune
1340,Delhi
1341,Delhi
1342,Delhi
1343,Mumbai
1344,Pune
1345,Bengaluru
1346,Bengaluru
1347,Bengaluru
1348,Bengaluru
1349,Pune
1350,Bengaluru
1351,Delhi
1352,Mumbai
1353,Hyderabad
1354,Bengaluru
1355,Hyderabad
1356,Hyderabad
1357,Hyderabad
1358,Delhi
1359,Bengaluru
1360,Pune
1361,Delhi
1362,Pune
1363,Bengaluru
1364,Delhi
1365,Hyderabad
1366,Delhi
1367,Delhi
1368,Bengaluru
1369,Hyderabad
1370,Hyderabad
1371,Mumbai
1372,Mumbai
1373,Pune
1374,Mumbai
1375,Bengaluru
1376,Delhi
1377,Hyderabad
1378,Delhi
1379,Bengaluru
1380,Delhi
1381,Hyderabad
1382,Mumbai
1383,Pune
1384,Hyderabad
1385,Hyderabad
1386,Hyderabad
1387,Hyderabad
1388,Bengaluru
1389,Hyderabad
1390,Delhi
1391,Bengaluru
1392,Mumbai
1393,Delhi
1394,Delhi
1395,Delhi
1396,Delhi
1397,Bengaluru
1398,Mumbai
1399,Mumbai
1400,Hyderabad
1401,Pune
1402,Bengaluru
1403,Mumbai
1404,Bengaluru
1405,Bengaluru
1406,Hyderabad
1407,Mumbai
1408,Pune
1409,Pune
1410,Pune
1411,Delhi
1412,Mumbai
1413,Delhi
1414,Delhi
1415,Delhi
1416,Hyderabad
1417,Hyderabad
1418,Bengaluru
1419,Bengaluru
1420,Mumbai
1421,Mumbai
1422,Hyderabad
1423,Bengaluru
1424,Bengaluru
1425,Delhi
1426,Pune
1427,Pune
1428,Pune
1429,Hyderabad
1430,Pune
1431,Pune
1432,Delhi
1433,Mumbai
1434,Hyderabad
1435,Bengaluru
1436,Delhi
1437,Pune
1438,Bengaluru
1439,Delhi
1440,Hyderabad
1441,Pune
1442,Hyderabad
1443,Delhi
1444,Bengaluru
1445,Mumbai
1446,Pune
1447,Hyderabad
1448,Bengaluru
1449,Bengaluru
1450,Mumbai
1451,Delhi
1452,Mumbai
1453,Mumbai
1454,Delhi
1455,Delhi
1456,Delhi
1457,Bengaluru
1458,Bengaluru
1459,Pune
1460,Pune
1461,Mumbai
1462,Mumbai
1463,Pune
1464,Hyderabad
1465,Mumbai
1466,Hyderabad
1467,Hyderabad
1468,Delhi
1469,Bengaluru
1470,Pune
1471,Bengaluru
1472,Pune
1473,Bengaluru
1474,Pune
1475,Bengaluru
1476,Delhi
1477,Hyderabad
1478,Pune
1479,Hyderabad
1480,Pune
1481,Pune
1482,Delhi
1483,Bengaluru
1484,Pune
1485,Bengaluru
1486,Delhi
1487,Mumbai
1488,Hyderabad
1489,Pune
1490,Delhi
1491,Bengaluru
1492,Pune
1493,Bengaluru
1494,Mumbai
1495,Pune
1496,Hyderabad
1497,Pune
1498,Hyderabad
1499,Bengaluru
1500,Pune
1501,Delhi
1502,Delhi
1503,Mumbai
1504,Delhi
1505,Mumbai
1506,Bengaluru
1507,Hyderabad
1508,Bengaluru
1509,Hyderabad
1510,Hyderabad
1511,Mumbai
1512,Delhi
1513,Delhi
1514,Mumbai
1515,Mumbai
1516,Bengaluru
1517,Mumbai
1518,Delhi
1519,Mumbai
1520,Mumbai
1521,Hyderabad
1522,Mumbai
1523,Bengaluru
1524,Mumbai
1525,Pune
1526,Pune
1527,Hyderabad
1528,Hyderabad
1529,Pune
1530,Hyderabad
1531,Hyderabad
1532,Delhi
1533,Delhi
1534,Mumbai
1535,Pune
1536,Bengaluru
1537,Pune
1538,Pune
1539,Delhi
1540,Delhi
1541,Hyderabad
1542,Bengaluru
1543,Delhi
1544,Hyderabad
1545,Bengaluru
1546,Delhi
1547,Pune
1548,Pune
1549,Bengaluru
1550,Bengaluru
1551,Delhi
1552,Delhi
1553,Bengaluru
1554,Bengaluru
1555,Hyderabad
1556,Hyderabad
1557,Hyderabad
1558,Pune
1559,Pune
1560,Hyderabad
1561,Hyderabad
1562,Bengaluru
1563,Pune
1564,Hyderabad
1565,Mumbai
1566,Delhi
1567,Hyderabad
1568,Pune
1569,Hyderabad
1570,Mumbai
1571,Bengaluru
1572,Pune
1573,Bengaluru
1574,Delhi
1575,Bengaluru
1576,Hyderabad
1577,Mumbai
1578,Bengaluru
1579,Mumbai
1580,Pune
1581,Pune
1582,Hyderabad
1583,Hyderabad
1584,Hyderabad
1585,Mumbai
1586,Delhi
1587,Delhi
1588,Delhi
1589,Pune
1590,Pune
1591,Delhi
1592,Hyderabad
1593,Bengaluru
1594,Delhi
1595,Bengaluru
1596,Delhi
1597,Bengaluru
1598,Hyderabad
1599,Pune
1600,Delhi
1601,Delhi
1602,Hyderabad
1603,Mumbai
1604,Delhi
1605,Bengaluru
1606,Hyderabad
1607,Mumbai
1608,Delhi
1609,Delhi
1610,Pune
1611,Mumbai
1612,Hyderabad
1613,Bengaluru
1614,Delhi
1615,Hyderabad
1616,Pune
1617,Delhi
1618,Mumbai
1619,Hyderabad
1620,Bengaluru
1621,Pune
1622,Hyderabad
1623,Delhi
1624,Bengaluru
1625,Delhi
1626,Delhi
1627,Mumbai
1628,Mumbai
1629,Delhi
1630,Pune
1631,Mumbai
1632,Mumbai
1633,Mumbai
1634,Mumbai
1635,Bengaluru
1636,Delhi
1637,Bengaluru
1638,Hyderabad
1639,Hyderabad
1640,Hyderabad
1641,Bengaluru
1642,Delhi
1643,Hyderabad
1644,Mumbai
1645,Hyderabad
1646,Pune
1647,Mumbai
1648,Mumbai
1649,Mumbai
1650,Hyderabad
1651,Mumbai
1652,Pune
1653,Bengaluru
1654,Pune
1655,Delhi
1656,Mumbai
1657,Pune
1658,Hyderabad
1659,Delhi
1660,Pune
1661,Mumbai
1662,Hyderabad
1663,Mumbai
1664,Delhi
1665,Pune
1666,Mumbai
1667,Delhi
1668,Hyderabad
1669,Pune
1670,Pune
1671,Delhi
1672,Pune
1673,Hyderabad
1674,Hyderabad
1675,Pune
1676,Mumbai
1677,Mumbai
1678,Hyderabad
1679,Mumbai
1680,Delhi
1681,Bengaluru
1682,Pune
1683,Delhi
1684,Hyderabad
1685,Bengaluru
1686,Hyderabad
1687,Bengaluru
1688,Delhi
1689,Bengaluru
1690,Mumbai
1691,Delhi
1692,Pune
1693,Hyderabad
1694,Mumbai
1695,Pune
1696,Bengaluru
1697,Mumbai
1698,Pune
1699,Delhi
1700,Bengaluru
1701,Pune
1702,Bengaluru
1703,Pune
1704,Hyderabad
1705,Delhi
1706,Mumbai
1707,Pune
1708,Bengaluru
1709,Delhi
1710,Mumbai
1711,Bengaluru
1712,Delhi
1713,Bengaluru
1714,Delhi
1715,Mumbai
1716,Mumbai
1717,Bengaluru
1718,Delhi
1719,Pune
1720,Mumbai
1721,Pune
1722,Pune
1723,Hyderabad
1724,Bengaluru
1725,Bengaluru
1726,Bengaluru
1727,Delhi
1728,Mumbai
1729,Mumbai
1730,Hyderabad
1731,Hyderabad
1732,Hyderabad
1733,Pune
1734,Bengaluru
1735,Delhi
1736,Mumbai
1737,Delhi
1738,Bengaluru
1739,Bengaluru
1740,Mumbai
1741,Pune
1742,Hyderabad
1743,Pune
1744,Bengaluru
1745,Bengaluru
1746,Pune
1747,Hyderabad
1748,Hyderabad
1749,Bengaluru
1750,Hyderabad
1751,Hyderabad
1752,Mumbai
1753,Mumbai
1754,Delhi
1755,Pune
1756,Bengaluru
1757,Hyderabad
1758,Delhi
1759,Mumbai
1760,Hyderabad
1761,Pune
1762,Mumbai
1763,Bengaluru
1764,Hyderabad
1765,Delhi
1766,Bengaluru
1767,Hyderabad
1768,Hyderabad
1769,Hyderabad
1770,Hyderabad
1771,Hyderabad
1772,Bengaluru
1773,Pune
1774,Pune
1775,Bengaluru
1776,Pune
1777,Delhi
1778,Delhi
1779,Bengaluru
1780,Delhi
1781,Bengaluru
1782,Delhi
1783,Mumbai
1784,Bengaluru
1785,Hyderabad
1786,Delhi
1787,Mumbai
1788,Bengaluru
1789,Delhi
1790,Hyderabad
1791,Delhi
1792,Mumbai
1793,Pune
1794,Pune
1795,Mumbai
1796,Mumbai
1797,Bengaluru
1798,Pune
1799,Bengaluru
1800,Delhi
1801,Mumbai
1802,Bengaluru
1803,Mumbai
1804,Bengaluru
1805,Delhi
1806,Delhi
1807,Hyderabad
1808,Pune
1809,Hyderabad
1810,Pune
1811,Delhi
1812,Bengaluru
1813,Mumbai
1814,Delhi
1815,Delhi
1816,Bengaluru
1817,Delhi
1818,Delhi
1819,Bengaluru
1820,Delhi
1821,Pune
1822,Pune
1823,Pune
1824,Pune
1825,Delhi
1826,Mumbai
1827,Pune
1828,Pune
1829,Delhi
1830,Hyderabad
1831,Delhi
1832,Bengaluru
1833,Pune
1834,Bengaluru
1835,Pune
1836,Hyderabad
1837,Mumbai
1838,Hyderabad
1839,Delhi
1840,Delhi
1841,Bengaluru
1842,Bengaluru
1843,Delhi
1844,Delhi
1845,Delhi
1846,Pune
1847,Hyderabad
1848,Pune
1849,Mumbai
1850,Pune
1851,Delhi
1852,Pune
1853,Bengaluru
1854,Delhi
1855,Hyderabad
1856,Pune
1857,Delhi
1858,Bengaluru
1859,Bengaluru
1860,Pune
1861,Delhi
1862,Hyderabad
1863,Mumbai
1864,Bengaluru
1865,Mumbai
1866,Hyderabad
1867,Pune
1868,Bengaluru
1869,Mumbai
1870,Bengaluru
1871,Mumbai
1872,Delhi
1873,Delhi
1874,Pune
1875,Hyderabad
1876,Bengaluru
1877,Hyderabad
1878,Mumbai
1879,Pune
1880,Delhi
1881,Delhi
1882,Pune
1883,Bengaluru
1884,Hyderabad
1885,Mumbai
1886,Hyderabad
1887,Delhi
1888,Pune
1889,Delhi
1890,Delhi
1891,Mumbai
1892,Bengaluru
1893,Bengaluru
1894,Mumbai
1895,Pune
1896,Hyderabad
1897,Pune
1898,Hyderabad
1899,Bengaluru
1900,Delhi
1901,Delhi
1902,Pune
1903,Mumbai
1904,Hyderabad
1905,Delhi
1906,Pune
1907,Mumbai
1908,Bengaluru
1909,Mumbai
1910,Bengaluru
1911,Pune
1912,Mumbai
1913,Pune
1914,Bengaluru
1915,Delhi
1916,Delhi
1917,Bengaluru
1918,Hyderabad
1919,Hyderabad
1920,Delhi
1921,Delhi
1922,Mumbai
1923,Mumbai
1924,Delhi
1925,Hyderabad
1926,Mumbai
1927,Bengaluru
1928,Mumbai
1929,Mumbai
1930,Mumbai
1931,Pune
1932,Bengaluru
1933,Delhi
1934,Hyderabad
1935,Hyderabad
1936,Delhi
1937,Pune
1938,Hyderabad
1939,Mumbai
1940,Hyderabad
1941,Bengaluru
1942,Bengaluru
1943,Delhi
1944,Pune
1945,Pune
1946,Hyderabad
1947,Pune
1948,Pune
1949,Hyderabad
1950,Bengaluru
1951,Mumbai
1952,Delhi
1953,Bengaluru
1954,Pune
1955,Pune
1956,Hyderabad
1957,Delhi
1958,Mumbai
1959,Hyderabad
1960,Hyderabad
1961,Mumbai
1962,Mumbai
1963,Pune
1964,Hyderabad
1965,Bengaluru
1966,Bengaluru
1967,Hyderabad
1968,Mumbai
1969,Delhi
1970,Mumbai
1971,Mumbai
1972,Delhi
1973,Mumbai
1974,Delhi
1975,Hyderabad
1976,Delhi
1977,Bengaluru
1978,Delhi
1979,Mumbai
1980,Hyderabad
1981,Delhi
1982,Mumbai
1983,Delhi
1984,Hyderabad
1985,Hyderabad
1986,Bengaluru
1987,Hyderabad
1988,Mumbai
1989,Hyderabad
1990,Hyderabad
1991,Mumbai
1992,Mumbai
1993,Hyderabad
1994,Hyderabad
1995,Delhi
1996,Hyderabad
1997,Bengaluru
1998,Bengaluru
1999,Bengaluru
2000,Bengaluru
2001,Hyderabad
2002,Delhi
2003,Mumbai
2004,Hyderabad
2005,Pune
2006,Hyderabad
2007,Bengaluru
2008,Pune
2009,Hyderabad
2010,Delhi
2011,Delhi
2012,Pune
2013,Mumbai
2014,Pune
2015,Delhi
2016,Pune
2017,Bengaluru
2018,Bengaluru
2019,Mumbai
2020,Pune
2021,Pune
2022,Pune
2023,Pune
2024,Mumbai
2025,Delhi
2026,Hyderabad
2027,Mumbai
2028,Delhi
2029,Delhi
2030,Delhi
2031,Pune
2032,Mumbai
2033,Delhi
2034,Hyderabad
2035,Hyderabad
2036,Bengaluru
2037,Delhi
2038,Mumbai
2039,Pune
2040,Bengaluru
2041,Delhi
2042,Pune
2043,Mumbai
2044,Mumbai
2045,Bengaluru
2046,Bengaluru
2047,Delhi
2048,Pune
2049,Hyderabad
2050,Pune
2051,Mumbai
2052,Mumbai
2053,Delhi
2054,Hyderabad
2055,Delhi
2056,Mumbai
2057,Mumbai
2058,Pune
2059,Hyderabad
2060,Pune
2061,Pune
2062,Delhi
2063,Pune
2064,Bengaluru
2065,Bengaluru
2066,Pune
2067,Hyderabad
2068,Pune
2069,Mumbai
2070,Mumbai
2071,Hyderabad
2072,Delhi
2073,Bengaluru
2074,Bengaluru
2075,Delhi
2076,Pune
2077,Hyderabad
2078,Pune
2079,Delhi
2080,Hyderabad
2081,Bengaluru
2082,Bengaluru
2083,Pune
2084,Mumbai
2085,Delhi
2086,Delhi
2087,Pune
2088,Delhi
2089,Bengaluru
2090,Pune
2091,Bengaluru
2092,Hyderabad
2093,Hyderabad
2094,Mumbai
2095,Delhi
2096,Hyderabad
2097,Delhi
2098,Bengaluru
2099,Pune
2100,Hyderabad
2101,Pune
2102,Hyderabad
2103,Delhi
2104,Hyderabad
2105,Hyderabad
2106,Bengaluru
2107,Mumbai
2108,Bengaluru
2109,Pune
2110,Delhi
2111,Delhi
2112,Hyderabad
2113,Delhi
2114,Mumbai
2115,Mumbai
2116,Hyderabad
2117,Hyderabad
2118,Pune
2119,Hyderabad
2120,Bengaluru
2121,Bengaluru
2122,Bengaluru
2123,Mumbai
2124,Delhi
2125,Pune
2126,Hyderabad
2127,Pune
2128,Mumbai
2129,Hyderabad
2130,Hyderabad
2131,Mumbai
2132,Delhi
2133,Hyderabad
2134,Delhi
2135,Mumbai
2136,Pune
2137,Hyderabad
2138,Delhi
2139,Hyderabad
2140,Delhi
2141,Hyderabad
2142,Hyderabad
2143,Hyderabad
2144,Pune
2145,Hyderabad
2146,Delhi
2147,Pune
2148,Bengaluru
2149,Delhi
2150,Delhi
2151,Bengaluru
2152,Pune
2153,Hyderabad
2154,Delhi
2155,Bengaluru
2156,Hyderabad
2157,Pune
2158,Delhi
2159,Hyderabad
2160,Hyderabad
2161,Mumbai
2162,Bengaluru
2163,Hyderabad
2164,Pune
2165,Mumbai
2166,Hyderabad
2167,Hyderabad
2168,Pune
2169,Mumbai
2170,Mumbai
2171,Bengaluru
2172,Hyderabad
2173,Bengaluru
2174,Mumbai
2175,Bengaluru
2176,Pune
2177,Delhi
2178,Pune
2179,Mumbai
2180,Pune
2181,Mumbai
2182,Pune
2183,Hyderabad
2184,Hyderabad
2185,Pune
2186,Bengaluru
2187,Mumbai
2188,Hyderabad
2189,Mumbai
2190,Hyderabad
2191,Delhi
2192,Pune
2193,Hyderabad
2194,Pune
2195,Delhi
2196,Mumbai
2197,Pune
2198,Hyderabad
2199,Delhi
2200,Hyderabad
2201,Delhi
2202,Delhi
2203,Hyderabad
2204,Pune
2205,Mumbai
2206,Mumbai
2207,Delhi
2208,Hyderabad
2209,Delhi
2210,Mumbai
2211,Delhi
2212,Delhi
2213,Mumbai
2214,Pune
2215,Delhi
2216,Pune
2217,Delhi
2218,Hyderabad
2219,Delhi
2220,Delhi
2221,Bengaluru
2222,Hyderabad
2223,Hyderabad
2224,Pune
2225,Pune
2226,Delhi
2227,Mumbai
2228,Delhi
2229,Bengaluru
2230,Delhi
2231,Bengaluru
2232,Delhi
2233,Pune
2234,Delhi
2235,Pune
2236,Mumbai
2237,Mumbai
2238,Hyderabad
2239,Delhi
2240,Hyderabad
2241,Delhi
2242,Mumbai
2243,Bengaluru
2244,Hyderabad
2245,Hyderabad
2246,Mumbai
2247,Mumbai
2248,Bengaluru
2249,Hyderabad
2250,Mumbai
2251,Mumbai
2252,Bengaluru
2253,Bengaluru
2254,Pune
2255,Delhi
2256,Pune
2257,Bengaluru
2258,Mumbai
2259,Bengaluru
2260,Hyderabad
2261,Mumbai
2262,Pune
2263,Pune
2264,Pune
2265,Mumbai
2266,Delhi
2267,Delhi
2268,Delhi
2269,Bengaluru
2270,Bengaluru
2271,Hyderabad
2272,Mumbai
2273,Hyderabad
2274,Bengaluru
2275,Mumbai
2276,Pune
2277,Mumbai
2278,Bengaluru
2279,Pune
2280,Pune
2281,Mumbai
2282,Delhi
2283,Bengaluru
2284,Bengaluru
2285,Delhi
2286,Hyderabad
2287,Hyderabad
2288,Bengaluru
2289,Delhi
2290,Delhi
2291,Pune
2292,Hyderabad
2293,Hyderabad
2294,Pune
2295,Mumbai
2296,Hyderabad
2297,Pune
2298,Delhi
2299,Mumbai
2300,Bengaluru
2301,Delhi
2302,Mumbai
2303,Pune
2304,Delhi
2305,Mumbai
2306,Bengaluru
2307,Delhi
2308,Delhi
2309,Hyderabad
2310,Mumbai
2311,Mumbai
2312,Hyderabad
2313,Pune
2314,Pune
2315,Hyderabad
2316,Delhi
2317,Bengaluru
2318,Pune
2319,Bengaluru
2320,Mumbai
2321,Mumbai
2322,Pune
2323,Delhi
2324,Mumbai
2325,Bengaluru
2326,Delhi
2327,Pune
2328,Mumbai
2329,Pune
2330,Delhi
2331,Delhi
2332,Delhi
2333,Hyderabad
2334,Hyderabad
2335,Bengaluru
2336,Delhi
2337,Delhi
2338,Mumbai
2339,Bengaluru
2340,Bengaluru
2341,Pune
2342,Delhi
2343,Mumbai
2344,Pune
2345,Hyderabad
2346,Delhi
2347,Bengaluru
2348,Delhi
2349,Delhi
2350,Hyderabad
2351,Mumbai
2352,Mumbai
2353,Mumbai
2354,Pune
2355,Mumbai
2356,Pune
2357,Hyderabad
2358,Delhi
2359,Pune
2360,Hyderabad
2361,Pune
2362,Hyderabad
2363,Mumbai
2364,Mumbai
2365,Hyderabad
2366,Bengaluru
2367,Hyderabad
2368,Pune
2369,Hyderabad
2370,Delhi
2371,Bengaluru
2372,Hyderabad
2373,Bengaluru
2374,Bengaluru
2375,Hyderabad
2376,Hyderabad
2377,Mumbai
2378,Hyderabad
2379,Hyderabad
2380,Mumbai
2381,Mumbai
2382,Delhi
2383,Hyderabad
2384,Pune
2385,Bengaluru
2386,Mumbai
2387,Hyderabad
2388,Pune
2389,Bengaluru
2390,Hyderabad
2391,Pune
2392,Bengaluru
2393,Pune
2394,Mumbai
2395,Hyderabad
2396,Pune
2397,Pune
2398,Hyderabad
2399,Bengaluru
2400,Hyderabad
2401,Pune
2402,Delhi
2403,Bengaluru
2404,Pune
2405,Delhi
2406,Bengaluru
2407,Mumbai
2408,Hyderabad
2409,Bengaluru
2410,Bengaluru
2411,Pune
2412,Delhi
2413,Bengaluru
2414,Hyderabad
2415,Bengaluru
2416,Bengaluru
2417,Pune
2418,Bengaluru
2419,Delhi
2420,Pune
2421,Mumbai
2422,Mumbai
2423,Pune
2424,Delhi
2425,Pune
2426,Pune
2427,Pune
2428,Pune
2429,Bengaluru
2430,Hyderabad
2431,Mumbai
2432,Delhi
2433,Bengaluru
2434,Mumbai
2435,Hyderabad
2436,Pune
2437,Hyderabad
2438,Mumbai
2439,Mumbai
2440,Bengaluru
2441,Bengaluru
2442,Delhi
2443,Pune
2444,Hyderabad
2445,Pune
2446,Hyderabad
2447,Pune
2448,Mumbai
2449,Mumbai
2450,Pune
2451,Delhi
2452,Mumbai
2453,Delhi
2454,Mumbai
2455,Bengaluru
2456,Bengaluru
2457,Pune
2458,Hyderabad
2459,Bengaluru
2460,Mumbai
2461,Mumbai
2462,Bengaluru
2463,Bengaluru
2464,Hyderabad
2465,Bengaluru
2466,Pune
2467,Hyderabad
2468,Bengaluru
2469,Mumbai
2470,Bengaluru
2471,Pune
2472,Pune
2473,Mumbai
2474,Hyderabad
2475,Mumbai
2476,Bengaluru
2477,Mumbai
2478,Hyderabad
2479,Delhi
2480,Mumbai
2481,Hyderabad
2482,Delhi
2483,Hyderabad
2484,Hyderabad
2485,Delhi
2486,Mumbai
2487,Delhi
2488,Mumbai
2489,Hyderabad
2490,Mumbai
2491,Pune
2492,Delhi
2493,Delhi
2494,Bengaluru
2495,Hyderabad
2496,Hyderabad
2497,Mumbai
2498,Pune
2499,Hyderabad
2500,Pune
2501,Bengaluru
2502,Delhi
2503,Pune
2504,Hyderabad
2505,Delhi
2506,Pune
2507,Pune
2508,Mumbai
2509,Delhi
2510,Pune
2511,Mumbai
2512,Hyderabad
2513,Pune
2514,Mumbai
2515,Mumbai
2516,Delhi
2517,Mumbai
2518,Pune
2519,Bengaluru
2520,Hyderabad
2521,Pune
2522,Pune
2523,Hyderabad
2524,Hyderabad
2525,Mumbai
2526,Pune
2527,Mumbai
2528,Delhi
2529,Mumbai
2530,Delhi
2531,Bengaluru
2532,Pune
2533,Delhi
2534,Bengaluru
2535,Hyderabad
2536,Mumbai
2537,Bengaluru
2538,Delhi
2539,Pune
2540,Hyderabad
2541,Hyderabad
2542,Bengaluru
2543,Bengaluru
2544,Mumbai
2545,Hyderabad
2546,Hyderabad
2547,Mumbai
2548,Pune
2549,Mumbai
2550,Delhi
2551,Delhi
2552,Bengaluru
2553,Mumbai
2554,Mumbai
2555,Bengaluru
2556,Pune
2557,Mumbai
2558,Hyderabad
2559,Mumbai
2560,Pune
2561,Mumbai
2562,Hyderabad
2563,Delhi
2564,Delhi
2565,Pune
2566,Pune
2567,Hyderabad
2568,Delhi
2569,Delhi
2570,Delhi
2571,Delhi
2572,Hyderabad
2573,Pune
2574,Pune
2575,Bengaluru
2576,Pune
2577,Delhi
2578,Mumbai
2579,Delhi
2580,Delhi
2581,Pune
2582,Bengaluru
2583,Hyderabad
2584,Mumbai
2585,Mumbai
2586,Bengaluru
2587,Delhi
2588,Hyderabad
2589,Hyderabad
2590,Hyderabad
2591,Pune
2592,Delhi
2593,Mumbai
2594,Mumbai
2595,Delhi
2596,Mumbai
2597,Pune
2598,Hyderabad
2599,Mumbai
2600,Pune
2601,Hyderabad
2602,Delhi
2603,Delhi
2604,Pune
2605,Pune
2606,Pune
2607,Mumbai
2608,Delhi
2609,Mumbai
2610,Mumbai
2611,Hyderabad
2612,Pune
2613,Mumbai
2614,Hyderabad
2615,Bengaluru
2616,Hyderabad
2617,Bengaluru
2618,Bengaluru
2619,Bengaluru
2620,Bengaluru
2621,Pune
2622,Mumbai
2623,Mumbai
2624,Bengaluru
2625,Mumbai
2626,Bengaluru
2627,Mumbai
2628,Hyderabad
2629,Pune
2630,Delhi
2631,Bengaluru
2632,Hyderabad
2633,Hyderabad
2634,Pune
2635,Pune
2636,Bengaluru
2637,Bengaluru
2638,Hyderabad
2639,Hyderabad
2640,Pune
2641,Bengaluru
2642,Bengaluru
2643,Hyderabad
2644,Delhi
2645,Hyderabad
2646,Delhi
2647,Bengaluru
2648,Hyderabad
2649,Pune
2650,Mumbai
2651,Bengaluru
2652,Bengaluru
2653,Hyderabad
2654,Mumbai
2655,Mumbai
2656,Mumbai
2657,Hyderabad
2658,Hyderabad
2659,Delhi
2660,Delhi
2661,Delhi
2662,Pune
2663,Bengaluru
2664,Delhi
2665,Pune
2666,Pune
2667,Hyderabad
2668,Mumbai
2669,Mumbai
2670,Delhi
2671,Bengaluru
2672,Bengaluru
2673,Bengaluru
2674,Pune
2675,Pune
2676,Pune
2677,Hyderabad
2678,Pune
2679,Bengaluru
2680,Bengaluru
2681,Mumbai
2682,Bengaluru
2683,Pune
2684,Pune
2685,Delhi
2686,Hyderabad
2687,Bengaluru
2688,Hyderabad
2689,Bengaluru
2690,Mumbai
2691,Mumbai
2692,Hyderabad
2693,Pune
2694,Delhi
2695,Bengaluru
2696,Bengaluru
2697,Delhi
2698,Hyderabad
2699,Hyderabad
2700,Bengaluru
2701,Mumbai
2702,Delhi
2703,Bengaluru
2704,Mumbai
2705,Hyderabad
2706,Mumbai
2707,Pune
2708,Bengaluru
2709,Delhi
2710,Mumbai
2711,Hyderabad
2712,Mumbai
2713,Hyderabad
2714,Pune
2715,Hyderabad
2716,Delhi
2717,Pune
2718,Mumbai
2719,Bengaluru
2720,Hyderabad
2721,Delhi
2722,Bengaluru
2723,Bengaluru
2724,Pune
2725,Mumbai
2726,Bengaluru
2727,Delhi
2728,Hyderabad
2729,Hyderabad
2730,Hyderabad
2731,Pune
2732,Delhi
2733,Bengaluru
2734,Delhi
2735,Pune
2736,Pune
2737,Mumbai
2738,Delhi
2739,Hyderabad
2740,Pune
2741,Pune
2742,Mumbai
2743,Hyderabad
2744,Pune
2745,Bengaluru
2746,Hyderabad
2747,Delhi
2748,Mumbai
2749,Bengaluru
2750,Bengaluru
2751,Delhi
2752,Mumbai
2753,Pune
2754,Mumbai
2755,Pune
2756,Delhi
2757,Delhi
2758,Bengaluru
2759,Bengaluru
2760,Bengaluru
2761,Delhi
2762,Pune
2763,Delhi
2764,Delhi
2765,Bengaluru
2766,Mumbai
2767,Bengaluru
2768,Mumbai
2769,Pune
2770,Pune
2771,Hyderabad
2772,Hyderabad
2773,Hyderabad
2774,Pune
2775,Bengaluru
2776,Bengaluru
2777,Bengaluru
2778,Delhi
2779,Hyderabad
2780,Bengaluru
2781,Hyderabad
2782,Hyderabad
2783,Delhi
2784,Pune
2785,Bengaluru
2786,Delhi
2787,Pune
2788,Pune
2789,Bengaluru
2790,Hyderabad
2791,Mumbai
2792,Hyderabad
2793,Hyderabad
2794,Mumbai
2795,Pune
2796,Mumbai
2797,Mumbai
2798,Delhi
2799,Delhi
2800,Delhi
2801,Pune
2802,Mumbai
2803,Bengaluru
2804,Mumbai
2805,Pune
2806,Delhi
2807,Pune
2808,Delhi
2809,Pune
2810,Bengaluru
2811,Delhi
2812,Delhi
2813,Mumbai
2814,Pune
2815,Hyderabad
2816,Hyderabad
2817,Mumbai
2818,Pune
2819,Bengaluru
2820,Mumbai
2821,Delhi
2822,Bengaluru
2823,Pune
2824,Delhi
2825,Hyderabad
2826,Pune
2827,Delhi
2828,Pune
2829,Delhi
2830,Pune
2831,Hyderabad
2832,Mumbai
2833,Delhi
2834,Delhi
2835,Hyderabad
2836,Mumbai
2837,Pune
2838,Delhi
2839,Mumbai
2840,Pune
2841,Delhi
2842,Delhi
2843,Pune
2844,Hyderabad
2845,Mumbai
2846,Delhi
2847,Pune
2848,Delhi
2849,Pune
2850,Delhi
2851,Bengaluru
2852,Hyderabad
2853,Mumbai
2854,Hyderabad
2855,Hyderabad
2856,Mumbai
2857,Hyderabad
2858,Bengaluru
2859,Pune
2860,Mumbai
2861,Pune
2862,Delhi
2863,Bengaluru
2864,Pune
2865,Pune
2866,Mumbai
2867,Delhi
2868,Mumbai
2869,Delhi
2870,Mumbai
2871,Pune
2872,Pune
2873,Bengaluru
2874,Pune
2875,Hyderabad
2876,Pune
2877,Hyderabad
2878,Pune
2879,Hyderabad
2880,Hyderabad
2881,Pune
2882,Hyderabad
2883,Bengaluru
2884,Delhi
2885,Hyderabad
2886,Hyderabad
2887,Bengaluru
2888,Bengaluru
2889,Mumbai
2890,Delhi
2891,Mumbai
2892,Hyderabad
2893,Bengaluru
2894,Hyderabad
2895,Pune
2896,Delhi
2897,Pune
2898,Bengaluru
2899,Bengaluru
2900,Bengaluru
2901,Delhi
2902,Mumbai
2903,Hyderabad
2904,Hyderabad
2905,Hyderabad
2906,Hyderabad
2907,Hyderabad
2908,Mumbai
2909,Pune
2910,Delhi
2911,Pune
2912,Pune
2913,Hyderabad
2914,Hyderabad
2915,Mumbai
2916,Delhi
2917,Bengaluru
2918,Pune
2919,Bengaluru
2920,Delhi
2921,Pune
2922,Bengaluru
2923,Bengaluru
2924,Mumbai
2925,Delhi
2926,Delhi
2927,Delhi
2928,Pune
2929,Mumbai
2930,Hyderabad
2931,Pune
2932,Delhi
2933,Pune
2934,Bengaluru
2935,Pune
2936,Pune
2937,Delhi
2938,Bengaluru
2939,Delhi
2940,Bengaluru
2941,Bengaluru
2942,Bengaluru
2943,Delhi
2944,Bengaluru
2945,Mumbai
2946,Mumbai
2947,Hyderabad
2948,Mumbai
2949,Hyderabad
2950,Mumbai
2951,Delhi
2952,Hyderabad
2953,Pune
2954,Pune
2955,Mumbai
2956,Pune
2957,Mumbai
2958,Mumbai
2959,Pune
2960,Pune
2961,Bengaluru
2962,Hyderabad
2963,Mumbai
2964,Pune
2965,Hyderabad
2966,Pune
2967,Pune
2968,Bengaluru
2969,Mumbai
2970,Mumbai
2971,Delhi
2972,Bengaluru
2973,Hyderabad
2974,Bengaluru
2975,Hyderabad
2976,Mumbai
2977,Delhi
2978,Delhi
2979,Mumbai
2980,Pune
2981,Bengaluru
2982,Delhi
2983,Pune
2984,Hyderabad
2985,Delhi
2986,Hyderabad
2987,Pune
2988,Hyderabad
2989,Pune
2990,Hyderabad
2991,Bengaluru
2992,Delhi
2993,Delhi
2994,Pune
2995,Hyderabad
2996,Mumbai
2997,Delhi
2998,Hyderabad
2999,Hyderabad
3000,Bengaluru
3001,Mumbai
3002,Delhi
3003,Bengaluru
3004,Mumbai
3005,Delhi
3006,Bengaluru
3007,Mumbai
3008,Delhi
3009,Mumbai
3010,Hyderabad
3011,Pune
3012,Pune
3013,Hyderabad
3014,Mumbai
3015,Hyderabad
3016,Pune
3017,Pune
3018,Mumbai
3019,Pune
3020,Hyderabad
3021,Mumbai
3022,Hyderabad
3023,Mumbai
3024,Pune
3025,Delhi
3026,Mumbai
3027,Mumbai
3028,Delhi
3029,Pune
3030,Hyderabad
3031,Bengaluru
3032,Delhi
3033,Bengaluru
3034,Pune
3035,Mumbai
3036,Mumbai
3037,Pune
3038,Hyderabad
3039,Hyderabad
3040,Pune
3041,Pune
3042,Pune
3043,Pune
3044,Pune
3045,Pune
3046,Mumbai
3047,Bengaluru
3048,Hyderabad
3049,Bengaluru
3050,Mumbai
3051,Delhi
3052,Bengaluru
3053,Delhi
3054,Mumbai
3055,Hyderabad
3056,Delhi
3057,Mumbai
3058,Pune
3059,Hyderabad
3060,Pune
3061,Hyderabad
3062,Hyderabad
3063,Bengaluru
3064,Hyderabad
3065,Bengaluru
3066,Delhi
3067,Hyderabad
3068,Delhi
3069,Hyderabad
3070,Bengaluru
3071,Pune
3072,Hyderabad
3073,Mumbai
3074,Pune
3075,Bengaluru
3076,Mumbai
3077,Delhi
3078,Bengaluru
3079,Pune
3080,Delhi
3081,Delhi
3082,Bengaluru
3083,Pune
3084,Bengaluru
3085,Mumbai
3086,Mumbai
3087,Hyderabad
3088,Delhi
3089,Hyderabad
3090,Pune
3091,Mumbai
3092,Hyderabad
3093,Mumbai
3094,Mumbai
3095,Mumbai
3096,Bengaluru
3097,Hyderabad
3098,Delhi
3099,Hyderabad
3100,Delhi
3101,Hyderabad
3102,Hyderabad
3103,Mumbai
3104,Delhi
3105,Delhi
3106,Delhi
3107,Hyderabad
3108,Delhi
3109,Hyderabad
3110,Bengaluru
3111,Mumbai
3112,Pune
3113,Bengaluru
3114,Delhi
3115,Mumbai
3116,Mumbai
3117,Mumbai
3118,Mumbai
3119,Delhi
3120,Mumbai
3121,Pune
3122,Pune
3123,Mumbai
3124,Hyderabad
3125,Delhi
3126,Pune
3127,Pune
3128,Pune
3129,Bengaluru
3130,Bengaluru
3131,Pune
3132,Hyderabad
3133,Delhi
3134,Delhi
3135,Pune
3136,Pune
3137,Delhi
3138,Hyderabad
3139,Bengaluru
3140,Bengaluru
3141,Pune
3142,Delhi
3143,Bengaluru
3144,Hyderabad
3145,Pune
3146,Mumbai
3147,Pune
3148,Mumbai
3149,Pune
3150,Delhi
3151,Delhi
3152,Delhi
3153,Delhi
3154,Hyderabad
3155,Hyderabad
3156,Mumbai
3157,Hyderabad
3158,Pune
3159,Delhi
3160,Bengaluru
3161,Bengaluru
3162,Bengaluru
3163,Pune
3164,Bengaluru
3165,Bengaluru
3166,Mumbai
3167,Pune
3168,Pune
3169,Bengaluru
3170,Pune
3171,Mumbai
3172,Mumbai
3173,Delhi
3174,Mumbai
3175,Delhi
3176,Bengaluru
3177,Delhi
3178,Delhi
3179,Bengaluru
3180,Delhi
3181,Mumbai
3182,Bengaluru
3183,Pune
3184,Delhi
3185,Mumbai
3186,Pune
3187,Bengaluru
3188,Bengaluru
3189,Bengaluru
3190,Mumbai
3191,Pune
3192,Bengaluru
3193,Mumbai
3194,Hyderabad
3195,Mumbai
3196,Hyderabad
3197,Pune
3198,Bengaluru
3199,Bengaluru
3200,Delhi
3201,Bengaluru
3202,Pune
3203,Mumbai
3204,Pune
3205,Bengaluru
3206,Mumbai
3207,Pune
3208,Bengaluru
3209,Bengaluru
3210,Bengaluru
3211,Delhi
3212,Delhi
3213,Delhi
3214,Mumbai
3215,Pune
3216,Mumbai
3217,Mumbai
3218,Bengaluru
3219,Hyderabad
3220,Hyderabad
3221,Bengaluru
3222,Hyderabad
3223,Mumbai
3224,Pune
3225,Delhi
3226,Mumbai
3227,Mumbai
3228,Pune
3229,Hyderabad
3230,Pune
3231,Mumbai
3232,Bengaluru
3233,Bengaluru
3234,Mumbai
3235,Bengaluru
3236,Hyderabad
3237,Pune
3238,Delhi
3239,Pune
3240,Delhi
3241,Mumbai
3242,Mumbai
3243,Delhi
3244,Bengaluru
3245,Mumbai
3246,Hyderabad
3247,Hyderabad
3248,Hyderabad
3249,Hyderabad
3250,Delhi
3251,Bengaluru
3252,Delhi
3253,Mumbai
3254,Hyderabad
3255,Hyderabad
3256,Hyderabad
3257,Mumbai
3258,Pune
3259,Delhi
3260,Bengaluru
3261,Mumbai
3262,Pune
3263,Pune
3264,Bengaluru
3265,Mumbai
3266,Pune
3267,Hyderabad
3268,Bengaluru
3269,Hyderabad
3270,Bengaluru
3271,Delhi
3272,Delhi
3273,Mumbai
3274,Pune
3275,Hyderabad
3276,Pune
3277,Delhi
3278,Hyderabad
3279,Mumbai
3280,Pune
3281,Bengaluru
3282,Bengaluru
3283,Hyderabad
3284,Bengaluru
3285,Bengaluru
3286,Delhi
3287,Mumbai
3288,Bengaluru
3289,Bengaluru
3290,Pune
3291,Hyderabad
3292,Delhi
3293,Hyderabad
3294,Pune
3295,Pune
3296,Pune
3297,Bengaluru
3298,Hyderabad
3299,Hyderabad
3300,Hyderabad
3301,Mumbai
3302,Delhi
3303,Bengaluru
3304,Delhi
3305,Bengaluru
3306,Hyderabad
3307,Mumbai
3308,Mumbai
3309,Hyderabad
3310,Delhi
3311,Pune
3312,Hyderabad
3313,Bengaluru
3314,Delhi
3315,Pune
3316,Mumbai
3317,Bengaluru
3318,Mumbai
3319,Bengaluru
3320,Pune
3321,Bengaluru
3322,Pune
3323,Hyderabad
3324,Hyderabad
3325,Bengaluru
3326,Delhi
3327,Mumbai
3328,Bengaluru
3329,Bengaluru
3330,Mumbai
3331,Bengaluru
3332,Mumbai
3333,Pune
3334,Delhi
3335,Hyderabad
3336,Hyderabad
3337,Delhi
3338,Mumbai
3339,Delhi
3340,Mumbai
3341,Delhi
3342,Bengaluru
3343,Bengaluru
3344,Delhi
3345,Pune
3346,Delhi
3347,Hyderabad
3348,Bengaluru
3349,Delhi
3350,Hyderabad
3351,Bengaluru
3352,Pune
3353,Pune
3354,Hyderabad
3355,Delhi
3356,Bengaluru
3357,Pune
3358,Hyderabad
3359,Mumbai
3360,Delhi
3361,Mumbai
3362,Delhi
3363,Bengaluru
3364,Hyderabad
3365,Bengaluru
3366,Mumbai
3367,Hyderabad
3368,Bengaluru
3369,Bengaluru
3370,Bengaluru
3371,Mumbai
3372,Bengaluru
3373,Pune
3374,Delhi
3375,Pune
3376,Mumbai
3377,Mumbai
3378,Bengaluru
3379,Hyderabad
3380,Pune
3381,Mumbai
3382,Delhi
3383,Mumbai
3384,Pune
3385,Delhi
3386,Delhi
3387,Bengaluru
3388,Hyderabad
3389,Delhi
3390,Bengaluru
3391,Hyderabad
3392,Bengaluru
3393,Mumbai
3394,Mumbai
3395,Hyderabad
3396,Bengaluru
3397,Pune
3398,Bengaluru
3399,Pune
3400,Delhi
3401,Delhi
3402,Delhi
3403,Bengaluru
3404,Hyderabad
3405,Pune
3406,Bengaluru
3407,Delhi
3408,Mumbai
3409,Delhi
3410,Hyderabad
3411,Delhi
3412,Hyderabad
3413,Mumbai
3414,Pune
3415,Delhi
3416,Hyderabad
3417,Pune
3418,Mumbai
3419,Hyderabad
3420,Mumbai
3421,Mumbai
3422,Bengaluru
3423,Pune
3424,Bengaluru
3425,Mumbai
3426,Hyderabad
3427,Delhi
3428,Bengaluru
3429,Delhi
3430,Bengaluru
3431,Pune
3432,Delhi
3433,Bengaluru
3434,Mumbai
3435,Hyderabad
3436,Mumbai
3437,Pune
3438,Pune
3439,Bengaluru
3440,Mumbai
3441,Delhi
3442,Bengaluru
3443,Bengaluru
3444,Mumbai
3445,Hyderabad
3446,Pune
3447,Delhi
3448,Pune
3449,Bengaluru
3450,Hyderabad
3451,Bengaluru
3452,Hyderabad
3453,Mumbai
3454,Pune
3455,Bengaluru
3456,Hyderabad
3457,Hyderabad
3458,Bengaluru
3459,Pune
3460,Mumbai
3461,Mumbai
3462,Delhi
3463,Delhi
3464,Delhi
3465,Pune
3466,Delhi
3467,Delhi
3468,Pune
3469,Delhi
3470,Mumbai
3471,Bengaluru
3472,Mumbai
3473,Mumbai
3474,Hyderabad
3475,Bengaluru
3476,Mumbai
3477,Bengaluru
3478,Mumbai
3479,Pune
3480,Pune
3481,Delhi
3482,Pune
3483,Bengaluru
3484,Hyderabad
3485,Delhi
3486,Mumbai
3487,Pune
3488,Delhi
3489,Pune
3490,Delhi
3491,Bengaluru
3492,Bengaluru
3493,Mumbai
3494,Delhi
3495,Hyderabad
3496,Bengaluru
3497,Mumbai
3498,Delhi
3499,Mumbai
3500,Bengaluru
3501,Mumbai
3502,Delhi
3503,Pune
3504,Hyderabad
3505,Bengaluru
3506,Delhi
3507,Delhi
3508,Mumbai
3509,Bengaluru
3510,Pune
3511,Pune
3512,Hyderabad
3513,Hyderabad
3514,Mumbai
3515,Bengaluru
3516,Pune
3517,Bengaluru
3518,Mumbai
3519,Bengaluru
3520,Bengaluru
3521,Bengaluru
3522,Mumbai
3523,Mumbai
3524,Mumbai
3525,Pune
3526,Delhi
3527,Bengaluru
3528,Hyderabad
3529,Hyderabad
3530,Delhi
3531,Bengaluru
3532,Bengaluru
3533,Bengaluru
3534,Mumbai
3535,Pune
3536,Mumbai
3537,Bengaluru
3538,Delhi
3539,Bengaluru
3540,Bengaluru
3541,Pune
3542,Bengaluru
3543,Mumbai
3544,Hyderabad
3545,Pune
3546,Pune
3547,Pune
3548,Bengaluru
3549,Pune
3550,Pune
3551,Mumbai
3552,Delhi
3553,Mumbai
3554,Mumbai
3555,Delhi
3556,Delhi
3557,Pune
3558,Mumbai
3559,Bengaluru
3560,Hyderabad
3561,Hyderabad
3562,Hyderabad
3563,Mumbai
3564,Delhi
3565,Pune
3566,Pune
3567,Hyderabad
3568,Pune
3569,Bengaluru
3570,Bengaluru
3571,Delhi
3572,Pune
3573,Mumbai
3574,Pune
3575,Mumbai
3576,Hyderabad
3577,Mumbai
3578,Hyderabad
3579,Bengaluru
3580,Pune
3581,Delhi
3582,Pune
3583,Hyderabad
3584,Pune
3585,Delhi
3586,Hyderabad
3587,Hyderabad
3588,Delhi
3589,Pune
3590,Delhi
3591,Mumbai
3592,Bengaluru
3593,Delhi
3594,Hyderabad
3595,Mumbai
3596,Bengaluru
3597,Delhi
3598,Bengaluru
3599,Pune
3600,Hyderabad
3601,Delhi
3602,Hyderabad
3603,Mumbai
3604,Mumbai
3605,Bengaluru
3606,Mumbai
3607,Mumbai
3608,Delhi
3609,Hyderabad
3610,Bengaluru
3611,Mumbai
3612,Hyderabad
3613,Pune
3614,Delhi
3615,Mumbai
3616,Mumbai
3617,Mumbai
3618,Hyderabad
3619,Delhi
3620,Delhi
3621,Hyderabad
3622,Bengaluru
3623,Delhi
3624,Hyderabad
3625,Hyderabad
3626,Mumbai
3627,Hyderabad
3628,Mumbai
3629,Pune
3630,Hyderabad
3631,Delhi
3632,Mumbai
3633,Pune
3634,Bengaluru
3635,Bengaluru
3636,Bengaluru
3637,Mumbai
3638,Hyderabad
3639,Mumbai
3640,Bengaluru
3641,Hyderabad
3642,Pune
3643,Bengaluru
3644,Delhi
3645,Hyderabad
3646,Mumbai
3647,Mumbai
3648,Delhi
3649,Mumbai
3650,Delhi
3651,Bengaluru
3652,Bengaluru
3653,Mumbai
3654,Hyderabad
3655,Mumbai
3656,Bengaluru
3657,Hyderabad
3658,Delhi
3659,Bengaluru
3660,Delhi
3661,Pune
3662,Hyderabad
3663,Bengaluru
3664,Delhi
3665,Delhi
3666,Delhi
3667,Mumbai
3668,Mumbai
3669,Pune
3670,Pune
3671,Delhi
3672,Mumbai
3673,Hyderabad
3674,Hyderabad
3675,Delhi
3676,Mumbai
3677,Hyderabad
3678,Mumbai
3679,Pune
3680,Delhi
3681,Delhi
3682,Mumbai
3683,Mumbai
3684,Bengaluru
3685,Hyderabad
3686,Pune
3687,Hyderabad
3688,Bengaluru
3689,Mumbai
3690,Hyderabad
3691,Delhi
3692,Hyderabad
3693,Mumbai
3694,Hyderabad
3695,Bengaluru
3696,Pune
3697,Mumbai
3698,Delhi
3699,Bengaluru
3700,Mumbai
3701,Delhi
3702,Delhi
3703,Mumbai
3704,Bengaluru
3705,Delhi
3706,Pune
3707,Bengaluru
3708,Delhi
3709,Mumbai
3710,Mumbai
3711,Bengaluru
3712,Delhi
3713,Delhi
3714,Bengaluru
3715,Bengaluru
3716,Bengaluru
3717,Pune
3718,Pune
3719,Pune
3720,Mumbai
3721,Pune
3722,Pune
3723,Pune
3724,Delhi
3725,Hyderabad
3726,Pune
3727,Bengaluru
3728,Pune
3729,Hyderabad
3730,Mumbai
3731,Mumbai
3732,Pune
3733,Bengaluru
3734,Bengaluru
3735,Delhi
3736,Bengaluru
3737,Delhi
3738,Delhi
3739,Bengaluru
3740,Bengaluru
3741,Delhi
3742,Mumbai
3743,Pune
3744,Mumbai
3745,Bengaluru
3746,Hyderabad
3747,Bengaluru
3748,Delhi
3749,Hyderabad
3750,Hyderabad
3751,Pune
3752,Bengaluru
3753,Pune
3754,Mumbai
3755,Hyderabad
3756,Pune
3757,Mumbai
3758,Bengaluru
3759,Bengaluru
3760,Delhi
3761,Mumbai
3762,Mumbai
3763,Pune
3764,Hyderabad
3765,Hyderabad
3766,Delhi
3767,Delhi
3768,Delhi
3769,Mumbai
3770,Bengaluru
3771,Bengaluru
3772,Pune
3773,Hyderabad
3774,Hyderabad
3775,Pune
3776,Mumbai
3777,Bengaluru
3778,Delhi
3779,Bengaluru
3780,Pune
3781,Bengaluru
3782,Delhi
3783,Hyderabad
3784,Pune
3785,Mumbai
3786,Bengaluru
3787,Bengaluru
3788,Mumbai
3789,Mumbai
3790,Delhi
3791,Bengaluru
3792,Pune
3793,Bengaluru
3794,Delhi
3795,Pune
3796,Pune
3797,Pune
3798,Delhi
3799,Bengaluru
3800,Hyderabad
3801,Pune
3802,Mumbai
3803,Delhi
3804,Pune
3805,Delhi
3806,Mumbai
3807,Pune
3808,Bengaluru
3809,Delhi
3810,Pune
3811,Pune
3812,Delhi
3813,Mumbai
3814,Delhi
3815,Hyderabad
3816,Bengaluru
3817,Mumbai
3818,Bengaluru
3819,Bengaluru
3820,Delhi
3821,Hyderabad
3822,Pune
3823,Hyderabad
3824,Mumbai
3825,Hyderabad
3826,Bengaluru
3827,Pune
3828,Hyderabad
3829,Pune
3830,Hyderabad
3831,Pune
3832,Hyderabad
3833,Mumbai
3834,Pune
3835,Delhi
3836,Bengaluru
3837,Pune
3838,Bengaluru
3839,Hyderabad
3840,Hyderabad
3841,Hyderabad
3842,Hyderabad
3843,Hyderabad
3844,Mumbai
3845,Bengaluru
3846,Pune
3847,Mumbai
3848,Mumbai
3849,Mumbai
3850,Mumbai
3851,Mumbai
3852,Bengaluru
3853,Pune
3854,Bengaluru
3855,Pune
3856,Mumbai
3857,Mumbai
3858,Hyderabad
3859,Delhi
3860,Delhi
3861,Bengaluru
3862,Bengaluru
3863,Pune
3864,Hyderabad
3865,Pune
3866,Hyderabad
3867,Delhi
3868,Delhi
3869,Hyderabad
3870,Pune
3871,Bengaluru
3872,Hyderabad
3873,Hyderabad
3874,Hyderabad
3875,Pune
3876,Bengaluru
3877,Pune
3878,Mumbai
3879,Mumbai
3880,Hyderabad
3881,Hyderabad
3882,Hyderabad
3883,Bengaluru
3884,Bengaluru
3885,Hyderabad
3886,Bengaluru
3887,Delhi
3888,Hyderabad
3889,Delhi
3890,Pune
3891,Delhi
3892,Pune
3893,Pune
3894,Hyderabad
3895,Hyderabad
3896,Pune
3897,Bengaluru
3898,Mumbai
3899,Delhi
3900,Pune
3901,Mumbai
3902,Hyderabad
3903,Hyderabad
3904,Pune
3905,Bengaluru
3906,Pune
3907,Delhi
3908,Mumbai
3909,Bengaluru
3910,Pune
3911,Delhi
3912,Delhi
3913,Bengaluru
3914,Delhi
3915,Delhi
3916,Delhi
3917,Delhi
3918,Pune
3919,Bengaluru
3920,Mumbai
3921,Mumbai
3922,Delhi
3923,Pune
3924,Delhi
3925,Delhi
3926,Pune
3927,Hyderabad
3928,Bengaluru
3929,Mumbai
3930,Pune
3931,Mumbai
3932,Pune
3933,Pune
3934,Hyderabad
3935,Delhi
3936,Bengaluru
3937,Hyderabad
3938,Mumbai
3939,Bengaluru
3940,Delhi
3941,Hyderabad
3942,Pune
3943,Mumbai
3944,Hyderabad
3945,Hyderabad
3946,Bengaluru
3947,Mumbai
3948,Mumbai
3949,Mumbai
3950,Bengaluru
3951,Mumbai
3952,Bengaluru
3953,Pune
3954,Bengaluru
3955,Delhi
3956,Mumbai
3957,Delhi
3958,Delhi
3959,Pune
3960,Hyderabad
3961,Pune
3962,Bengaluru
3963,Bengaluru
3964,Mumbai
3965,Delhi
3966,Pune
3967,Hyderabad
3968,Pune
3969,Mumbai
3970,Pune
3971,Hyderabad
3972,Hyderabad
3973,Delhi
3974,Delhi
3975,Mumbai
3976,Delhi
3977,Bengaluru
3978,Delhi
3979,Bengaluru
3980,Pune
3981,Bengaluru
3982,Mumbai
3983,Hyderabad
3984,Mumbai
3985,Mumbai
3986,Mumbai
3987,Mumbai
3988,Delhi
3989,Pune
3990,Hyderabad
3991,Bengaluru
3992,Bengaluru
3993,Pune
3994,Mumbai
3995,Mumbai
3996,Hyderabad
3997,Bengaluru
3998,Mumbai
3999,Delhi
4000,Hyderabad
4001,Delhi
4002,Delhi
4003,Pune
4004,Pune
4005,Delhi
4006,Pune
4007,Delhi
4008,Mumbai
4009,Pune
4010,Delhi
4011,Hyderabad
4012,Hyderabad
4013,Pune
4014,Hyderabad
4015,Bengaluru
4016,Bengaluru
4017,Hyderabad
4018,Delhi
4019,Hyderabad
4020,Hyderabad
4021,Hyderabad
4022,Delhi
4023,Delhi
4024,Bengaluru
4025,Pune
4026,Bengaluru
4027,Delhi
4028,Delhi
4029,Delhi
4030,Delhi
4031,Delhi
4032,Delhi
4033,Mumbai
4034,Mumbai
4035,Hyderabad
4036,Mumbai
4037,Bengaluru
4038,Hyderabad
4039,Pune
4040,Delhi
4041,Mumbai
4042,Bengaluru
4043,Pune
4044,Delhi
4045,Delhi
4046,Pune
4047,Pune
4048,Pune
4049,Bengaluru
4050,Hyderabad
4051,Hyderabad
4052,Mumbai
4053,Delhi
4054,Mumbai
4055,Hyderabad
4056,Pune
4057,Delhi
4058,Hyderabad
4059,Delhi
4060,Mumbai
4061,Hyderabad
4062,Mumbai
4063,Delhi
4064,Bengaluru
4065,Pune
4066,Mumbai
4067,Delhi
4068,Hyderabad
4069,Mumbai
4070,Delhi
4071,Bengaluru
4072,Mumbai
4073,Delhi
4074,Mumbai
4075,Delhi
4076,Pune
4077,Delhi
4078,Delhi
4079,Delhi
4080,Hyderabad
4081,Delhi
4082,Pune
4083,Bengaluru
4084,Pune
4085,Bengaluru
4086,Hyderabad
4087,Hyderabad
4088,Hyderabad
4089,Bengaluru
4090,Pune
4091,Mumbai
4092,Hyderabad
4093,Bengaluru
4094,Pune
4095,Hyderabad
4096,Delhi
4097,Pune
4098,Bengaluru
4099,Mumbai
4100,Mumbai
4101,Mumbai
4102,Delhi
4103,Pune
4104,Hyderabad
4105,Pune
4106,Mumbai
4107,Delhi
4108,Mumbai
4109,Bengaluru
4110,Pune
4111,Delhi
4112,Mumbai
4113,Delhi
4114,Bengaluru
4115,Bengaluru
4116,Pune
4117,Delhi
4118,Mumbai
4119,Mumbai
4120,Hyderabad
4121,Mumbai
4122,Pune
4123,Bengaluru
4124,Mumbai
4125,Hyderabad
4126,Pune
4127,Pune
4128,Pune
4129,Pune
4130,Pune
4131,Pune
4132,Bengaluru
4133,Bengaluru
4134,Hyderabad
4135,Mumbai
4136,Delhi
4137,Bengaluru
4138,Delhi
4139,Hyderabad
4140,Mumbai
4141,Bengaluru
4142,Bengaluru
4143,Mumbai
4144,Mumbai
4145,Delhi
4146,Delhi
4147,Mumbai
4148,Bengaluru
4149,Pune
4150,Hyderabad
4151,Hyderabad
4152,Delhi
4153,Mumbai
4154,Bengaluru
4155,Bengaluru
4156,Delhi
4157,Delhi
4158,Pune
4159,Hyderabad
4160,Hyderabad
4161,Hyderabad
4162,Delhi
4163,Pune
4164,Mumbai
4165,Delhi
4166,Pune
4167,Delhi
4168,Mumbai
4169,Mumbai
4170,Pune
4171,Bengaluru
4172,Mumbai
4173,Mumbai
4174,Mumbai
4175,Mumbai
4176,Bengaluru
4177,Hyderabad
4178,Hyderabad
4179,Mumbai
4180,Bengaluru
4181,Delhi
4182,Bengaluru
4183,Pune
4184,Delhi
4185,Hyderabad
4186,Hyderabad
4187,Bengaluru
4188,Hyderabad
4189,Bengaluru
4190,Bengaluru
4191,Bengaluru
4192,Bengaluru
4193,Bengaluru
4194,Pune
4195,Pune
4196,Pune
4197,Bengaluru
4198,Hyderabad
4199,Delhi
4200,Pune
4201,Mumbai
4202,Mumbai
4203,Bengaluru
4204,Delhi
4205,Pune
4206,Bengaluru
4207,Hyderabad
4208,Delhi
4209,Hyderabad
4210,Hyderabad
4211,Mumbai
4212,Pune
4213,Bengaluru
4214,Hyderabad
4215,Hyderabad
4216,Bengaluru
4217,Delhi
4218,Bengaluru
4219,Bengaluru
4220,Pune
4221,Mumbai
4222,Hyderabad
4223,Mumbai
4224,Delhi
4225,Hyderabad
4226,Mumbai
4227,Delhi
4228,Pune
4229,Delhi
4230,Mumbai
4231,Bengaluru
4232,Hyderabad
4233,Pune
4234,Mumbai
4235,Pune
4236,Delhi
4237,Mumbai
4238,Bengaluru
4239,Bengaluru
4240,Bengaluru
4241,Bengaluru
4242,Hyderabad
4243,Pune
4244,Mumbai
4245,Bengaluru
4246,Hyderabad
4247,Bengaluru
4248,Bengaluru
4249,Delhi
4250,Mumbai
4251,Pune
4252,Delhi
4253,Delhi
4254,Pune
4255,Bengaluru
4256,Bengaluru
4257,Mumbai
4258,Bengaluru
4259,Delhi
4260,Delhi
4261,Delhi
4262,Pune
4263,Bengaluru
4264,Bengaluru
4265,Bengaluru
4266,Bengaluru
4267,Mumbai
4268,Mumbai
4269,Delhi
4270,Delhi
4271,Pune
4272,Hyderabad
4273,Delhi
4274,Bengaluru
4275,Delhi
4276,Delhi
4277,Mumbai
4278,Bengaluru
4279,Pune
4280,Pune
4281,Pune
4282,Delhi
4283,Pune
4284,Pune
4285,Pune
4286,Mumbai
4287,Bengaluru
4288,Mumbai
4289,Bengaluru
4290,Mumbai
4291,Bengaluru
4292,Pune
4293,Hyderabad
4294,Pune
4295,Hyderabad
4296,Pune
4297,Mumbai
4298,Hyderabad
4299,Pune
4300,Delhi
4301,Hyderabad
4302,Bengaluru
4303,Mumbai
4304,Pune
4305,Pune
4306,Bengaluru
4307,Pune
4308,Pune
4309,Bengaluru
4310,Bengaluru
4311,Delhi
4312,Delhi
4313,Bengaluru
4314,Hyderabad
4315,Hyderabad
4316,Hyderabad
4317,Mumbai
4318,Delhi
4319,Hyderabad
4320,Hyderabad
4321,Hyderabad
4322,Bengaluru
4323,Pune
4324,Mumbai
4325,Pune
4326,Delhi
4327,Pune
4328,Mumbai
4329,Hyderabad
4330,Hyderabad
4331,Bengaluru
4332,Bengaluru
4333,Mumbai
4334,Hyderabad
4335,Pune
4336,Pune
4337,Mumbai
4338,Bengaluru
4339,Pune
4340,Delhi
4341,Mumbai
4342,Delhi
4343,Delhi
4344,Bengaluru
4345,Hyderabad
4346,Mumbai
4347,Hyderabad
4348,Pune
4349,Pune
4350,Mumbai
4351,Bengaluru
4352,Pune
4353,Pune
4354,Hyderabad
4355,Pune
4356,Bengaluru
4357,Pune
4358,Pune
4359,Delhi
4360,Bengaluru
4361,Pune
4362,Bengaluru
4363,Bengaluru
4364,Pune
4365,Pune
4366,Bengaluru
4367,Hyderabad
4368,Hyderabad
4369,Bengaluru
4370,Bengaluru
4371,Hyderabad
4372,Hyderabad
4373,Delhi
4374,Hyderabad
4375,Hyderabad
4376,Mumbai
4377,Pune
4378,Delhi
4379,Delhi
4380,Bengaluru
4381,Mumbai
4382,Pune
4383,Delhi
4384,Hyderabad
4385,Hyderabad
4386,Hyderabad
4387,Pune
4388,Delhi
4389,Pune
4390,Bengaluru
4391,Bengaluru
4392,Mumbai
4393,Bengaluru
4394,Delhi
4395,Delhi
4396,Delhi
4397,Hyderabad
4398,Hyderabad
4399,Delhi
4400,Bengaluru
4401,Bengaluru
4402,Mumbai
4403,Pune
4404,Mumbai
4405,Pune
4406,Bengaluru
4407,Delhi
4408,Hyderabad
4409,Mumbai
4410,Mumbai
4411,Bengaluru
4412,Pune
4413,Mumbai
4414,Pune
4415,Mumbai
4416,Delhi
4417,Bengaluru
4418,Pune
4419,Bengaluru
4420,Hyderabad
4421,Bengaluru
4422,Pune
4423,Pune
4424,Hyderabad
4425,Hyderabad
4426,Mumbai
4427,Pune
4428,Bengaluru
4429,Hyderabad
4430,Bengaluru
4431,Hyderabad
4432,Pune
4433,Hyderabad
4434,Pune
4435,Hyderabad
4436,Mumbai
4437,Hyderabad
4438,Mumbai
4439,Mumbai
4440,Bengaluru
4441,Pune
4442,Hyderabad
4443,Hyderabad
4444,Delhi
4445,Hyderabad
4446,Pune
4447,Pune
4448,Hyderabad
4449,Mumbai
4450,Delhi
4451,Pune
4452,Delhi
4453,Delhi
4454,Pune
4455,Mumbai
4456,Mumbai
4457,Pune
4458,Hyderabad
4459,Hyderabad
4460,Delhi
4461,Hyderabad
4462,Delhi
4463,Hyderabad
4464,Mumbai
4465,Mumbai
4466,Mumbai
4467,Hyderabad
4468,Delhi
4469,Delhi
4470,Mumbai
4471,Mumbai
4472,Hyderabad
4473,Hyderabad
4474,Delhi
4475,Bengaluru
4476,Delhi
4477,Hyderabad
4478,Pune
4479,Hyderabad
4480,Hyderabad
4481,Pune
4482,Hyderabad
4483,Delhi
4484,Pune
4485,Bengaluru
4486,Hyderabad
4487,Bengaluru
4488,Bengaluru
4489,Pune
4490,Mumbai
4491,Bengaluru
4492,Bengaluru
4493,Mumbai
4494,Delhi
4495,Mumbai
4496,Delhi
4497,Delhi
4498,Mumbai
4499,Bengaluru
4500,Delhi
4501,Mumbai
4502,Hyderabad
4503,Bengaluru
4504,Delhi
4505,Pune
4506,Bengaluru
4507,Hyderabad
4508,Hyderabad
4509,Mumbai
4510,Hyderabad
4511,Pune
4512,Mumbai
4513,Hyderabad
4514,Delhi
4515,Bengaluru
4516,Pune
4517,Pune
4518,Pune
4519,Delhi
4520,Hyderabad
4521,Bengaluru
4522,Bengaluru
4523,Delhi
4524,Mumbai
4525,Hyderabad
4526,Pune
4527,Mumbai
4528,Delhi
4529,Hyderabad
4530,Hyderabad
4531,Hyderabad
4532,Mumbai
4533,Mumbai
4534,Delhi
4535,Pune
4536,Mumbai
4537,Bengaluru
4538,Mumbai
4539,Mumbai
4540,Hyderabad
4541,Bengaluru
4542,Pune
4543,Bengaluru
4544,Pune
4545,Delhi
4546,Hyderabad
4547,Delhi
4548,Mumbai
4549,Mumbai
4550,Hyderabad
4551,Delhi
4552,Bengaluru
4553,Delhi
4554,Pune
4555,Mumbai
4556,Bengaluru
4557,Mumbai
4558,Delhi
4559,Hyderabad
4560,Bengaluru
4561,Hyderabad
4562,Delhi
4563,Pune
4564,Hyderabad
4565,Hyderabad
4566,Delhi
4567,Bengaluru
4568,Delhi
4569,Hyderabad
4570,Mumbai
4571,Mumbai
4572,Hyderabad
4573,Bengaluru
4574,Hyderabad
4575,Mumbai
4576,Pune
4577,Hyderabad
4578,Hyderabad
4579,Pune
4580,Bengaluru
4581,Delhi
4582,Mumbai
4583,Mumbai
4584,Delhi
4585,Delhi
4586,Delhi
4587,Delhi
4588,Mumbai
4589,Hyderabad
4590,Hyderabad
4591,Pune
4592,Hyderabad
4593,Bengaluru
4594,Bengaluru
4595,Delhi
4596,Pune
4597,Mumbai
4598,Hyderabad
4599,Hyderabad
4600,Mumbai
4601,Bengaluru
4602,Delhi
4603,Pune
4604,Bengaluru
4605,Pune
4606,Delhi
4607,Hyderabad
4608,Delhi
4609,Bengaluru
4610,Hyderabad
4611,Delhi
4612,Hyderabad
4613,Hyderabad
4614,Pune
4615,Pune
4616,Bengaluru
4617,Delhi
4618,Mumbai
4619,Delhi
4620,Hyderabad
4621,Bengaluru
4622,Bengaluru
4623,Mumbai
4624,Hyderabad
4625,Hyderabad
4626,Bengaluru
4627,Bengaluru
4628,Mumbai
4629,Mumbai
4630,Pune
4631,Bengaluru
4632,Mumbai
4633,Hyderabad
4634,Pune
4635,Bengaluru
4636,Mumbai
4637,Bengaluru
4638,Pune
4639,Delhi
4640,Bengaluru
4641,Bengaluru
4642,Bengaluru
4643,Bengaluru
4644,Mumbai
4645,Delhi
4646,Hyderabad
4647,Bengaluru
4648,Hyderabad
4649,Mumbai
4650,Delhi
4651,Pune
4652,Pune
4653,Pune
4654,Pune
4655,Pune
4656,Delhi
4657,Bengaluru
4658,Pune
4659,Bengaluru
4660,Hyderabad
4661,Bengaluru
4662,Hyderabad
4663,Bengaluru
4664,Hyderabad
4665,Bengaluru
4666,Bengaluru
4667,Delhi
4668,Hyderabad
4669,Bengaluru
4670,Delhi
4671,Delhi
4672,Hyderabad
4673,Bengaluru
4674,Delhi
4675,Pune
4676,Pune
4677,Pune
4678,Bengaluru
4679,Pune
4680,Mumbai
4681,Hyderabad
4682,Mumbai
4683,Mumbai
4684,Pune
4685,Hyderabad
4686,Delhi
4687,Mumbai
4688,Delhi
4689,Delhi
4690,Bengaluru
4691,Hyderabad
4692,Hyderabad
4693,Mumbai
4694,Bengaluru
4695,Bengaluru
4696,Bengaluru
4697,Hyderabad
4698,Hyderabad
4699,Pune
4700,Hyderabad
4701,Hyderabad
4702,Bengaluru
4703,Delhi
4704,Mumbai
4705,Delhi
4706,Mumbai
4707,Pune
4708,Hyderabad
4709,Mumbai
4710,Mumbai
4711,Mumbai
4712,Mumbai
4713,Hyderabad
4714,Delhi
4715,Mumbai
4716,Bengaluru
4717,Mumbai
4718,Hyderabad
4719,Bengaluru
4720,Hyderabad
4721,Pune
4722,Hyderabad
4723,Bengaluru
4724,Delhi
4725,Bengaluru
4726,Delhi
4727,Bengaluru
4728,Mumbai
4729,Hyderabad
4730,Pune
4731,Delhi
4732,Delhi
4733,Mumbai
4734,Mumbai
4735,Bengaluru
4736,Delhi
4737,Hyderabad
4738,Bengaluru
4739,Mumbai
4740,Delhi
4741,Pune
4742,Pune
4743,Delhi
4744,Hyderabad
4745,Delhi
4746,Hyderabad
4747,Mumbai
4748,Hyderabad
4749,Hyderabad
4750,Delhi
4751,Delhi
4752,Pune
4753,Mumbai
4754,Bengaluru
4755,Delhi
4756,Mumbai
4757,Mumbai
4758,Pune
4759,Delhi
4760,Delhi
4761,Mumbai
4762,Delhi
4763,Pune
4764,Pune
4765,Pune
4766,Delhi
4767,Delhi
4768,Pune
4769,Hyderabad
4770,Bengaluru
4771,Mumbai
4772,Hyderabad
4773,Bengaluru
4774,Delhi
4775,Mumbai
4776,Hyderabad
4777,Mumbai
4778,Delhi
4779,Bengaluru
4780,Bengaluru
4781,Bengaluru
4782,Hyderabad
4783,Bengaluru
4784,Hyderabad
4785,Hyderabad
4786,Pune
4787,Hyderabad
4788,Mumbai
4789,Bengaluru
4790,Hyderabad
4791,Delhi
4792,Hyderabad
4793,Hyderabad
4794,Pune
4795,Mumbai
4796,Delhi
4797,Pune
4798,Mumbai
4799,Hyderabad
4800,Delhi
4801,Mumbai
4802,Pune
4803,Hyderabad
4804,Hyderabad
4805,Bengaluru
4806,Pune
4807,Delhi
4808,Hyderabad
4809,Bengaluru
4810,Mumbai
4811,Hyderabad
4812,Mumbai
4813,Hyderabad
4814,Mumbai
4815,Pune
4816,Mumbai
4817,Mumbai
4818,Hyderabad
4819,Hyderabad
4820,Mumbai
4821,Pune
4822,Delhi
4823,Bengaluru
4824,Mumbai
4825,Pune
4826,Mumbai
4827,Bengaluru
4828,Delhi
4829,Delhi
4830,Mumbai
4831,Bengaluru
4832,Mumbai
4833,Hyderabad
4834,Delhi
4835,Pune
4836,Pune
4837,Pune
4838,Bengaluru
4839,Bengaluru
4840,Delhi
4841,Bengaluru
4842,Hyderabad
4843,Delhi
4844,Delhi
4845,Hyderabad
4846,Hyderabad
4847,Hyderabad
4848,Mumbai
4849,Pune
4850,Pune
4851,Delhi
4852,Hyderabad
4853,Bengaluru
4854,Hyderabad
4855,Delhi
4856,Pune
4857,Mumbai
4858,Hyderabad
4859,Pune
4860,Delhi
4861,Delhi
4862,Pune
4863,Pune
4864,Hyderabad
4865,Bengaluru
4866,Hyderabad
4867,Mumbai
4868,Pune
4869,Mumbai
4870,Mumbai
4871,Bengaluru
4872,Hyderabad
4873,Delhi
4874,Mumbai
4875,Mumbai
4876,Mumbai
4877,Mumbai
4878,Delhi
4879,Hyderabad
4880,Bengaluru
4881,Mumbai
4882,Pune
4883,Delhi
4884,Bengaluru
4885,Pune
4886,Pune
4887,Pune
4888,Mumbai
4889,Hyderabad
4890,Mumbai
4891,Pune
4892,Bengaluru
4893,Mumbai
4894,Bengaluru
4895,Mumbai
4896,Hyderabad
4897,Hyderabad
4898,Mumbai
4899,Mumbai
4900,Hyderabad
4901,Bengaluru
4902,Hyderabad
4903,Mumbai
4904,Bengaluru
4905,Mumbai
4906,Delhi
4907,Mumbai
4908,Hyderabad
4909,Pune
4910,Hyderabad
4911,Hyderabad
4912,Bengaluru
4913,Delhi
4914,Bengaluru
4915,Mumbai
4916,Pune
4917,Hyderabad
4918,Pune
4919,Pune
4920,Mumbai
4921,Mumbai
4922,Pune
4923,Hyderabad
4924,Mumbai
4925,Hyderabad
4926,Mumbai
4927,Hyderabad
4928,Hyderabad
4929,Delhi
4930,Mumbai
4931,Delhi
4932,Pune
4933,Hyderabad
4934,Hyderabad
4935,Bengaluru
4936,Mumbai
4937,Pune
4938,Pune
4939,Mumbai
4940,Bengaluru
4941,Bengaluru
4942,Mumbai
4943,Hyderabad
4944,Hyderabad
4945,Pune
4946,Mumbai
4947,Hyderabad
4948,Bengaluru
4949,Mumbai
4950,Pune
4951,Hyderabad
4952,Hyderabad
4953,Bengaluru
4954,Hyderabad
4955,Hyderabad
4956,Bengaluru
4957,Bengaluru
4958,Pune
4959,Mumbai
4960,Hyderabad
4961,Hyderabad
4962,Bengaluru
4963,Pune
4964,Hyderabad
4965,Pune
4966,Delhi
4967,Bengaluru
4968,Hyderabad
4969,Pune
4970,Mumbai
4971,Pune
4972,Pune
4973,Delhi
4974,Hyderabad
4975,Hyderabad
4976,Bengaluru
4977,Pune
4978,Mumbai
4979,Delhi
4980,Pune
4981,Mumbai
4982,Bengaluru
4983,Delhi
4984,Hyderabad
4985,Hyderabad
4986,Pune
4987,Delhi
4988,Mumbai
4989,Bengaluru
4990,Bengaluru
4991,Hyderabad
4992,Hyderabad
4993,Bengaluru
4994,Hyderabad
4995,Bengaluru
4996,Pune
4997,Mumbai
4998,Delhi
4999,Pune
5000,Delhi
5001,Bengaluru
5002,Mumbai
5003,Pune
5004,Hyderabad
5005,Delhi
5006,Delhi
5007,Hyderabad
5008,Pune
5009,Hyderabad
5010,Delhi
5011,Hyderabad
5012,Delhi
5013,Pune
5014,Mumbai
5015,Pune
5016,Hyderabad
5017,Hyderabad
5018,Pune
5019,Mumbai
5020,Delhi
5021,Hyderabad
5022,Hyderabad
5023,Pune
5024,Delhi
5025,Delhi
5026,Hyderabad
5027,Delhi
5028,Pune
5029,Mumbai
5030,Bengaluru
5031,Mumbai
5032,Pune
5033,Mumbai
5034,Bengaluru
5035,Mumbai
5036,Hyderabad
5037,Pune
5038,Delhi
5039,Hyderabad
5040,Hyderabad
5041,Bengaluru
5042,Mumbai
5043,Pune
5044,Bengaluru
5045,Bengaluru
5046,Mumbai
5047,Pune
5048,Hyderabad
5049,Pune
5050,Bengaluru
5051,Bengaluru
5052,Delhi
5053,Mumbai
5054,Delhi
5055,Bengaluru
5056,Hyderabad
5057,Bengaluru
5058,Pune
5059,Pune
5060,Hyderabad
5061,Hyderabad
5062,Delhi
5063,Hyderabad
5064,Bengaluru
5065,Mumbai
5066,Pune
5067,Pune
5068,Bengaluru
5069,Mumbai
5070,Hyderabad
5071,Delhi
5072,Mumbai
5073,Bengaluru
5074,Hyderabad
5075,Hyderabad
5076,Hyderabad
5077,Mumbai
5078,Hyderabad
5079,Mumbai
5080,Bengaluru
5081,Delhi
5082,Mumbai
5083,Bengaluru
5084,Mumbai
5085,Bengaluru
5086,Delhi
5087,Pune
5088,Delhi
5089,Pune
5090,Pune
5091,Hyderabad
5092,Mumbai
5093,Hyderabad
5094,Bengaluru
5095,Bengaluru
5096,Bengaluru
5097,Hyderabad
5098,Delhi
5099,Hyderabad
5100,Hyderabad
5101,Delhi
5102,Delhi
5103,Delhi
5104,Mumbai
5105,Hyderabad
5106,Mumbai
5107,Pune
5108,Pune
5109,Hyderabad
5110,Bengaluru
5111,Delhi
5112,Mumbai
5113,Pune
5114,Hyderabad
5115,Bengaluru
5116,Hyderabad
5117,Bengaluru
5118,Hyderabad
5119,Delhi
5120,Delhi
5121,Bengaluru
5122,Hyderabad
5123,Delhi
5124,Hyderabad
5125,Hyderabad
5126,Delhi
5127,Pune
5128,Pune
5129,Hyderabad
5130,Pune
5131,Mumbai
5132,Delhi
5133,Pune
5134,Pune
5135,Hyderabad
5136,Bengaluru
5137,Pune
5138,Bengaluru
5139,Delhi
5140,Bengaluru
5141,Pune
5142,Mumbai
5143,Mumbai
5144,Delhi
5145,Pune
5146,Delhi
5147,Hyderabad
5148,Hyderabad
5149,Bengaluru
5150,Delhi
5151,Mumbai
5152,Delhi
5153,Bengaluru
5154,Pune
5155,Delhi
5156,Bengaluru
5157,Hyderabad
5158,Mumbai
5159,Pune
5160,Delhi
5161,Delhi
5162,Mumbai
5163,Hyderabad
5164,Delhi
5165,Mumbai
5166,Mumbai
5167,Pune
5168,Mumbai
5169,Mumbai
5170,Mumbai
5171,Delhi
5172,Mumbai
5173,Mumbai
5174,Mumbai
5175,Mumbai
5176,Hyderabad
5177,Delhi
5178,Mumbai
5179,Bengaluru
5180,Bengaluru
5181,Bengaluru
5182,Pune
5183,Hyderabad
5184,Bengaluru
5185,Hyderabad
5186,Bengaluru
5187,Pune
5188,Delhi
5189,Hyderabad
5190,Delhi
5191,Pune
5192,Hyderabad
5193,Delhi
5194,Pune
5195,Mumbai
5196,Hyderabad
5197,Delhi
5198,Pune
5199,Mumbai
5200,Hyderabad
5201,Mumbai
5202,Bengaluru
5203,Hyderabad
5204,Pune
5205,Pune
5206,Hyderabad
5207,Bengaluru
5208,Hyderabad
5209,Delhi
5210,Pune
5211,Mumbai
5212,Pune
5213,Bengaluru
5214,Hyderabad
5215,Pune
5216,Delhi
5217,Bengaluru
5218,Bengaluru
5219,Mumbai
5220,Pune
5221,Hyderabad
5222,Bengaluru
5223,Delhi
5224,Delhi
5225,Hyderabad
5226,Delhi
5227,Mumbai
5228,Hyderabad
5229,Delhi
5230,Mumbai
5231,Delhi
5232,Pune
5233,Hyderabad
5234,Delhi
5235,Delhi
5236,Mumbai
5237,Pune
5238,Pune
5239,Mumbai
5240,Pune
5241,Delhi
5242,Delhi
5243,Pune
5244,Delhi
5245,Pune
5246,Mumbai
5247,Hyderabad
5248,Mumbai
5249,Hyderabad
5250,Mumbai
5251,Bengaluru
5252,Delhi
5253,Mumbai
5254,Hyderabad
5255,Pune
5256,Pune
5257,Mumbai
5258,Mumbai
5259,Mumbai
5260,Pune
5261,Bengaluru
5262,Mumbai
5263,Pune
5264,Pune
5265,Mumbai
5266,Hyderabad
5267,Hyderabad
5268,Delhi
5269,Pune
5270,Delhi
5271,Delhi
5272,Hyderabad
5273,Hyderabad
5274,Bengaluru
5275,Pune
5276,Bengaluru
5277,Mumbai
5278,Bengaluru
5279,Mumbai
5280,Delhi
5281,Pune
5282,Bengaluru
5283,Pune
5284,Delhi
5285,Delhi
5286,Delhi
5287,Delhi
5288,Hyderabad
5289,Hyderabad
5290,Delhi
5291,Delhi
5292,Bengaluru
5293,Pune
5294,Bengaluru
5295,Delhi
5296,Hyderabad
5297,Mumbai
5298,Hyderabad
5299,Hyderabad
5300,Hyderabad
5301,Mumbai
5302,Delhi
5303,Delhi
5304,Delhi
5305,Hyderabad
5306,Pune
5307,Pune
5308,Bengaluru
5309,Pune
5310,Hyderabad
5311,Delhi
5312,Pune
5313,Mumbai
5314,Mumbai
5315,Delhi
5316,Pune
5317,Hyderabad
5318,Hyderabad
5319,Pune
5320,Bengaluru
5321,Bengaluru
5322,Mumbai
5323,Delhi
5324,Mumbai
5325,Delhi
5326,Delhi
5327,Delhi
5328,Delhi
5329,Hyderabad
5330,Pune
5331,Delhi
5332,Pune
5333,Delhi
5334,Hyderabad
5335,Hyderabad
5336,Pune
5337,Pune
5338,Mumbai
5339,Mumbai
5340,Bengaluru
5341,Mumbai
5342,Mumbai
5343,Delhi
5344,Bengaluru
5345,Mumbai
5346,Mumbai
5347,Pune
5348,Bengaluru
5349,Bengaluru
5350,Bengaluru
5351,Pune
5352,Hyderabad
5353,Bengaluru
5354,Bengaluru
5355,Pune
5356,Hyderabad
5357,Bengaluru
5358,Bengaluru
5359,Delhi
5360,Hyderabad
5361,Mumbai
5362,Bengaluru
5363,Pune
5364,Delhi
5365,Mumbai
5366,Mumbai
5367,Delhi
5368,Pune
5369,Mumbai
5370,Mumbai
5371,Hyderabad
5372,Mumbai
5373,Bengaluru
5374,Bengaluru
5375,Delhi
5376,Delhi
5377,Pune
5378,Pune
5379,Hyderabad
5380,Delhi
5381,Hyderabad
5382,Pune
5383,Mumbai
5384,Hyderabad
5385,Mumbai
5386,Hyderabad
5387,Hyderabad
5388,Pune
5389,Hyderabad
5390,Pune
5391,Hyderabad
5392,Hyderabad
5393,Delhi
5394,Delhi
5395,Pune
5396,Hyderabad
5397,Mumbai
5398,Bengaluru
5399,Pune
5400,Delhi
5401,Delhi
5402,Pune
5403,Delhi
5404,Mumbai
5405,Delhi
5406,Bengaluru
5407,Bengaluru
5408,Hyderabad
5409,Mumbai
5410,Delhi
5411,Delhi
5412,Pune
5413,Hyderabad
5414,Bengaluru
5415,Pune
5416,Pune
5417,Delhi
5418,Bengaluru
5419,Pune
5420,Delhi
5421,Hyderabad
5422,Mumbai
5423,Bengaluru
5424,Hyderabad
5425,Delhi
5426,Mumbai
5427,Pune
5428,Hyderabad
5429,Pune
5430,Pune
5431,Mumbai
5432,Mumbai
5433,Pune
5434,Pune
5435,Mumbai
5436,Delhi
5437,Bengaluru
5438,Pune
5439,Mumbai
5440,Hyderabad
5441,Hyderabad
5442,Delhi
5443,Delhi
5444,Hyderabad
5445,Delhi
5446,Pune
5447,Mumbai
5448,Bengaluru
5449,Mumbai
5450,Mumbai
5451,Delhi
5452,Bengaluru
5453,Pune
5454,Hyderabad
5455,Pune
5456,Delhi
5457,Hyderabad
5458,Pune
5459,Mumbai
5460,Delhi
5461,Bengaluru
5462,Mumbai
5463,Bengaluru
5464,Hyderabad
5465,Bengaluru
5466,Mumbai
5467,Bengaluru
5468,Delhi
5469,Delhi
5470,Mumbai
5471,Pune
5472,Bengaluru
5473,Mumbai
5474,Bengaluru
5475,Mumbai
5476,Bengaluru
5477,Pune
5478,Mumbai
5479,Delhi
5480,Pune
5481,Delhi
5482,Pune
5483,Delhi
5484,Pune
5485,Bengaluru
5486,Delhi
5487,Bengaluru
5488,Mumbai
5489,Bengaluru
5490,Delhi
5491,Pune
5492,Bengaluru
5493,Hyderabad
5494,Pune
5495,Mumbai
5496,Mumbai
5497,Delhi
5498,Pune
5499,Bengaluru
5500,Bengaluru
5501,Mumbai
5502,Pune
5503,Pune
5504,Mumbai
5505,Bengaluru
5506,Mumbai
5507,Pune
5508,Bengaluru
5509,Hyderabad
5510,Mumbai
5511,Pune
5512,Pune
5513,Delhi
5514,Delhi
5515,Mumbai
5516,Bengaluru
5517,Hyderabad
5518,Hyderabad
5519,Bengaluru
5520,Delhi
5521,Pune
5522,Delhi
5523,Mumbai
5524,Delhi
5525,Bengaluru
5526,Mumbai
5527,Bengaluru
5528,Mumbai
5529,Pune
5530,Delhi
5531,Bengaluru
5532,Mumbai
5533,Delhi
5534,Hyderabad
5535,Bengaluru
5536,Pune
5537,Mumbai
5538,Bengaluru
5539,Bengaluru
5540,Hyderabad
5541,Pune
5542,Hyderabad
5543,Mumbai
5544,Delhi
5545,Bengaluru
5546,Mumbai
5547,Mumbai
5548,Pune
5549,Bengaluru
5550,Hyderabad
5551,Delhi
5552,Bengaluru
5553,Bengaluru
5554,Delhi
5555,Mumbai
5556,Hyderabad
5557,Bengaluru
5558,Mumbai
5559,Pune
5560,Mumbai
5561,Delhi
5562,Hyderabad
5563,Delhi
5564,Pune
5565,Mumbai
5566,Bengaluru
5567,Pune
5568,Delhi
5569,Mumbai
5570,Delhi
5571,Bengaluru
5572,Pune
5573,Pune
5574,Hyderabad
5575,Delhi
5576,Hyderabad
5577,Pune
5578,Mumbai
5579,Hyderabad
5580,Mumbai
5581,Hyderabad
5582,Delhi
5583,Delhi
5584,Pune
5585,Delhi
5586,Hyderabad
5587,Hyderabad
5588,Mumbai
5589,Bengaluru
5590,Hyderabad
5591,Mumbai
5592,Pune
5593,Delhi
5594,Delhi
5595,Hyderabad
5596,Delhi
5597,Pune
5598,Bengaluru
5599,Hyderabad
5600,Pune
5601,Mumbai
5602,Bengaluru
5603,Hyderabad
5604,Delhi
5605,Hyderabad
5606,Mumbai
5607,Delhi
5608,Bengaluru
5609,Hyderabad
5610,Pune
5611,Mumbai
5612,Hyderabad
5613,Pune
5614,Hyderabad
5615,Mumbai
5616,Hyderabad
5617,Delhi
5618,Delhi
5619,Pune
5620,Delhi
5621,Bengaluru
5622,Bengaluru
5623,Hyderabad
5624,Bengaluru
5625,Bengaluru
5626,Mumbai
5627,Mumbai
5628,Bengaluru
5629,Mumbai
5630,Bengaluru
5631,Pune
5632,Mumbai
5633,Bengaluru
5634,Bengaluru
5635,Hyderabad
5636,Pune
5637,Pune
5638,Hyderabad
5639,Hyderabad
5640,Hyderabad
5641,Delhi
5642,Bengaluru
5643,Delhi
5644,Mumbai
5645,Hyderabad
5646,Bengaluru
5647,Bengaluru
5648,Mumbai
5649,Pune
5650,Bengaluru
5651,Pune
5652,Bengaluru
5653,Delhi
5654,Hyderabad
5655,Pune
5656,Delhi
5657,Bengaluru
5658,Hyderabad
5659,Delhi
5660,Hyderabad
5661,Bengaluru
5662,Bengaluru
5663,Delhi
5664,Bengaluru
5665,Mumbai
5666,Hyderabad
5667,Bengaluru
5668,Bengaluru
5669,Mumbai
5670,Hyderabad
5671,Pune
5672,Mumbai
5673,Mumbai
5674,Hyderabad
5675,Mumbai
5676,Hyderabad
5677,Mumbai
5678,Hyderabad
5679,Hyderabad
5680,Pune
5681,Bengaluru
5682,Hyderabad
5683,Delhi
5684,Pune
5685,Pune
5686,Bengaluru
5687,Mumbai
5688,Mumbai
5689,Hyderabad
5690,Pune
5691,Hyderabad
5692,Delhi
5693,Mumbai
5694,Hyderabad
5695,Hyderabad
5696,Pune
5697,Delhi
5698,Delhi
5699,Hyderabad
5700,Delhi
5701,Delhi
5702,Pune
5703,Pune
5704,Delhi
5705,Hyderabad
5706,Mumbai
5707,Hyderabad
5708,Hyderabad
5709,Mumbai
5710,Pune
5711,Hyderabad
5712,Delhi
5713,Delhi
5714,Pune
5715,Pune
5716,Pune
5717,Bengaluru
5718,Bengaluru
5719,Delhi
5720,Hyderabad
5721,Bengaluru
5722,Hyderabad
5723,Mumbai
5724,Delhi
5725,Bengaluru
5726,Delhi
5727,Mumbai
5728,Mumbai
5729,Delhi
5730,Bengaluru
5731,Delhi
5732,Hyderabad
5733,Hyderabad
5734,Hyderabad
5735,Hyderabad
5736,Hyderabad
5737,Mumbai
5738,Bengaluru
5739,Bengaluru
5740,Pune
5741,Delhi
5742,Mumbai
5743,Mumbai
5744,Delhi
5745,Delhi
5746,Hyderabad
5747,Mumbai
5748,Mumbai
5749,Delhi
5750,Delhi
5751,Bengaluru
5752,Hyderabad
5753,Pune
5754,Hyderabad
5755,Mumbai
5756,Bengaluru
5757,Delhi
5758,Pune
5759,Mumbai
5760,Pune
5761,Hyderabad
5762,Bengaluru
5763,Hyderabad
5764,Delhi
5765,Bengaluru
5766,Hyderabad
5767,Pune
5768,Bengaluru
5769,Bengaluru
5770,Delhi
5771,Delhi
5772,Pune
5773,Pune
5774,Bengaluru
5775,Mumbai
5776,Hyderabad
5777,Bengaluru
5778,Pune
5779,Bengaluru
5780,Delhi
5781,Hyderabad
5782,Bengaluru
5783,Delhi
5784,Hyderabad
5785,Hyderabad
5786,Mumbai
5787,Delhi
5788,Hyderabad
5789,Mumbai
5790,Mumbai
5791,Bengaluru
5792,Pune
5793,Pune
5794,Hyderabad
5795,Hyderabad
5796,Hyderabad
5797,Bengaluru
5798,Mumbai
5799,Pune
5800,Delhi
5801,Pune
5802,Mumbai
5803,Mumbai
5804,Delhi
5805,Bengaluru
5806,Pune
5807,Hyderabad
5808,Bengaluru
5809,Hyderabad
5810,Pune
5811,Delhi
5812,Bengaluru
5813,Pune
5814,Hyderabad
5815,Pune
5816,Mumbai
5817,Mumbai
5818,Pune
5819,Hyderabad
5820,Mumbai
5821,Pune
5822,Pune
5823,Hyderabad
5824,Mumbai
5825,Hyderabad
5826,Hyderabad
5827,Hyderabad
5828,Mumbai
5829,Mumbai
5830,Bengaluru
5831,Delhi
5832,Pune
5833,Delhi
5834,Hyderabad
5835,Bengaluru
5836,Bengaluru
5837,Pune
5838,Pune
5839,Delhi
5840,Delhi
5841,Mumbai
5842,Delhi
5843,Delhi
5844,Hyderabad
5845,Bengaluru
5846,Delhi
5847,Mumbai
5848,Delhi
5849,Hyderabad
5850,Pune
5851,Hyderabad
5852,Mumbai
5853,Pune
5854,Bengaluru
5855,Mumbai
5856,Mumbai
5857,Delhi
5858,Mumbai
5859,Bengaluru
5860,Bengaluru
5861,Bengaluru
5862,Mumbai
5863,Hyderabad
5864,Mumbai
5865,Delhi
5866,Bengaluru
5867,Delhi
5868,Bengaluru
5869,Delhi
5870,Pune
5871,Pune
5872,Bengaluru
5873,Delhi
5874,Mumbai
5875,Hyderabad
5876,Mumbai
5877,Mumbai
5878,Hyderabad
5879,Hyderabad
5880,Delhi
5881,Hyderabad
5882,Pune
5883,Hyderabad
5884,Mumbai
5885,Bengaluru
5886,Pune
5887,Hyderabad
5888,Hyderabad
5889,Bengaluru
5890,Delhi
5891,Mumbai
5892,Bengaluru
5893,Delhi
5894,Mumbai
5895,Hyderabad
5896,Delhi
5897,Bengaluru
5898,Pune
5899,Bengaluru
5900,Bengaluru
5901,Pune
5902,Delhi
5903,Delhi
5904,Bengaluru
5905,Bengaluru
5906,Delhi
5907,Pune
5908,Mumbai
5909,Pune
5910,Hyderabad
5911,Bengaluru
5912,Delhi
5913,Pune
5914,Hyderabad
5915,Hyderabad
5916,Bengaluru
5917,Mumbai
5918,Mumbai
5919,Hyderabad
5920,Pune
5921,Hyderabad
5922,Bengaluru
5923,Bengaluru
5924,Mumbai
5925,Hyderabad
5926,Delhi
5927,Delhi
5928,Pune
5929,Pune
5930,Mumbai
5931,Bengaluru
5932,Delhi
5933,Delhi
5934,Delhi
5935,Delhi
5936,Mumbai
5937,Hyderabad
5938,Delhi
5939,Bengaluru
5940,Delhi
5941,Pune
5942,Bengaluru
5943,Hyderabad
5944,Delhi
5945,Mumbai
5946,Mumbai
5947,Delhi
5948,Pune
5949,Mumbai
5950,Bengaluru
5951,Pune
5952,Hyderabad
5953,Hyderabad
5954,Mumbai
5955,Pune
5956,Mumbai
5957,Hyderabad
5958,Mumbai
5959,Pune
5960,Delhi
5961,Hyderabad
5962,Delhi
5963,Pune
5964,Hyderabad
5965,Mumbai
5966,Mumbai
5967,Mumbai
5968,Hyderabad
5969,Hyderabad
5970,Mumbai
5971,Mumbai
5972,Delhi
5973,Hyderabad
5974,Mumbai
5975,Pune
5976,Mumbai
5977,Hyderabad
5978,Mumbai
5979,Delhi
5980,Bengaluru
5981,Hyderabad
5982,Hyderabad
5983,Bengaluru
5984,Mumbai
5985,Delhi
5986,Mumbai
5987,Bengaluru
5988,Delhi
5989,Pune
5990,Pune
5991,Delhi
5992,Pune
5993,Delhi
5994,Mumbai
5995,Mumbai
5996,Bengaluru
5997,Mumbai
5998,Mumbai
5999,Bengaluru
6000,Hyderabad
6001,Hyderabad
6002,Delhi
6003,Hyderabad
6004,Hyderabad
6005,Hyderabad
6006,Mumbai
6007,Hyderabad
6008,Mumbai
6009,Mumbai
6010,Bengaluru
6011,Delhi
6012,Bengaluru
6013,Pune
6014,Mumbai
6015,Hyderabad
6016,Hyderabad
6017,Pune
6018,Delhi
6019,Mumbai
6020,Pune
6021,Pune
6022,Pune
6023,Mumbai
6024,Mumbai
6025,Mumbai
6026,Mumbai
6027,Bengaluru
6028,Pune
6029,Bengaluru
6030,Delhi
6031,Pune
6032,Mumbai
6033,Mumbai
6034,Mumbai
6035,Bengaluru
6036,Mumbai
6037,Pune
6038,Hyderabad
6039,Pune
6040,Delhi
6041,Pune
6042,Mumbai
6043,Pune
6044,Pune
6045,Bengaluru
6046,Hyderabad
6047,Pune
6048,Delhi
6049,Pune
6050,Hyderabad
6051,Hyderabad
6052,Hyderabad
6053,Hyderabad
6054,Hyderabad
6055,Bengaluru
6056,Hyderabad
6057,Bengaluru
6058,Pune
6059,Pune
6060,Bengaluru
6061,Mumbai
6062,Hyderabad
6063,Hyderabad
6064,Pune
6065,Bengaluru
6066,Hyderabad
6067,Pune
6068,Hyderabad
6069,Bengaluru
6070,Mumbai
6071,Delhi
6072,Pune
6073,Pune
6074,Delhi
6075,Delhi
6076,Pune
6077,Mumbai
6078,Pune
6079,Delhi
6080,Hyderabad
6081,Bengaluru
6082,Hyderabad
6083,Mumbai
6084,Pune
6085,Pune
6086,Bengaluru
6087,Hyderabad
6088,Bengaluru
6089,Mumbai
6090,Hyderabad
6091,Hyderabad
6092,Mumbai
6093,Pune
6094,Pune
6095,Delhi
6096,Pune
6097,Bengaluru
6098,Mumbai
6099,Pune
6100,Hyderabad
6101,Mumbai
6102,Pune
6103,Bengaluru
6104,Delhi
6105,Delhi
6106,Mumbai
6107,Bengaluru
6108,Bengaluru
6109,Bengaluru
6110,Pune
6111,Delhi
6112,Bengaluru
6113,Hyderabad
6114,Pune
6115,Hyderabad
6116,Hyderabad
6117,Mumbai
6118,Pune
6119,Hyderabad
6120,Pune
6121,Bengaluru
6122,Mumbai
6123,Delhi
6124,Hyderabad
6125,Mumbai
6126,Mumbai
6127,Mumbai
6128,Mumbai
6129,Bengaluru
6130,Pune
6131,Delhi
6132,Delhi
6133,Pune
6134,Delhi
6135,Mumbai
6136,Bengaluru
6137,Mumbai
6138,Mumbai
6139,Bengaluru
6140,Hyderabad
6141,Delhi
6142,Bengaluru
6143,Pune
6144,Pune
6145,Pune
6146,Hyderabad
6147,Bengaluru
6148,Hyderabad
6149,Pune
6150,Mumbai
6151,Mumbai
6152,Hyderabad
6153,Pune
6154,Pune
6155,Pune
6156,Pune
6157,Bengaluru
6158,Hyderabad
6159,Hyderabad
6160,Bengaluru
6161,Mumbai
6162,Hyderabad
6163,Delhi
6164,Hyderabad
6165,Hyderabad
6166,Mumbai
6167,Bengaluru
6168,Mumbai
6169,Mumbai
6170,Bengaluru
6171,Delhi
6172,Bengaluru
6173,Mumbai
6174,Bengaluru
6175,Hyderabad
6176,Hyderabad
6177,Delhi
6178,Delhi
6179,Bengaluru
6180,Bengaluru
6181,Bengaluru
6182,Pune
6183,Mumbai
6184,Mumbai
6185,Delhi
6186,Hyderabad
6187,Hyderabad
6188,Hyderabad
6189,Hyderabad
6190,Mumbai
6191,Pune
6192,Hyderabad
6193,Delhi
6194,Bengaluru
6195,Bengaluru
6196,Delhi
6197,Delhi
6198,Delhi
6199,Pune
6200,Bengaluru
6201,Pune
6202,Hyderabad
6203,Bengaluru
6204,Delhi
6205,Pune
6206,Mumbai
6207,Bengaluru
6208,Delhi
6209,Delhi
6210,Hyderabad
6211,Pune
6212,Hyderabad
6213,Mumbai
6214,Mumbai
6215,Hyderabad
6216,Bengaluru
6217,Bengaluru
6218,Hyderabad
6219,Hyderabad
6220,Bengaluru
6221,Pune
6222,Hyderabad
6223,Delhi
6224,Pune
6225,Hyderabad
6226,Delhi
6227,Delhi
6228,Hyderabad
6229,Hyderabad
6230,Hyderabad
6231,Delhi
6232,Mumbai
6233,Hyderabad
6234,Hyderabad
6235,Pune
6236,Hyderabad
6237,Pune
6238,Pune
6239,Mumbai
6240,Hyderabad
6241,Mumbai
6242,Delhi
6243,Mumbai
6244,Bengaluru
6245,Bengaluru
6246,Bengaluru
6247,Pune
6248,Bengaluru
6249,Mumbai
6250,Hyderabad
6251,Pune
6252,Pune
6253,Bengaluru
6254,Delhi
6255,Delhi
6256,Hyderabad
6257,Mumbai
6258,Bengaluru
6259,Mumbai
6260,Delhi
6261,Delhi
6262,Bengaluru
6263,Delhi
6264,Delhi
6265,Hyderabad
6266,Hyderabad
6267,Delhi
6268,Bengaluru
6269,Bengaluru
6270,Delhi
6271,Delhi
6272,Pune
6273,Hyderabad
6274,Hyderabad
6275,Bengaluru
6276,Mumbai
6277,Mumbai
6278,Delhi
6279,Delhi
6280,Pune
6281,Pune
6282,Bengaluru
6283,Mumbai
6284,Pune
6285,Mumbai
6286,Pune
6287,Hyderabad
6288,Delhi
6289,Pune
6290,Pune
6291,Bengaluru
6292,Hyderabad
6293,Delhi
6294,Hyderabad
6295,Delhi
6296,Hyderabad
6297,Hyderabad
6298,Bengaluru
6299,Mumbai
6300,Hyderabad
6301,Delhi
6302,Delhi
6303,Bengaluru
6304,Mumbai
6305,Delhi
6306,Bengaluru
6307,Delhi
6308,Pune
6309,Hyderabad
6310,Mumbai
6311,Hyderabad
6312,Hyderabad
6313,Pune
6314,Mumbai
6315,Hyderabad
6316,Bengaluru
6317,Delhi
6318,Delhi
6319,Bengaluru
6320,Delhi
6321,Pune
6322,Bengaluru
6323,Pune
6324,Mumbai
6325,Delhi
6326,Pune
6327,Delhi
6328,Mumbai
6329,Hyderabad
6330,Delhi
6331,Mumbai
6332,Bengaluru
6333,Delhi
6334,Bengaluru
6335,Mumbai
6336,Bengaluru
6337,Pune
6338,Hyderabad
6339,Bengaluru
6340,Pune
6341,Hyderabad
6342,Mumbai
6343,Mumbai
6344,Delhi
6345,Pune
6346,Hyderabad
6347,Delhi
6348,Delhi
6349,Mumbai
6350,Bengaluru
6351,Hyderabad
6352,Mumbai
6353,Mumbai
6354,Bengaluru
6355,Pune
6356,Pune
6357,Hyderabad
6358,Bengaluru
6359,Bengaluru
6360,Delhi
6361,Bengaluru
6362,Hyderabad
6363,Bengaluru
6364,Delhi
6365,Pune
6366,Bengaluru
6367,Bengaluru
6368,Hyderabad
6369,Delhi
6370,Bengaluru
6371,Hyderabad
6372,Delhi
6373,Mumbai
6374,Delhi
6375,Mumbai
6376,Mumbai
6377,Delhi
6378,Delhi
6379,Hyderabad
6380,Delhi
6381,Pune
6382,Bengaluru
6383,Delhi
6384,Mumbai
6385,Mumbai
6386,Delhi
6387,Bengaluru
6388,Bengaluru
6389,Hyderabad
6390,Hyderabad
6391,Hyderabad
6392,Bengaluru
6393,Mumbai
6394,Hyderabad
6395,Delhi
6396,Hyderabad
6397,Delhi
6398,Delhi
6399,Mumbai
6400,Delhi
6401,Hyderabad
6402,Mumbai
6403,Mumbai
6404,Bengaluru
6405,Delhi
6406,Hyderabad
6407,Delhi
6408,Hyderabad
6409,Pune
6410,Bengaluru
6411,Mumbai
6412,Bengaluru
6413,Pune
6414,Bengaluru
6415,Bengaluru
6416,Pune
6417,Bengaluru
6418,Bengaluru
6419,Pune
6420,Pune
6421,Mumbai
6422,Hyderabad
6423,Hyderabad
6424,Pune
6425,Hyderabad
6426,Delhi
6427,Delhi
6428,Delhi
6429,Mumbai
6430,Hyderabad
6431,Bengaluru
6432,Pune
6433,Hyderabad
6434,Mumbai
6435,Bengaluru
6436,Pune
6437,Bengaluru
6438,Pune
6439,Delhi
6440,Pune
6441,Pune
6442,Mumbai
6443,Mumbai
6444,Mumbai
6445,Hyderabad
6446,Delhi
6447,Delhi
6448,Pune
6449,Mumbai
6450,Delhi
6451,Delhi
6452,Pune
6453,Pune
6454,Bengaluru
6455,Bengaluru
6456,Pune
6457,Bengaluru
6458,Delhi
6459,Pune
6460,Pune
6461,Mumbai
6462,Delhi
6463,Delhi
6464,Hyderabad
6465,Hyderabad
6466,Mumbai
6467,Hyderabad
6468,Bengaluru
6469,Pune
6470,Bengaluru
6471,Delhi
6472,Hyderabad
6473,Bengaluru
6474,Delhi
6475,Hyderabad
6476,Pune
6477,Pune
6478,Hyderabad
6479,Pune
6480,Mumbai
6481,Hyderabad
6482,Mumbai
6483,Hyderabad
6484,Mumbai
6485,Pune
6486,Pune
6487,Bengaluru
6488,Delhi
6489,Mumbai
6490,Hyderabad
6491,Pune
6492,Pune
6493,Hyderabad
6494,Delhi
6495,Hyderabad
6496,Mumbai
6497,Mumbai
6498,Bengaluru
6499,Hyderabad
6500,Pune
6501,Bengaluru
6502,Hyderabad
6503,Hyderabad
6504,Pune
6505,Delhi
6506,Hyderabad
6507,Bengaluru
6508,Pune
6509,Mumbai
6510,Delhi
6511,Pune
6512,Bengaluru
6513,Hyderabad
6514,Bengaluru
6515,Hyderabad
6516,Pune
6517,Delhi
6518,Pune
6519,Bengaluru
6520,Bengaluru
6521,Mumbai
6522,Mumbai
6523,Hyderabad
6524,Bengaluru
6525,Mumbai
6526,Mumbai
6527,Pune
6528,Hyderabad
6529,Delhi
6530,Pune
6531,Hyderabad
6532,Hyderabad
6533,Pune
6534,Mumbai
6535,Mumbai
6536,Delhi
6537,Delhi
6538,Hyderabad
6539,Delhi
6540,Pune
6541,Delhi
6542,Bengaluru
6543,Hyderabad
6544,Bengaluru
6545,Hyderabad
6546,Hyderabad
6547,Pune
6548,Mumbai
6549,Delhi
6550,Bengaluru
6551,Delhi
6552,Hyderabad
6553,Bengaluru
6554,Bengaluru
6555,Hyderabad
6556,Delhi
6557,Bengaluru
6558,Delhi
6559,Bengaluru
6560,Mumbai
6561,Pune
6562,Hyderabad
6563,Pune
6564,Delhi
6565,Pune
6566,Pune
6567,Pune
6568,Pune
6569,Hyderabad
6570,Mumbai
6571,Mumbai
6572,Pune
6573,Mumbai
6574,Mumbai
6575,Hyderabad
6576,Pune
6577,Delhi
6578,Pune
6579,Mumbai
6580,Delhi
6581,Mumbai
6582,Mumbai
6583,Bengaluru
6584,Bengaluru
6585,Bengaluru
6586,Mumbai
6587,Pune
6588,Pune
6589,Mumbai
6590,Bengaluru
6591,Mumbai
6592,Pune
6593,Pune
6594,Hyderabad
6595,Pune
6596,Hyderabad
6597,Mumbai
6598,Pune
6599,Hyderabad
6600,Pune
6601,Hyderabad
6602,Pune
6603,Pune
6604,Delhi
6605,Mumbai
6606,Mumbai
6607,Pune
6608,Hyderabad
6609,Bengaluru
6610,Hyderabad
6611,Pune
6612,Mumbai
6613,Hyderabad
6614,Delhi
6615,Pune
6616,Hyderabad
6617,Hyderabad
6618,Delhi
6619,Bengaluru
6620,Bengaluru
6621,Hyderabad
6622,Pune
6623,Delhi
6624,Bengaluru
6625,Hyderabad
6626,Pune
6627,Bengaluru
6628,Mumbai
6629,Hyderabad
6630,Delhi
6631,Pune
6632,Hyderabad
6633,Bengaluru
6634,Hyderabad
6635,Hyderabad
6636,Bengaluru
6637,Mumbai
6638,Pune
6639,Bengaluru
6640,Hyderabad
6641,Hyderabad
6642,Delhi
6643,Hyderabad
6644,Bengaluru
6645,Delhi
6646,Hyderabad
6647,Bengaluru
6648,Pune
6649,Pune
6650,Hyderabad
6651,Pune
6652,Hyderabad
6653,Delhi
6654,Pune
6655,Delhi
6656,Delhi
6657,Delhi
6658,Mumbai
6659,Bengaluru
6660,Hyderabad
6661,Delhi
6662,Hyderabad
6663,Delhi
6664,Bengaluru
6665,Pune
6666,Hyderabad
6667,Mumbai
6668,Hyderabad
6669,Bengaluru
6670,Delhi
6671,Hyderabad
6672,Bengaluru
6673,Delhi
6674,Pune
6675,Bengaluru
6676,Mumbai
6677,Hyderabad
6678,Bengaluru
6679,Delhi
6680,Delhi
6681,Mumbai
6682,Hyderabad
6683,Delhi
6684,Delhi
6685,Delhi
6686,Bengaluru
6687,Bengaluru
6688,Hyderabad
6689,Mumbai
6690,Hyderabad
6691,Mumbai
6692,Pune
6693,Delhi
6694,Mumbai
6695,Delhi
6696,Mumbai
6697,Pune
6698,Mumbai
6699,Hyderabad
6700,Bengaluru
6701,Delhi
6702,Bengaluru
6703,Mumbai
6704,Hyderabad
6705,Mumbai
6706,Pune
6707,Pune
6708,Pune
6709,Mumbai
6710,Pune
6711,Mumbai
6712,Mumbai
6713,Hyderabad
6714,Delhi
6715,Bengaluru
6716,Delhi
6717,Bengaluru
6718,Bengaluru
6719,Mumbai
6720,Pune
6721,Pune
6722,Pune
6723,Delhi
6724,Pune
6725,Hyderabad
6726,Mumbai
6727,Pune
6728,Pune
6729,Pune
6730,Delhi
6731,Mumbai
6732,Hyderabad
6733,Pune
6734,Bengaluru
6735,Delhi
6736,Pune
6737,Pune
6738,Delhi
6739,Hyderabad
6740,Bengaluru
6741,Bengaluru
6742,Hyderabad
6743,Delhi
6744,Pune
6745,Hyderabad
6746,Delhi
6747,Delhi
6748,Delhi
6749,Delhi
6750,Bengaluru
6751,Delhi
6752,Hyderabad
6753,Pune
6754,Pune
6755,Mumbai
6756,Hyderabad
6757,Mumbai
6758,Hyderabad
6759,Delhi
6760,Mumbai
6761,Delhi
6762,Hyderabad
6763,Bengaluru
6764,Bengaluru
6765,Bengaluru
6766,Bengaluru
6767,Pune
6768,Bengaluru
6769,Hyderabad
6770,Bengaluru
6771,Pune
6772,Delhi
6773,Mumbai
6774,Delhi
6775,Delhi
6776,Mumbai
6777,Bengaluru
6778,Bengaluru
6779,Hyderabad
6780,Bengaluru
6781,Bengaluru
6782,Hyderabad
6783,Mumbai
6784,Hyderabad
6785,Bengaluru
6786,Bengaluru
6787,Bengaluru
6788,Hyderabad
6789,Mumbai
6790,Pune
6791,Hyderabad
6792,Mumbai
6793,Bengaluru
6794,Mumbai
6795,Delhi
6796,Delhi
6797,Pune
6798,Bengaluru
6799,Pune
6800,Delhi
6801,Pune
6802,Delhi
6803,Delhi
6804,Mumbai
6805,Bengaluru
6806,Delhi
6807,Bengaluru
6808,Pune
6809,Pune
6810,Delhi
6811,Bengaluru
6812,Delhi
6813,Delhi
6814,Mumbai
6815,Pune
6816,Bengaluru
6817,Pune
6818,Mumbai
6819,Hyderabad
6820,Pune
6821,Mumbai
6822,Pune
6823,Bengaluru
6824,Mumbai
6825,Hyderabad
6826,Pune
6827,Mumbai
6828,Hyderabad
6829,Bengaluru
6830,Pune
6831,Delhi
6832,Bengaluru
6833,Bengaluru
6834,Bengaluru
6835,Bengaluru
6836,Hyderabad
6837,Delhi
6838,Pune
6839,Bengaluru
6840,Pune
6841,Mumbai
6842,Bengaluru
6843,Bengaluru
6844,Pune
6845,Delhi
6846,Mumbai
6847,Delhi
6848,Pune
6849,Hyderabad
6850,Bengaluru
6851,Hyderabad
6852,Pune
6853,Pune
6854,Pune
6855,Pune
6856,Bengaluru
6857,Hyderabad
6858,Mumbai
6859,Bengaluru
6860,Pune
6861,Pune
6862,Bengaluru
6863,Hyderabad
6864,Hyderabad
6865,Delhi
6866,Delhi
6867,Delhi
6868,Pune
6869,Bengaluru
6870,Bengaluru
6871,Delhi
6872,Hyderabad
6873,Delhi
6874,Bengaluru
6875,Pune
6876,Delhi
6877,Mumbai
6878,Mumbai
6879,Hyderabad
6880,Bengaluru
6881,Pune
6882,Mumbai
6883,Delhi
6884,Pune
6885,Bengaluru
6886,Delhi
6887,Pune
6888,Bengaluru
6889,Pune
6890,Mumbai
6891,Mumbai
6892,Bengaluru
6893,Mumbai
6894,Bengaluru
6895,Hyderabad
6896,Mumbai
6897,Pune
6898,Pune
6899,Bengaluru
6900,Hyderabad
6901,Delhi
6902,Pune
6903,Hyderabad
6904,Pune
6905,Bengaluru
6906,Bengaluru
6907,Delhi
6908,Bengaluru
6909,Delhi
6910,Bengaluru
6911,Pune
6912,Bengaluru
6913,Mumbai
6914,Hyderabad
6915,Pune
6916,Hyderabad
6917,Mumbai
6918,Hyderabad
6919,Mumbai
6920,Bengaluru
6921,Bengaluru
6922,Mumbai
6923,Pune
6924,Bengaluru
6925,Pune
6926,Hyderabad
6927,Bengaluru
6928,Mumbai
6929,Mumbai
6930,Bengaluru
6931,Mumbai
6932,Bengaluru
6933,Delhi
6934,Bengaluru
6935,Pune
6936,Hyderabad
6937,Mumbai
6938,Hyderabad
6939,Bengaluru
6940,Bengaluru
6941,Bengaluru
6942,Pune
6943,Hyderabad
6944,Hyderabad
6945,Mumbai
6946,Bengaluru
6947,Mumbai
6948,Pune
6949,Delhi
6950,Pune
6951,Delhi
6952,Bengaluru
6953,Hyderabad
6954,Hyderabad
6955,Mumbai
6956,Delhi
6957,Mumbai
6958,Bengaluru
6959,Hyderabad
6960,Mumbai
6961,Delhi
6962,Bengaluru
6963,Bengaluru
6964,Delhi
6965,Mumbai
6966,Pune
6967,Mumbai
6968,Delhi
6969,Hyderabad
6970,Mumbai
6971,Pune
6972,Mumbai
6973,Hyderabad
6974,Bengaluru
6975,Mumbai
6976,Bengaluru
6977,Hyderabad
6978,Pune
6979,Mumbai
6980,Bengaluru
6981,Pune
6982,Bengaluru
6983,Bengaluru
6984,Bengaluru
6985,Mumbai
6986,Bengaluru
6987,Hyderabad
6988,Delhi
6989,Pune
6990,Pune
6991,Mumbai
6992,Mumbai
6993,Mumbai
6994,Delhi
6995,Hyderabad
6996,Pune
6997,Pune
6998,Mumbai
6999,Mumbai
7000,Hyderabad
7001,Bengaluru
7002,Hyderabad
7003,Mumbai
7004,Pune
7005,Hyderabad
7006,Bengaluru
7007,Delhi
7008,Delhi
7009,Pune
7010,Bengaluru
7011,Hyderabad
7012,Mumbai
7013,Mumbai
7014,Bengaluru
7015,Hyderabad
7016,Bengaluru
7017,Hyderabad
7018,Delhi
7019,Hyderabad
7020,Hyderabad
7021,Mumbai
7022,Pune
7023,Mumbai
7024,Delhi
7025,Bengaluru
7026,Mumbai
7027,Bengaluru
7028,Mumbai
7029,Pune
7030,Pune
7031,Mumbai
7032,Mumbai
7033,Bengaluru
7034,Bengaluru
7035,Delhi
7036,Delhi
7037,Mumbai
7038,Pune
7039,Delhi
7040,Delhi
7041,Hyderabad
7042,Pune
7043,Bengaluru
7044,Bengaluru
7045,Bengaluru
7046,Hyderabad
7047,Mumbai
7048,Mumbai
7049,Bengaluru
7050,Pune
7051,Hyderabad
7052,Bengaluru
7053,Bengaluru
7054,Mumbai
7055,Pune
7056,Hyderabad
7057,Hyderabad
7058,Delhi
7059,Pune
7060,Mumbai
7061,Delhi
7062,Mumbai
7063,Bengaluru
7064,Delhi
7065,Mumbai
7066,Bengaluru
7067,Mumbai
7068,Pune
7069,Mumbai
7070,Pune
7071,Mumbai
7072,Bengaluru
7073,Pune
7074,Hyderabad
7075,Pune
7076,Bengaluru
7077,Pune
7078,Mumbai
7079,Mumbai
7080,Hyderabad
7081,Pune
7082,Mumbai
7083,Pune
7084,Delhi
7085,Mumbai
7086,Pune
7087,Mumbai
7088,Delhi
7089,Delhi
7090,Mumbai
7091,Delhi
7092,Mumbai
7093,Bengaluru
7094,Hyderabad
7095,Bengaluru
7096,Delhi
7097,Mumbai
7098,Bengaluru
7099,Pune
7100,Pune
7101,Pune
7102,Mumbai
7103,Delhi
7104,Mumbai
7105,Delhi
7106,Hyderabad
7107,Mumbai
7108,Hyderabad
7109,Mumbai
7110,Hyderabad
7111,Hyderabad
7112,Mumbai
7113,Bengaluru
7114,Pune
7115,Hyderabad
7116,Pune
7117,Mumbai
7118,Hyderabad
7119,Pune
7120,Pune
7121,Delhi
7122,Bengaluru
7123,Pune
7124,Mumbai
7125,Mumbai
7126,Delhi
7127,Pune
7128,Hyderabad
7129,Mumbai
7130,Hyderabad
7131,Mumbai
7132,Hyderabad
7133,Bengaluru
7134,Pune
7135,Bengaluru
7136,Bengaluru
7137,Pune
7138,Hyderabad
7139,Bengaluru
7140,Pune
7141,Hyderabad
7142,Pune
7143,Pune
7144,Bengaluru
7145,Pune
7146,Pune
7147,Mumbai
7148,Bengaluru
7149,Hyderabad
7150,Bengaluru
7151,Pune
7152,Mumbai
7153,Mumbai
7154,Delhi
7155,Delhi
7156,Mumbai
7157,Bengaluru
7158,Bengaluru
7159,Pune
7160,Delhi
7161,Mumbai
7162,Pune
7163,Hyderabad
7164,Hyderabad
7165,Bengaluru
7166,Pune
7167,Pune
7168,Mumbai
7169,Pune
7170,Mumbai
7171,Delhi
7172,Pune
7173,Bengaluru
7174,Bengaluru
7175,Pune
7176,Delhi
7177,Hyderabad
7178,Bengaluru
7179,Delhi
7180,Pune
7181,Delhi
7182,Hyderabad
7183,Hyderabad
7184,Hyderabad
7185,Mumbai
7186,Bengaluru
7187,Hyderabad
7188,Delhi
7189,Bengaluru
7190,Hyderabad
7191,Delhi
7192,Bengaluru
7193,Bengaluru
7194,Pune
7195,Delhi
7196,Pune
7197,Hyderabad
7198,Bengaluru
7199,Delhi
7200,Delhi
7201,Mumbai
7202,Hyderabad
7203,Bengaluru
7204,Hyderabad
7205,Mumbai
7206,Mumbai
7207,Delhi
7208,Mumbai
7209,Hyderabad
7210,Bengaluru
7211,Pune
7212,Hyderabad
7213,Mumbai
7214,Mumbai
7215,Delhi
7216,Delhi
7217,Delhi
7218,Hyderabad
7219,Pune
7220,Delhi
7221,Bengaluru
7222,Bengaluru
7223,Delhi
7224,Delhi
7225,Pune
7226,Pune
7227,Hyderabad
7228,Hyderabad
7229,Bengaluru
7230,Pune
7231,Hyderabad
7232,Hyderabad
7233,Delhi
7234,Pune
7235,Hyderabad
7236,Delhi
7237,Bengaluru
7238,Mumbai
7239,Pune
7240,Bengaluru
7241,Bengaluru
7242,Pune
7243,Mumbai
7244,Delhi
7245,Bengaluru
7246,Bengaluru
7247,Mumbai
7248,Delhi
7249,Bengaluru
7250,Mumbai
7251,Pune
7252,Mumbai
7253,Mumbai
7254,Hyderabad
7255,Bengaluru
7256,Delhi
7257,Pune
7258,Hyderabad
7259,Mumbai
7260,Pune
7261,Delhi
7262,Pune
7263,Pune
7264,Bengaluru
7265,Delhi
7266,Mumbai
7267,Bengaluru
7268,Bengaluru
7269,Mumbai
7270,Hyderabad
7271,Delhi
7272,Pune
7273,Hyderabad
7274,Delhi
7275,Delhi
7276,Pune
7277,Hyderabad
7278,Hyderabad
7279,Hyderabad
7280,Pune
7281,Pune
7282,Delhi
7283,Hyderabad
7284,Mumbai
7285,Delhi
7286,Mumbai
7287,Delhi
7288,Mumbai
7289,Pune
7290,Delhi
7291,Delhi
7292,Bengaluru
7293,Mumbai
7294,Delhi
7295,Delhi
7296,Pune
7297,Mumbai
7298,Hyderabad
7299,Mumbai
7300,Hyderabad
7301,Delhi
7302,Mumbai
7303,Mumbai
7304,Mumbai
7305,Mumbai
7306,Mumbai
7307,Bengaluru
7308,Bengaluru
7309,Delhi
7310,Hyderabad
7311,Mumbai
7312,Pune
7313,Delhi
7314,Delhi
7315,Mumbai
7316,Mumbai
7317,Hyderabad
7318,Bengaluru
7319,Delhi
7320,Delhi
7321,Mumbai
7322,Delhi
7323,Pune
7324,Hyderabad
7325,Mumbai
7326,Hyderabad
7327,Delhi
7328,Bengaluru
7329,Bengaluru
7330,Pune
7331,Pune
7332,Mumbai
7333,Pune
7334,Delhi
7335,Mumbai
7336,Bengaluru
7337,Hyderabad
7338,Hyderabad
7339,Delhi
7340,Delhi
7341,Pune
7342,Delhi
7343,Hyderabad
7344,Mumbai
7345,Hyderabad
7346,Pune
7347,Delhi
7348,Bengaluru
7349,Pune
7350,Bengaluru
7351,Mumbai
7352,Hyderabad
7353,Bengaluru
7354,Delhi
7355,Bengaluru
7356,Pune
7357,Hyderabad
7358,Mumbai
7359,Pune
7360,Delhi
7361,Bengaluru
7362,Delhi
7363,Bengaluru
7364,Hyderabad
7365,Mumbai
7366,Hyderabad
7367,Hyderabad
7368,Mumbai
7369,Delhi
7370,Mumbai
7371,Bengaluru
7372,Bengaluru
7373,Hyderabad
7374,Pune
7375,Bengaluru
7376,Hyderabad
7377,Pune
7378,Mumbai
7379,Pune
7380,Delhi
7381,Hyderabad
7382,Hyderabad
7383,Hyderabad
7384,Bengaluru
7385,Delhi
7386,Pune
7387,Mumbai
7388,Pune
7389,Delhi
7390,Pune
7391,Delhi
7392,Bengaluru
7393,Delhi
7394,Delhi
7395,Delhi
7396,Delhi
7397,Pune
7398,Hyderabad
7399,Bengaluru
7400,Mumbai
7401,Pune
7402,Pune
7403,Pune
7404,Delhi
7405,Mumbai
7406,Pune
7407,Pune
7408,Mumbai
7409,Hyderabad
7410,Hyderabad
7411,Bengaluru
7412,Mumbai
7413,Mumbai
7414,Delhi
7415,Pune
7416,Hyderabad
7417,Delhi
7418,Bengaluru
7419,Hyderabad
7420,Pune
7421,Bengaluru
7422,Bengaluru
7423,Pune
7424,Delhi
7425,Pune
7426,Mumbai
7427,Hyderabad
7428,Pune
7429,Hyderabad
7430,Mumbai
7431,Mumbai
7432,Mumbai
7433,Pune
7434,Delhi
7435,Hyderabad
7436,Pune
7437,Bengaluru
7438,Delhi
7439,Hyderabad
7440,Delhi
7441,Pune
7442,Hyderabad
7443,Pune
7444,Mumbai
7445,Bengaluru
7446,Bengaluru
7447,Mumbai
7448,Delhi
7449,Delhi
7450,Pune
7451,Bengaluru
7452,Delhi
7453,Pune
7454,Mumbai
7455,Pune
7456,Mumbai
7457,Bengaluru
7458,Bengaluru
7459,Delhi
7460,Pune
7461,Bengaluru
7462,Hyderabad
7463,Delhi
7464,Hyderabad
7465,Pune
7466,Hyderabad
7467,Pune
7468,Delhi
7469,Pune
7470,Bengaluru
7471,Delhi
7472,Hyderabad
7473,Hyderabad
7474,Bengaluru
7475,Delhi
7476,Mumbai
7477,Hyderabad
7478,Bengaluru
7479,Mumbai
7480,Delhi
7481,Pune
7482,Mumbai
7483,Delhi
7484,Mumbai
7485,Bengaluru
7486,Delhi
7487,Delhi
7488,Pune
7489,Delhi
7490,Bengaluru
7491,Delhi
7492,Delhi
7493,Hyderabad
7494,Bengaluru
7495,Hyderabad
7496,Mumbai
7497,Mumbai
7498,Bengaluru
7499,Hyderabad
7500,Mumbai
7501,Hyderabad
7502,Delhi
7503,Delhi
7504,Delhi
7505,Delhi
7506,Delhi
7507,Bengaluru
7508,Hyderabad
7509,Hyderabad
7510,Delhi
7511,Mumbai
7512,Bengaluru
7513,Mumbai
7514,Hyderabad
7515,Delhi
7516,Delhi
7517,Pune
7518,Pune
7519,Delhi
7520,Mumbai
7521,Bengaluru
7522,Mumbai
7523,Mumbai
7524,Hyderabad
7525,Mumbai
7526,Mumbai
7527,Hyderabad
7528,Hyderabad
7529,Hyderabad
7530,Hyderabad
7531,Hyderabad
7532,Bengaluru
7533,Pune
7534,Pune
7535,Bengaluru
7536,Bengaluru
7537,Mumbai
7538,Bengaluru
7539,Pune
7540,Delhi
7541,Delhi
7542,Delhi
7543,Mumbai
7544,Pune
7545,Hyderabad
7546,Hyderabad
7547,Delhi
7548,Mumbai
7549,Delhi
7550,Bengaluru
7551,Bengaluru
7552,Mumbai
7553,Mumbai
7554,Mumbai
7555,Mumbai
7556,Delhi
7557,Mumbai
7558,Mumbai
7559,Mumbai
7560,Bengaluru
7561,Pune
7562,Bengaluru
7563,Bengaluru
7564,Bengaluru
7565,Pune
7566,Pune
7567,Bengaluru
7568,Mumbai
7569,Bengaluru
7570,Bengaluru
7571,Hyderabad
7572,Hyderabad
7573,Bengaluru
7574,Pune
7575,Bengaluru
7576,Delhi
7577,Bengaluru
7578,Bengaluru
7579,Delhi
7580,Bengaluru
7581,Bengaluru
7582,Bengaluru
7583,Hyderabad
7584,Mumbai
7585,Hyderabad
7586,Mumbai
7587,Mumbai
7588,Delhi
7589,Bengaluru
7590,Bengaluru
7591,Mumbai
7592,Delhi
7593,Hyderabad
7594,Delhi
7595,Delhi
7596,Mumbai
7597,Hyderabad
7598,Hyderabad
7599,Mumbai
7600,Hyderabad
7601,Hyderabad
7602,Bengaluru
7603,Bengaluru
7604,Hyderabad
7605,Bengaluru
7606,Hyderabad
7607,Mumbai
7608,Mumbai
7609,Delhi
7610,Mumbai
7611,Hyderabad
7612,Bengaluru
7613,Bengaluru
7614,Mumbai
7615,Hyderabad
7616,Pune
7617,Delhi
7618,Hyderabad
7619,Mumbai
7620,Pune
7621,Bengaluru
7622,Mumbai
7623,Delhi
7624,Pune
7625,Pune
7626,Mumbai
7627,Hyderabad
7628,Mumbai
7629,Pune
7630,Bengaluru
7631,Delhi
7632,Bengaluru
7633,Pune
7634,Bengaluru
7635,Hyderabad
7636,Mumbai
7637,Pune
7638,Delhi
7639,Delhi
7640,Hyderabad
7641,Bengaluru
7642,Bengaluru
7643,Delhi
7644,Pune
7645,Bengaluru
7646,Pune
7647,Delhi
7648,Pune
7649,Hyderabad
7650,Delhi
7651,Pune
7652,Mumbai
7653,Hyderabad
7654,Pune
7655,Delhi
7656,Pune
7657,Mumbai
7658,Bengaluru
7659,Pune
7660,Delhi
7661,Mumbai
7662,Bengaluru
7663,Pune
7664,Bengaluru
7665,Pune
7666,Pune
7667,Hyderabad
7668,Bengaluru
7669,Bengaluru
7670,Mumbai
7671,Pune
7672,Pune
7673,Hyderabad
7674,Bengaluru
7675,Mumbai
7676,Bengaluru
7677,Delhi
7678,Mumbai
7679,Delhi
7680,Mumbai
7681,Hyderabad
7682,Pune
7683,Bengaluru
7684,Mumbai
7685,Pune
7686,Pune
7687,Delhi
7688,Hyderabad
7689,Hyderabad
7690,Delhi
7691,Pune
7692,Delhi
7693,Pune
7694,Hyderabad
7695,Pune
7696,Pune
7697,Hyderabad
7698,Delhi
7699,Mumbai
7700,Pune
7701,Bengaluru
7702,Bengaluru
7703,Delhi
7704,Pune
7705,Pune
7706,Mumbai
7707,Mumbai
7708,Bengaluru
7709,Bengaluru
7710,Bengaluru
7711,Bengaluru
7712,Pune
7713,Bengaluru
7714,Mumbai
7715,Pune
7716,Hyderabad
7717,Delhi
7718,Mumbai
7719,Delhi
7720,Hyderabad
7721,Hyderabad
7722,Bengaluru
7723,Bengaluru
7724,Hyderabad
7725,Pune
7726,Pune
7727,Mumbai
7728,Delhi
7729,Pune
7730,Pune
7731,Hyderabad
7732,Delhi
7733,Hyderabad
7734,Delhi
7735,Hyderabad
7736,Hyderabad
7737,Bengaluru
7738,Bengaluru
7739,Pune
7740,Bengaluru
7741,Pune
7742,Pune
7743,Delhi
7744,Pune
7745,Pune
7746,Pune
7747,Bengaluru
7748,Bengaluru
7749,Mumbai
7750,Hyderabad
7751,Delhi
7752,Mumbai
7753,Pune
7754,Pune
7755,Mumbai
7756,Delhi
7757,Pune
7758,Pune
7759,Bengaluru
7760,Hyderabad
7761,Pune
7762,Hyderabad
7763,Hyderabad
7764,Hyderabad
7765,Pune
7766,Pune
7767,Hyderabad
7768,Mumbai
7769,Hyderabad
7770,Bengaluru
7771,Pune
7772,Delhi
7773,Pune
7774,Hyderabad
7775,Pune
7776,Hyderabad
7777,Delhi
7778,Delhi
7779,Delhi
7780,Bengaluru
7781,Bengaluru
7782,Hyderabad
7783,Bengaluru
7784,Mumbai
7785,Delhi
7786,Delhi
7787,Hyderabad
7788,Bengaluru
7789,Delhi
7790,Pune
7791,Bengaluru
7792,Pune
7793,Delhi
7794,Delhi
7795,Pune
7796,Delhi
7797,Bengaluru
7798,Mumbai
7799,Mumbai
7800,Mumbai
7801,Delhi
7802,Hyderabad
7803,Bengaluru
7804,Bengaluru
7805,Delhi
7806,Bengaluru
7807,Delhi
7808,Mumbai
7809,Bengaluru
7810,Hyderabad
7811,Delhi
7812,Bengaluru
7813,Pune
7814,Pune
7815,Hyderabad
7816,Hyderabad
7817,Pune
7818,Delhi
7819,Bengaluru
7820,Pune
7821,Hyderabad
7822,Bengaluru
7823,Delhi
7824,Pune
7825,Hyderabad
7826,Pune
7827,Delhi
7828,Hyderabad
7829,Bengaluru
7830,Pune
7831,Bengaluru
7832,Mumbai
7833,Delhi
7834,Pune
7835,Hyderabad
7836,Delhi
7837,Mumbai
7838,Hyderabad
7839,Delhi
7840,Delhi
7841,Pune
7842,Mumbai
7843,Pune
7844,Bengaluru
7845,Hyderabad
7846,Mumbai
7847,Delhi
7848,Delhi
7849,Bengaluru
7850,Delhi
7851,Hyderabad
7852,Pune
7853,Mumbai
7854,Hyderabad
7855,Bengaluru
7856,Hyderabad
7857,Bengaluru
7858,Hyderabad
7859,Delhi
7860,Delhi
7861,Bengaluru
7862,Hyderabad
7863,Hyderabad
7864,Pune
7865,Pune
7866,Mumbai
7867,Delhi
7868,Bengaluru
7869,Delhi
7870,Hyderabad
7871,Delhi
7872,Pune
7873,Hyderabad
7874,Delhi
7875,Mumbai
7876,Pune
7877,Pune
7878,Delhi
7879,Hyderabad
7880,Hyderabad
7881,Pune
7882,Hyderabad
7883,Mumbai
7884,Bengaluru
7885,Hyderabad
7886,Mumbai
7887,Hyderabad
7888,Pune
7889,Mumbai
7890,Pune
7891,Delhi
7892,Hyderabad
7893,Hyderabad
7894,Pune
7895,Hyderabad
7896,Bengaluru
7897,Hyderabad
7898,Mumbai
7899,Delhi
7900,Pune
7901,Mumbai
7902,Mumbai
7903,Mumbai
7904,Delhi
7905,Pune
7906,Pune
7907,Delhi
7908,Bengaluru
7909,Mumbai
7910,Pune
7911,Delhi
7912,Delhi
7913,Mumbai
7914,Delhi
7915,Hyderabad
7916,Mumbai
7917,Pune
7918,Mumbai
7919,Bengaluru
7920,Mumbai
7921,Mumbai
7922,Bengaluru
7923,Mumbai
7924,Delhi
7925,Pune
7926,Pune
7927,Hyderabad
7928,Pune
7929,Pune
7930,Bengaluru
7931,Mumbai
7932,Mumbai
7933,Delhi
7934,Mumbai
7935,Bengaluru
7936,Delhi
7937,Delhi
7938,Hyderabad
7939,Mumbai
7940,Bengaluru
7941,Pune
7942,Bengaluru
7943,Bengaluru
7944,Bengaluru
7945,Delhi
7946,Hyderabad
7947,Delhi
7948,Bengaluru
7949,Pune
7950,Delhi
7951,Bengaluru
7952,Pune
7953,Mumbai
7954,Mumbai
7955,Bengaluru
7956,Hyderabad
7957,Hyderabad
7958,Bengaluru
7959,Hyderabad
7960,Hyderabad
7961,Hyderabad
7962,Delhi
7963,Pune
7964,Bengaluru
7965,Mumbai
7966,Hyderabad
7967,Bengaluru
7968,Delhi
7969,Delhi
7970,Hyderabad
7971,Pune
7972,Mumbai
7973,Pune
7974,Mumbai
7975,Mumbai
7976,Bengaluru
7977,Mumbai
7978,Mumbai
7979,Delhi
7980,Pune
7981,Pune
7982,Delhi
7983,Hyderabad
7984,Bengaluru
7985,Pune
7986,Hyderabad
7987,Delhi
7988,Bengaluru
7989,Delhi
7990,Hyderabad
7991,Pune
7992,Pune
7993,Mumbai
7994,Delhi
7995,Mumbai
7996,Delhi
7997,Pune
7998,Delhi
7999,Delhi
8000,Bengaluru
8001,Hyderabad
8002,Bengaluru
8003,Bengaluru
8004,Mumbai
8005,Delhi
8006,Hyderabad
8007,Pune
8008,Delhi
8009,Delhi
8010,Bengaluru
8011,Hyderabad
8012,Mumbai
8013,Pune
8014,Pune
8015,Bengaluru
8016,Pune
8017,Delhi
8018,Delhi
8019,Bengaluru
8020,Mumbai
8021,Delhi
8022,Mumbai
8023,Mumbai
8024,Pune
8025,Delhi
8026,Pune
8027,Bengaluru
8028,Delhi
8029,Bengaluru
8030,Pune
8031,Pune
8032,Pune
8033,Delhi
8034,Pune
8035,Bengaluru
8036,Mumbai
8037,Delhi
8038,Hyderabad
8039,Bengaluru
8040,Delhi
8041,Pune
8042,Hyderabad
8043,Hyderabad
8044,Delhi
8045,Pune
8046,Bengaluru
8047,Bengaluru
8048,Mumbai
8049,Pune
8050,Mumbai
8051,Bengaluru
8052,Pune
8053,Mumbai
8054,Delhi
8055,Delhi
8056,Hyderabad
8057,Bengaluru
8058,Bengaluru
8059,Mumbai
8060,Mumbai
8061,Hyderabad
8062,Mumbai
8063,Hyderabad
8064,Pune
8065,Delhi
8066,Pune
8067,Pune
8068,Mumbai
8069,Delhi
8070,Mumbai
8071,Hyderabad
8072,Delhi
8073,Delhi
8074,Mumbai
8075,Bengaluru
8076,Pune
8077,Delhi
8078,Mumbai
8079,Pune
8080,Pune
8081,Hyderabad
8082,Mumbai
8083,Bengaluru
8084,Bengaluru
8085,Hyderabad
8086,Hyderabad
8087,Mumbai
8088,Bengaluru
8089,Pune
8090,Mumbai
8091,Delhi
8092,Mumbai
8093,Bengaluru
8094,Pune
8095,Hyderabad
8096,Pune
8097,Hyderabad
8098,Delhi
8099,Mumbai
8100,Bengaluru
8101,Delhi
8102,Mumbai
8103,Hyderabad
8104,Bengaluru
8105,Bengaluru
8106,Hyderabad
8107,Pune
8108,Pune
8109,Pune
8110,Bengaluru
8111,Mumbai
8112,Mumbai
8113,Mumbai
8114,Delhi
8115,Delhi
8116,Pune
8117,Pune
8118,Mumbai
8119,Pune
8120,Mumbai
8121,Hyderabad
8122,Mumbai
8123,Delhi
8124,Mumbai
8125,Pune
8126,Mumbai
8127,Pune
8128,Mumbai
8129,Bengaluru
8130,Delhi
8131,Delhi
8132,Mumbai
8133,Hyderabad
8134,Pune
8135,Mumbai
8136,Delhi
8137,Hyderabad
8138,Pune
8139,Bengaluru
8140,Bengaluru
8141,Pune
8142,Mumbai
8143,Delhi
8144,Pune
8145,Mumbai
8146,Pune
8147,Pune
8148,Hyderabad
8149,Delhi
8150,Bengaluru
8151,Bengaluru
8152,Hyderabad
8153,Bengaluru
8154,Bengaluru
8155,Delhi
8156,Mumbai
8157,Pune
8158,Delhi
8159,Hyderabad
8160,Hyderabad
8161,Bengaluru
8162,Bengaluru
8163,Delhi
8164,Hyderabad
8165,Hyderabad
8166,Pune
8167,Delhi
8168,Pune
8169,Delhi
8170,Mumbai
8171,Hyderabad
8172,Bengaluru
8173,Hyderabad
8174,Mumbai
8175,Delhi
8176,Mumbai
8177,Hyderabad
8178,Pune
8179,Delhi
8180,Pune
8181,Mumbai
8182,Bengaluru
8183,Delhi
8184,Hyderabad
8185,Pune
8186,Mumbai
8187,Delhi
8188,Bengaluru
8189,Delhi
8190,Bengaluru
8191,Mumbai
8192,Pune
8193,Delhi
8194,Delhi
8195,Pune
8196,Delhi
8197,Delhi
8198,Hyderabad
8199,Delhi
8200,Hyderabad
8201,Delhi
8202,Pune
8203,Mumbai
8204,Delhi
8205,Pune
8206,Mumbai
8207,Hyderabad
8208,Pune
8209,Bengaluru
8210,Mumbai
8211,Mumbai
8212,Bengaluru
8213,Mumbai
8214,Mumbai
8215,Bengaluru
8216,Pune
8217,Delhi
8218,Mumbai
8219,Pune
8220,Pune
8221,Bengaluru
8222,Pune
8223,Bengaluru
8224,Pune
8225,Delhi
8226,Hyderabad
8227,Pune
8228,Pune
8229,Pune
8230,Bengaluru
8231,Mumbai
8232,Bengaluru
8233,Delhi
8234,Bengaluru
8235,Mumbai
8236,Delhi
8237,Mumbai
8238,Mumbai
8239,Hyderabad
8240,Delhi
8241,Hyderabad
8242,Hyderabad
8243,Mumbai
8244,Hyderabad
8245,Bengaluru
8246,Hyderabad
8247,Hyderabad
8248,Mumbai
8249,Pune
8250,Bengaluru
8251,Mumbai
8252,Pune
8253,Bengaluru
8254,Delhi
8255,Bengaluru
8256,Delhi
8257,Bengaluru
8258,Pune
8259,Delhi
8260,Hyderabad
8261,Bengaluru
8262,Delhi
8263,Mumbai
8264,Bengaluru
8265,Bengaluru
8266,Pune
8267,Pune
8268,Pune
8269,Delhi
8270,Hyderabad
8271,Bengaluru
8272,Delhi
8273,Bengaluru
8274,Hyderabad
8275,Pune
8276,Delhi
8277,Hyderabad
8278,Mumbai
8279,Mumbai
8280,Bengaluru
8281,Delhi
8282,Delhi
8283,Bengaluru
8284,Bengaluru
8285,Hyderabad
8286,Hyderabad
8287,Pune
8288,Bengaluru
8289,Pune
8290,Delhi
8291,Mumbai
8292,Mumbai
8293,Pune
8294,Bengaluru
8295,Bengaluru
8296,Mumbai
8297,Mumbai
8298,Pune
8299,Pune
8300,Delhi
8301,Mumbai
8302,Bengaluru
8303,Delhi
8304,Pune
8305,Pune
8306,Delhi
8307,Hyderabad
8308,Mumbai
8309,Delhi
8310,Bengaluru
8311,Delhi
8312,Hyderabad
8313,Mumbai
8314,Pune
8315,Pune
8316,Pune
8317,Pune
8318,Delhi
8319,Hyderabad
8320,Hyderabad
8321,Pune
8322,Bengaluru
8323,Pune
8324,Delhi
8325,Hyderabad
8326,Mumbai
8327,Pune
8328,Pune
8329,Bengaluru
8330,Bengaluru
8331,Hyderabad
8332,Delhi
8333,Pune
8334,Mumbai
8335,Mumbai
8336,Pune
8337,Hyderabad
8338,Hyderabad
8339,Bengaluru
8340,Delhi
8341,Pune
8342,Pune
8343,Bengaluru
8344,Pune
8345,Delhi
8346,Mumbai
8347,Mumbai
8348,Delhi
8349,Mumbai
8350,Hyderabad
8351,Pune
8352,Delhi
8353,Hyderabad
8354,Bengaluru
8355,Hyderabad
8356,Bengaluru
8357,Bengaluru
8358,Hyderabad
8359,Bengaluru
8360,Hyderabad
8361,Pune
8362,Pune
8363,Bengaluru
8364,Pune
8365,Hyderabad
8366,Delhi
8367,Delhi
8368,Delhi
8369,Hyderabad
8370,Bengaluru
8371,Hyderabad
8372,Bengaluru
8373,Bengaluru
8374,Pune
8375,Mumbai
8376,Mumbai
8377,Pune
8378,Bengaluru
8379,Bengaluru
8380,Pune
8381,Delhi
8382,Delhi
8383,Hyderabad
8384,Pune
8385,Pune
8386,Hyderabad
8387,Delhi
8388,Delhi
8389,Mumbai
8390,Mumbai
8391,Mumbai
8392,Bengaluru
8393,Hyderabad
8394,Delhi
8395,Bengaluru
8396,Pune
8397,Hyderabad
8398,Bengaluru
8399,Bengaluru
8400,Pune
8401,Bengaluru
8402,Bengaluru
8403,Mumbai
8404,Pune
8405,Pune
8406,Pune
8407,Hyderabad
8408,Pune
8409,Delhi
8410,Hyderabad
8411,Hyderabad
8412,Delhi
8413,Pune
8414,Delhi
8415,Bengaluru
8416,Mumbai
8417,Mumbai
8418,Bengaluru
8419,Mumbai
8420,Bengaluru
8421,Bengaluru
8422,Mumbai
8423,Bengaluru
8424,Mumbai
8425,Pune
8426,Mumbai
8427,Mumbai
8428,Pune
8429,Hyderabad
8430,Mumbai
8431,Bengaluru
8432,Delhi
8433,Pune
8434,Mumbai
8435,Pune
8436,Pune
8437,Bengaluru
8438,Bengaluru
8439,Mumbai
8440,Mumbai
8441,Pune
8442,Pune
8443,Pune
8444,Bengaluru
8445,Pune
8446,Hyderabad
8447,Mumbai
8448,Mumbai
8449,Delhi
8450,Hyderabad
8451,Pune
8452,Bengaluru
8453,Delhi
8454,Bengaluru
8455,Bengaluru
8456,Pune
8457,Pune
8458,Pune
8459,Hyderabad
8460,Hyderabad
8461,Hyderabad
8462,Delhi
8463,Bengaluru
8464,Pune
8465,Pune
8466,Pune
8467,Hyderabad
8468,Hyderabad
8469,Hyderabad
8470,Pune
8471,Mumbai
8472,Bengaluru
8473,Hyderabad
8474,Bengaluru
8475,Pune
8476,Hyderabad
8477,Delhi
8478,Hyderabad
8479,Bengaluru
8480,Delhi
8481,Pune
8482,Pune
8483,Bengaluru
8484,Pune
8485,Hyderabad
8486,Delhi
8487,Pune
8488,Pune
8489,Bengaluru
8490,Mumbai
8491,Delhi
8492,Mumbai
8493,Pune
8494,Delhi
8495,Pune
8496,Mumbai
8497,Hyderabad
8498,Mumbai
8499,Hyderabad
8500,Delhi
8501,Hyderabad
8502,Pune
8503,Mumbai
8504,Delhi
8505,Pune
8506,Pune
8507,Delhi
8508,Pune
8509,Mumbai
8510,Hyderabad
8511,Mumbai
8512,Delhi
8513,Bengaluru
8514,Pune
8515,Mumbai
8516,Mumbai
8517,Mumbai
8518,Mumbai
8519,Hyderabad
8520,Pune
8521,Bengaluru
8522,Pune
8523,Pune
8524,Delhi
8525,Mumbai
8526,Mumbai
8527,Hyderabad
8528,Bengaluru
8529,Bengaluru
8530,Delhi
8531,Delhi
8532,Delhi
8533,Mumbai
8534,Mumbai
8535,Hyderabad
8536,Bengaluru
8537,Bengaluru
8538,Delhi
8539,Pune
8540,Bengaluru
8541,Hyderabad
8542,Mumbai
8543,Bengaluru
8544,Hyderabad
8545,Mumbai
8546,Pune
8547,Delhi
8548,Delhi
8549,Delhi
8550,Bengaluru
8551,Hyderabad
8552,Delhi
8553,Mumbai
8554,Hyderabad
8555,Hyderabad
8556,Bengaluru
8557,Bengaluru
8558,Pune
8559,Pune
8560,Bengaluru
8561,Bengaluru
8562,Hyderabad
8563,Hyderabad
8564,Bengaluru
8565,Hyderabad
8566,Bengaluru
8567,Hyderabad
8568,Bengaluru
8569,Mumbai
8570,Bengaluru
8571,Mumbai
8572,Delhi
8573,Mumbai
8574,Delhi
8575,Pune
8576,Hyderabad
8577,Pune
8578,Bengaluru
8579,Mumbai
8580,Delhi
8581,Delhi
8582,Mumbai
8583,Bengaluru
8584,Mumbai
8585,Pune
8586,Pune
8587,Bengaluru
8588,Mumbai
8589,Pune
8590,Delhi
8591,Delhi
8592,Hyderabad
8593,Mumbai
8594,Bengaluru
8595,Delhi
8596,Delhi
8597,Pune
8598,Delhi
8599,Mumbai
8600,Mumbai
8601,Hyderabad
8602,Pune
8603,Mumbai
8604,Mumbai
8605,Pune
8606,Pune
8607,Pune
8608,Pune
8609,Hyderabad
8610,Delhi
8611,Bengaluru
8612,Pune
8613,Mumbai
8614,Bengaluru
8615,Hyderabad
8616,Bengaluru
8617,Bengaluru
8618,Delhi
8619,Delhi
8620,Pune
8621,Mumbai
8622,Pune
8623,Bengaluru
8624,Pune
8625,Bengaluru
8626,Mumbai
8627,Hyderabad
8628,Bengaluru
8629,Hyderabad
8630,Delhi
8631,Pune
8632,Pune
8633,Hyderabad
8634,Delhi
8635,Delhi
8636,Delhi
8637,Bengaluru
8638,Delhi
8639,Hyderabad
8640,Hyderabad
8641,Mumbai
8642,Pune
8643,Pune
8644,Mumbai
8645,Hyderabad
8646,Hyderabad
8647,Hyderabad
8648,Pune
8649,Delhi
8650,Pune
8651,Mumbai
8652,Delhi
8653,Bengaluru
8654,Bengaluru
8655,Hyderabad
8656,Delhi
8657,Pune
8658,Mumbai
8659,Hyderabad
8660,Hyderabad
8661,Delhi
8662,Mumbai
8663,Bengaluru
8664,Hyderabad
8665,Hyderabad
8666,Delhi
8667,Hyderabad
8668,Delhi
8669,Mumbai
8670,Bengaluru
8671,Bengaluru
8672,Hyderabad
8673,Hyderabad
8674,Delhi
8675,Mumbai
8676,Delhi
8677,Pune
8678,Hyderabad
8679,Bengaluru
8680,Bengaluru
8681,Delhi
8682,Delhi
8683,Hyderabad
8684,Delhi
8685,Bengaluru
8686,Bengaluru
8687,Bengaluru
8688,Pune
8689,Delhi
8690,Hyderabad
8691,Bengaluru
8692,Pune
8693,Delhi
8694,Mumbai
8695,Hyderabad
8696,Hyderabad
8697,Hyderabad
8698,Hyderabad
8699,Mumbai
8700,Delhi
8701,Delhi
8702,Delhi
8703,Hyderabad
8704,Mumbai
8705,Pune
8706,Hyderabad
8707,Mumbai
8708,Bengaluru
8709,Delhi
8710,Hyderabad
8711,Hyderabad
8712,Mumbai
8713,Delhi
8714,Pune
8715,Bengaluru
8716,Mumbai
8717,Pune
8718,Pune
8719,Bengaluru
8720,Bengaluru
8721,Bengaluru
8722,Pune
8723,Mumbai
8724,Pune
8725,Mumbai
8726,Pune
8727,Bengaluru
8728,Delhi
8729,Hyderabad
8730,Pune
8731,Hyderabad
8732,Hyderabad
8733,Hyderabad
8734,Pune
8735,Delhi
8736,Hyderabad
8737,Pune
8738,Pune
8739,Pune
8740,Pune
8741,Pune
8742,Mumbai
8743,Mumbai
8744,Hyderabad
8745,Mumbai
8746,Pune
8747,Pune
8748,Mumbai
8749,Hyderabad
8750,Hyderabad
8751,Bengaluru
8752,Mumbai
8753,Pune
8754,Pune
8755,Bengaluru
8756,Mumbai
8757,Hyderabad
8758,Delhi
8759,Bengaluru
8760,Hyderabad
8761,Pune
8762,Bengaluru
8763,Bengaluru
8764,Delhi
8765,Hyderabad
8766,Delhi
8767,Bengaluru
8768,Hyderabad
8769,Mumbai
8770,Bengaluru
8771,Delhi
8772,Delhi
8773,Delhi
8774,Delhi
8775,Delhi
8776,Pune
8777,Bengaluru
8778,Mumbai
8779,Mumbai
8780,Hyderabad
8781,Pune
8782,Bengaluru
8783,Delhi
8784,Delhi
8785,Mumbai
8786,Mumbai
8787,Pune
8788,Bengaluru
8789,Bengaluru
8790,Hyderabad
8791,Delhi
8792,Bengaluru
8793,Bengaluru
8794,Pune
8795,Pune
8796,Hyderabad
8797,Delhi
8798,Hyderabad
8799,Pune
8800,Delhi
8801,Pune
8802,Pune
8803,Hyderabad
8804,Mumbai
8805,Mumbai
8806,Hyderabad
8807,Pune
8808,Pune
8809,Pune
8810,Mumbai
8811,Delhi
8812,Bengaluru
8813,Hyderabad
8814,Hyderabad
8815,Pune
8816,Pune
8817,Mumbai
8818,Pune
8819,Delhi
8820,Hyderabad
8821,Bengaluru
8822,Pune
8823,Delhi
8824,Bengaluru
8825,Mumbai
8826,Bengaluru
8827,Hyderabad
8828,Delhi
8829,Hyderabad
8830,Bengaluru
8831,Hyderabad
8832,Bengaluru
8833,Mumbai
8834,Hyderabad
8835,Hyderabad
8836,Hyderabad
8837,Bengaluru
8838,Hyderabad
8839,Hyderabad
8840,Mumbai
8841,Pune
8842,Hyderabad
8843,Bengaluru
8844,Bengaluru
8845,Hyderabad
8846,Mumbai
8847,Bengaluru
8848,Delhi
8849,Mumbai
8850,Mumbai
8851,Hyderabad
8852,Pune
8853,Bengaluru
8854,Hyderabad
8855,Hyderabad
8856,Delhi
8857,Pune
8858,Hyderabad
8859,Bengaluru
8860,Pune
8861,Bengaluru
8862,Delhi
8863,Pune
8864,Mumbai
8865,Pune
8866,Bengaluru
8867,Hyderabad
8868,Delhi
8869,Pune
8870,Delhi
8871,Bengaluru
8872,Bengaluru
8873,Bengaluru
8874,Hyderabad
8875,Mumbai
8876,Delhi
8877,Mumbai
8878,Mumbai
8879,Delhi
8880,Bengaluru
8881,Mumbai
8882,Delhi
8883,Pune
8884,Mumbai
8885,Bengaluru
8886,Hyderabad
8887,Delhi
8888,Mumbai
8889,Bengaluru
8890,Bengaluru
8891,Delhi
8892,Pune
8893,Bengaluru
8894,Delhi
8895,Mumbai
8896,Pune
8897,Delhi
8898,Delhi
8899,Pune
8900,Bengaluru
8901,Bengaluru
8902,Mumbai
8903,Mumbai
8904,Hyderabad
8905,Hyderabad
8906,Mumbai
8907,Pune
8908,Hyderabad
8909,Hyderabad
8910,Pune
8911,Bengaluru
8912,Delhi
8913,Bengaluru
8914,Delhi
8915,Pune
8916,Hyderabad
8917,Pune
8918,Bengaluru
8919,Pune
8920,Bengaluru
8921,Pune
8922,Mumbai
8923,Bengaluru
8924,Delhi
8925,Hyderabad
8926,Hyderabad
8927,Bengaluru
8928,Mumbai
8929,Hyderabad
8930,Mumbai
8931,Delhi
8932,Hyderabad
8933,Pune
8934,Pune
8935,Bengaluru
8936,Hyderabad
8937,Mumbai
8938,Mumbai
8939,Delhi
8940,Hyderabad
8941,Mumbai
8942,Mumbai
8943,Hyderabad
8944,Pune
8945,Hyderabad
8946,Pune
8947,Bengaluru
8948,Bengaluru
8949,Pune
8950,Hyderabad
8951,Delhi
8952,Mumbai
8953,Bengaluru
8954,Bengaluru
8955,Pune
8956,Delhi
8957,Hyderabad
8958,Delhi
8959,Pune
8960,Delhi
8961,Mumbai
8962,Hyderabad
8963,Hyderabad
8964,Delhi
8965,Bengaluru
8966,Mumbai
8967,Hyderabad
8968,Hyderabad
8969,Bengaluru
8970,Delhi
8971,Bengaluru
8972,Pune
8973,Bengaluru
8974,Mumbai
8975,Hyderabad
8976,Delhi
8977,Pune
8978,Mumbai
8979,Hyderabad
8980,Hyderabad
8981,Delhi
8982,Delhi
8983,Delhi
8984,Pune
8985,Delhi
8986,Mumbai
8987,Delhi
8988,Delhi
8989,Mumbai
8990,Pune
8991,Hyderabad
8992,Delhi
8993,Bengaluru
8994,Mumbai
8995,Bengaluru
8996,Hyderabad
8997,Pune
8998,Bengaluru
8999,Bengaluru
9000,Mumbai
9001,Pune
9002,Hyderabad
9003,Pune
9004,Pune
9005,Hyderabad
9006,Bengaluru
9007,Bengaluru
9008,Hyderabad
9009,Bengaluru
9010,Pune
9011,Bengaluru
9012,Delhi
9013,Pune
9014,Hyderabad
9015,Delhi
9016,Pune
9017,Mumbai
9018,Bengaluru
9019,Bengaluru
9020,Pune
9021,Delhi
9022,Mumbai
9023,Pune
9024,Bengaluru
9025,Mumbai
9026,Bengaluru
9027,Delhi
9028,Delhi
9029,Mumbai
9030,Bengaluru
9031,Hyderabad
9032,Delhi
9033,Mumbai
9034,Mumbai
9035,Pune
9036,Delhi
9037,Bengaluru
9038,Delhi
9039,Pune
9040,Hyderabad
9041,Mumbai
9042,Bengaluru
9043,Mumbai
9044,Pune
9045,Bengaluru
9046,Delhi
9047,Hyderabad
9048,Hyderabad
9049,Pune
9050,Mumbai
9051,Hyderabad
9052,Mumbai
9053,Hyderabad
9054,Hyderabad
9055,Hyderabad
9056,Mumbai
9057,Bengaluru
9058,Hyderabad
9059,Mumbai
9060,Bengaluru
9061,Mumbai
9062,Delhi
9063,Hyderabad
9064,Mumbai
9065,Hyderabad
9066,Delhi
9067,Mumbai
9068,Bengaluru
9069,Hyderabad
9070,Hyderabad
9071,Delhi
9072,Hyderabad
9073,Pune
9074,Bengaluru
9075,Pune
9076,Bengaluru
9077,Delhi
9078,Pune
9079,Pune
9080,Delhi
9081,Bengaluru
9082,Hyderabad
9083,Pune
9084,Pune
9085,Delhi
9086,Hyderabad
9087,Bengaluru
9088,Mumbai
9089,Bengaluru
9090,Delhi
9091,Pune
9092,Hyderabad
9093,Pune
9094,Delhi
9095,Bengaluru
9096,Pune
9097,Mumbai
9098,Delhi
9099,Bengaluru
9100,Hyderabad
9101,Bengaluru
9102,Mumbai
9103,Pune
9104,Bengaluru
9105,Mumbai
9106,Mumbai
9107,Mumbai
9108,Delhi
9109,Delhi
9110,Bengaluru
9111,Bengaluru
9112,Bengaluru
9113,Pune
9114,Pune
9115,Bengaluru
9116,Hyderabad
9117,Delhi
9118,Delhi
9119,Mumbai
9120,Bengaluru
9121,Pune
9122,Mumbai
9123,Delhi
9124,Bengaluru
9125,Delhi
9126,Hyderabad
9127,Mumbai
9128,Bengaluru
9129,Hyderabad
9130,Hyderabad
9131,Pune
9132,Bengaluru
9133,Pune
9134,Hyderabad
9135,Bengaluru
9136,Bengaluru
9137,Bengaluru
9138,Bengaluru
9139,Pune
9140,Delhi
9141,Bengaluru
9142,Mumbai
9143,Bengaluru
9144,Pune
9145,Bengaluru
9146,Delhi
9147,Hyderabad
9148,Pune
9149,Bengaluru
9150,Bengaluru
9151,Bengaluru
9152,Hyderabad
9153,Bengaluru
9154,Delhi
9155,Pune
9156,Pune
9157,Bengaluru
9158,Hyderabad
9159,Pune
9160,Mumbai
9161,Hyderabad
9162,Hyderabad
9163,Bengaluru
9164,Pune
9165,Pune
9166,Pune
9167,Pune
9168,Hyderabad
9169,Hyderabad
9170,Bengaluru
9171,Delhi
9172,Bengaluru
9173,Pune
9174,Hyderabad
9175,Delhi
9176,Hyderabad
9177,Mumbai
9178,Bengaluru
9179,Bengaluru
9180,Bengaluru
9181,Hyderabad
9182,Bengaluru
9183,Hyderabad
9184,Mumbai
9185,Hyderabad
9186,Mumbai
9187,Hyderabad
9188,Delhi
9189,Delhi
9190,Pune
9191,Pune
9192,Hyderabad
9193,Pune
9194,Mumbai
9195,Mumbai
9196,Mumbai
9197,Bengaluru
9198,Bengaluru
9199,Mumbai
9200,Delhi
9201,Hyderabad
9202,Pune
9203,Hyderabad
9204,Delhi
9205,Delhi
9206,Hyderabad
9207,Hyderabad
9208,Mumbai
9209,Mumbai
9210,Pune
9211,Delhi
9212,Hyderabad
9213,Delhi
9214,Delhi
9215,Delhi
9216,Bengaluru
9217,Hyderabad
9218,Hyderabad
9219,Mumbai
9220,Bengaluru
9221,Mumbai
9222,Hyderabad
9223,Hyderabad
9224,Bengaluru
9225,Pune
9226,Delhi
9227,Mumbai
9228,Mumbai
9229,Mumbai
9230,Bengaluru
9231,Delhi
9232,Mumbai
9233,Pune
9234,Pune
9235,Hyderabad
9236,Delhi
9237,Hyderabad
9238,Hyderabad
9239,Delhi
9240,Hyderabad
9241,Delhi
9242,Pune
9243,Delhi
9244,Mumbai
9245,Bengaluru
9246,Pune
9247,Bengaluru
9248,Pune
9249,Mumbai
9250,Bengaluru
9251,Mumbai
9252,Mumbai
9253,Pune
9254,Hyderabad
9255,Mumbai
9256,Mumbai
9257,Pune
9258,Delhi
9259,Pune
9260,Mumbai
9261,Pune
9262,Mumbai
9263,Bengaluru
9264,Delhi
9265,Bengaluru
9266,Bengaluru
9267,Delhi
9268,Bengaluru
9269,Hyderabad
9270,Bengaluru
9271,Mumbai
9272,Delhi
9273,Pune
9274,Mumbai
9275,Hyderabad
9276,Delhi
9277,Bengaluru
9278,Bengaluru
9279,Mumbai
9280,Mumbai
9281,Delhi
9282,Mumbai
9283,Mumbai
9284,Delhi
9285,Mumbai
9286,Delhi
9287,Hyderabad
9288,Mumbai
9289,Mumbai
9290,Mumbai
9291,Bengaluru
9292,Mumbai
9293,Delhi
9294,Bengaluru
9295,Bengaluru
9296,Mumbai
9297,Pune
9298,Bengaluru
9299,Delhi
9300,Mumbai
9301,Delhi
9302,Pune
9303,Mumbai
9304,Delhi
9305,Delhi
9306,Mumbai
9307,Hyderabad
9308,Hyderabad
9309,Pune
9310,Bengaluru
9311,Bengaluru
9312,Mumbai
9313,Mumbai
9314,Mumbai
9315,Mumbai
9316,Hyderabad
9317,Pune
9318,Delhi
9319,Delhi
9320,Hyderabad
9321,Pune
9322,Mumbai
9323,Bengaluru
9324,Hyderabad
9325,Hyderabad
9326,Mumbai
9327,Hyderabad
9328,Delhi
9329,Mumbai
9330,Delhi
9331,Mumbai
9332,Bengaluru
9333,Delhi
9334,Mumbai
9335,Hyderabad
9336,Hyderabad
9337,Pune
9338,Mumbai
9339,Bengaluru
9340,Pune
9341,Hyderabad
9342,Bengaluru
9343,Mumbai
9344,Hyderabad
9345,Pune
9346,Hyderabad
9347,Delhi
9348,Pune
9349,Hyderabad
9350,Pune
9351,Mumbai
9352,Delhi
9353,Delhi
9354,Hyderabad
9355,Pune
9356,Pune
9357,Pune
9358,Delhi
9359,Hyderabad
9360,Pune
9361,Hyderabad
9362,Bengaluru
9363,Mumbai
9364,Mumbai
9365,Mumbai
9366,Pune
9367,Mumbai
9368,Pune
9369,Mumbai
9370,Delhi
9371,Pune
9372,Pune
9373,Hyderabad
9374,Mumbai
9375,Delhi
9376,Delhi
9377,Hyderabad
9378,Bengaluru
9379,Mumbai
9380,Bengaluru
9381,Delhi
9382,Pune
9383,Hyderabad
9384,Delhi
9385,Mumbai
9386,Hyderabad
9387,Bengaluru
9388,Pune
9389,Hyderabad
9390,Hyderabad
9391,Delhi
9392,Pune
9393,Pune
9394,Pune
9395,Pune
9396,Pune
9397,Delhi
9398,Pune
9399,Delhi
9400,Delhi
9401,Pune
9402,Bengaluru
9403,Mumbai
9404,Pune
9405,Mumbai
9406,Delhi
9407,Bengaluru
9408,Delhi
9409,Bengaluru
9410,Delhi
9411,Hyderabad
9412,Hyderabad
9413,Hyderabad
9414,Bengaluru
9415,Delhi
9416,Mumbai
9417,Bengaluru
9418,Bengaluru
9419,Bengaluru
9420,Delhi
9421,Bengaluru
9422,Hyderabad
9423,Mumbai
9424,Delhi
9425,Mumbai
9426,Delhi
9427,Delhi
9428,Delhi
9429,Delhi
9430,Mumbai
9431,Hyderabad
9432,Mumbai
9433,Hyderabad
9434,Delhi
9435,Bengaluru
9436,Delhi
9437,Delhi
9438,Delhi
9439,Pune
9440,Pune
9441,Hyderabad
9442,Bengaluru
9443,Pune
9444,Hyderabad
9445,Mumbai
9446,Pune
9447,Mumbai
9448,Mumbai
9449,Mumbai
9450,Pune
9451,Mumbai
9452,Hyderabad
9453,Hyderabad
9454,Hyderabad
9455,Pune
9456,Pune
9457,Delhi
9458,Bengaluru
9459,Delhi
9460,Mumbai
9461,Pune
9462,Pune
9463,Mumbai
9464,Pune
9465,Pune
9466,Hyderabad
9467,Bengaluru
9468,Delhi
9469,Mumbai
9470,Hyderabad
9471,Mumbai
9472,Delhi
9473,Bengaluru
9474,Pune
9475,Delhi
9476,Delhi
9477,Mumbai
9478,Pune
9479,Pune
9480,Pune
9481,Hyderabad
9482,Delhi
9483,Delhi
9484,Hyderabad
9485,Bengaluru
9486,Hyderabad
9487,Bengaluru
9488,Mumbai
9489,Mumbai
9490,Delhi
9491,Hyderabad
9492,Hyderabad
9493,Hyderabad
9494,Hyderabad
9495,Pune
9496,Pune
9497,Mumbai
9498,Pune
9499,Bengaluru
9500,Hyderabad
9501,Pune
9502,Mumbai
9503,Pune
9504,Bengaluru
9505,Delhi
9506,Hyderabad
9507,Pune
9508,Delhi
9509,Bengaluru
9510,Mumbai
9511,Bengaluru
9512,Hyderabad
9513,Mumbai
9514,Bengaluru
9515,Hyderabad
9516,Pune
9517,Bengaluru
9518,Mumbai
9519,Mumbai
9520,Bengaluru
9521,Pune
9522,Delhi
9523,Mumbai
9524,Mumbai
9525,Delhi
9526,Hyderabad
9527,Bengaluru
9528,Pune
9529,Bengaluru
9530,Delhi
9531,Hyderabad
9532,Bengaluru
9533,Mumbai
9534,Delhi
9535,Pune
9536,Pune
9537,Mumbai
9538,Bengaluru
9539,Mumbai
9540,Hyderabad
9541,Pune
9542,Pune
9543,Bengaluru
9544,Pune
9545,Mumbai
9546,Mumbai
9547,Mumbai
9548,Delhi
9549,Pune
9550,Pune
9551,Mumbai
9552,Hyderabad
9553,Hyderabad
9554,Delhi
9555,Hyderabad
9556,Mumbai
9557,Hyderabad
9558,Pune
9559,Delhi
9560,Mumbai
9561,Bengaluru
9562,Mumbai
9563,Pune
9564,Bengaluru
9565,Pune
9566,Hyderabad
9567,Mumbai
9568,Hyderabad
9569,Delhi
9570,Hyderabad
9571,Pune
9572,Pune
9573,Pune
9574,Hyderabad
9575,Bengaluru
9576,Bengaluru
9577,Delhi
9578,Pune
9579,Delhi
9580,Delhi
9581,Pune
9582,Hyderabad
9583,Mumbai
9584,Pune
9585,Mumbai
9586,Mumbai
9587,Hyderabad
9588,Pune
9589,Pune
9590,Pune
9591,Mumbai
9592,Hyderabad
9593,Bengaluru
9594,Pune
9595,Bengaluru
9596,Mumbai
9597,Mumbai
9598,Delhi
9599,Hyderabad
9600,Delhi
9601,Bengaluru
9602,Mumbai
9603,Pune
9604,Pune
9605,Hyderabad
9606,Bengaluru
9607,Delhi
9608,Bengaluru
9609,Bengaluru
9610,Hyderabad
9611,Delhi
9612,Pune
9613,Pune
9614,Mumbai
9615,Delhi
9616,Mumbai
9617,Hyderabad
9618,Bengaluru
9619,Pune
9620,Bengaluru
9621,Bengaluru
9622,Pune
9623,Pune
9624,Delhi
9625,Pune
9626,Mumbai
9627,Pune
9628,Bengaluru
9629,Bengaluru
9630,Delhi
9631,Bengaluru
9632,Mumbai
9633,Delhi
9634,Pune
9635,Pune
9636,Pune
9637,Bengaluru
9638,Bengaluru
9639,Hyderabad
9640,Mumbai
9641,Pune
9642,Mumbai
9643,Pune
9644,Delhi
9645,Mumbai
9646,Mumbai
9647,Bengaluru
9648,Hyderabad
9649,Bengaluru
9650,Mumbai
9651,Delhi
9652,Bengaluru
9653,Hyderabad
9654,Pune
9655,Mumbai
9656,Bengaluru
9657,Bengaluru
9658,Delhi
9659,Mumbai
9660,Pune
9661,Delhi
9662,Mumbai
9663,Mumbai
9664,Bengaluru
9665,Hyderabad
9666,Mumbai
9667,Pune
9668,Bengaluru
9669,Hyderabad
9670,Bengaluru
9671,Pune
9672,Delhi
9673,Pune
9674,Bengaluru
9675,Hyderabad
9676,Bengaluru
9677,Bengaluru
9678,Pune
9679,Mumbai
9680,Mumbai
9681,Delhi
9682,Mumbai
9683,Mumbai
9684,Bengaluru
9685,Bengaluru
9686,Pune
9687,Bengaluru
9688,Bengaluru
9689,Delhi
9690,Mumbai
9691,Bengaluru
9692,Mumbai
9693,Bengaluru
9694,Mumbai
9695,Mumbai
9696,Bengaluru
9697,Pune
9698,Hyderabad
9699,Bengaluru
9700,Delhi
9701,Delhi
9702,Hyderabad
9703,Mumbai
9704,Hyderabad
9705,Mumbai
9706,Hyderabad
9707,Pune
9708,Pune
9709,Bengaluru
9710,Mumbai
9711,Mumbai
9712,Bengaluru
9713,Delhi
9714,Delhi
9715,Mumbai
9716,Bengaluru
9717,Pune
9718,Delhi
9719,Bengaluru
9720,Pune
9721,Mumbai
9722,Pune
9723,Mumbai
9724,Bengaluru
9725,Delhi
9726,Hyderabad
9727,Delhi
9728,Bengaluru
9729,Bengaluru
9730,Mumbai
9731,Pune
9732,Delhi
9733,Hyderabad
9734,Pune
9735,Bengaluru
9736,Hyderabad
9737,Hyderabad
9738,Mumbai
9739,Delhi
9740,Bengaluru
9741,Hyderabad
9742,Delhi
9743,Pune
9744,Mumbai
9745,Delhi
9746,Mumbai
9747,Delhi
9748,Pune
9749,Bengaluru
9750,Delhi
9751,Bengaluru
9752,Hyderabad
9753,Hyderabad
9754,Pune
9755,Pune
9756,Hyderabad
9757,Mumbai
9758,Hyderabad
9759,Hyderabad
9760,Bengaluru
9761,Mumbai
9762,Bengaluru
9763,Hyderabad
9764,Bengaluru
9765,Delhi
9766,Mumbai
9767,Pune
9768,Mumbai
9769,Hyderabad
9770,Bengaluru
9771,Bengaluru
9772,Mumbai
9773,Delhi
9774,Pune
9775,Delhi
9776,Mumbai
9777,Mumbai
9778,Pune
9779,Mumbai
9780,Bengaluru
9781,Mumbai
9782,Hyderabad
9783,Pune
9784,Delhi
9785,Mumbai
9786,Delhi
9787,Delhi
9788,Bengaluru
9789,Hyderabad
9790,Pune
9791,Delhi
9792,Bengaluru
9793,Mumbai
9794,Delhi
9795,Delhi
9796,Mumbai
9797,Mumbai
9798,Hyderabad
9799,Bengaluru
9800,Mumbai
9801,Mumbai
9802,Hyderabad
9803,Pune
9804,Hyderabad
9805,Delhi
9806,Mumbai
9807,Pune
9808,Bengaluru
9809,Bengaluru
9810,Pune
9811,Bengaluru
9812,Mumbai
9813,Bengaluru
9814,Mumbai
9815,Mumbai
9816,Mumbai
9817,Bengaluru
9818,Mumbai
9819,Hyderabad
9820,Hyderabad
9821,Mumbai
9822,Mumbai
9823,Hyderabad
9824,Bengaluru
9825,Pune
9826,Pune
9827,Delhi
9828,Mumbai
9829,Mumbai
9830,Mumbai
9831,Pune
9832,Mumbai
9833,Hyderabad
9834,Mumbai
9835,Delhi
9836,Delhi
9837,Hyderabad
9838,Pune
9839,Mumbai
9840,Delhi
9841,Pune
9842,Bengaluru
9843,Delhi
9844,Pune
9845,Pune
9846,Mumbai
9847,Pune
9848,Pune
9849,Pune
9850,Hyderabad
9851,Hyderabad
9852,Pune
9853,Mumbai
9854,Pune
9855,Bengaluru
9856,Pune
9857,Pune
9858,Bengaluru
9859,Delhi
9860,Hyderabad
9861,Hyderabad
9862,Mumbai
9863,Hyderabad
9864,Mumbai
9865,Delhi
9866,Pune
9867,Pune
9868,Delhi
9869,Pune
9870,Delhi
9871,Pune
9872,Hyderabad
9873,Hyderabad
9874,Pune
9875,Bengaluru
9876,Delhi
9877,Mumbai
9878,Pune
9879,Mumbai
9880,Mumbai
9881,Mumbai
9882,Bengaluru
9883,Bengaluru
9884,Hyderabad
9885,Delhi
9886,Pune
9887,Pune
9888,Pune
9889,Pune
9890,Delhi
9891,Pune
9892,Pune
9893,Delhi
9894,Hyderabad
9895,Bengaluru
9896,Pune
9897,Bengaluru
9898,Bengaluru
9899,Pune
9900,Hyderabad
9901,Mumbai
9902,Mumbai
9903,Pune
9904,Delhi
9905,Delhi
9906,Hyderabad
9907,Pune
9908,Delhi
9909,Bengaluru
9910,Pune
9911,Pune
9912,Mumbai
9913,Mumbai
9914,Pune
9915,Bengaluru
9916,Delhi
9917,Bengaluru
9918,Mumbai
9919,Delhi
9920,Hyderabad
9921,Pune
9922,Mumbai
9923,Delhi
9924,Mumbai
9925,Hyderabad
9926,Hyderabad
9927,Mumbai
9928,Bengaluru
9929,Bengaluru
9930,Bengaluru
9931,Pune
9932,Pune
9933,Hyderabad
9934,Bengaluru
9935,Hyderabad
9936,Mumbai
9937,Pune
9938,Mumbai
9939,Pune
9940,Delhi
9941,Delhi
9942,Hyderabad
9943,Hyderabad
9944,Pune
9945,Hyderabad
9946,Delhi
9947,Pune
9948,Bengaluru
9949,Bengaluru
9950,Hyderabad
9951,Delhi
9952,Mumbai
9953,Delhi
9954,Mumbai
9955,Pune
9956,Delhi
9957,Bengaluru
9958,Mumbai
9959,Pune
9960,Bengaluru
9961,Bengaluru
9962,Bengaluru
9963,Pune
9964,Hyderabad
9965,Pune
9966,Delhi
9967,Pune
9968,Mumbai
9969,Mumbai
9970,Delhi
9971,Mumbai
9972,Mumbai
9973,Mumbai
9974,Pune
9975,Mumbai
9976,Hyderabad
9977,Bengaluru
9978,Pune
9979,Hyderabad
9980,Mumbai
9981,Mumbai
9982,Mumbai
9983,Bengaluru
9984,Mumbai
9985,Mumbai
9986,Delhi
9987,Pune
9988,Pune
9989,Hyderabad
9990,Bengaluru
9991,Mumbai
9992,Bengaluru
9993,Delhi
9994,Bengaluru
9995,Pune
9996,Bengaluru
9997,Delhi
9998,Bengaluru
9999,Delhi
10000,Bengaluru
10001,Hyderabad
10002,Mumbai
10003,Pune
10004,Pune
10005,Bengaluru
10006,Bengaluru
10007,Bengaluru
10008,Delhi
10009,Bengaluru
10010,Hyderabad
10011,Bengaluru
10012,Bengaluru
10013,Mumbai
10014,Hyderabad
10015,Bengaluru
10016,Pune
10017,Hyderabad
10018,Hyderabad
10019,Delhi
10020,Pune
10021,Pune
10022,Delhi
10023,Hyderabad
10024,Pune
10025,Delhi
10026,Delhi
10027,Delhi
10028,Delhi
10029,Mumbai
10030,Delhi
10031,Pune
10032,Pune
10033,Hyderabad
10034,Bengaluru
10035,Delhi
10036,Delhi
10037,Bengaluru
10038,Bengaluru
10039,Pune
10040,Pune
10041,Mumbai
10042,Bengaluru
10043,Hyderabad
10044,Bengaluru
10045,Hyderabad
10046,Delhi
10047,Mumbai
10048,Delhi
10049,Pune
10050,Hyderabad
10051,Pune
10052,Hyderabad
10053,Pune
10054,Mumbai
10055,Bengaluru
10056,Delhi
10057,Bengaluru
10058,Delhi
10059,Bengaluru
10060,Delhi
10061,Pune
10062,Mumbai
10063,Hyderabad
10064,Pune
10065,Pune
10066,Hyderabad
10067,Bengaluru
10068,Delhi
10069,Pune
10070,Pune
10071,Bengaluru
10072,Pune
10073,Delhi
10074,Hyderabad
10075,Mumbai
10076,Mumbai
10077,Hyderabad
10078,Hyderabad
10079,Hyderabad
10080,Bengaluru
10081,Mumbai
10082,Pune
10083,Bengaluru
10084,Delhi
10085,Hyderabad
10086,Pune
10087,Mumbai
10088,Pune
10089,Bengaluru
10090,Pune
10091,Hyderabad
10092,Mumbai
10093,Mumbai
10094,Mumbai
10095,Mumbai
10096,Bengaluru
10097,Bengaluru
10098,Pune
10099,Bengaluru
10100,Mumbai
10101,Delhi
10102,Pune
10103,Delhi
10104,Mumbai
10105,Delhi
10106,Pune
10107,Bengaluru
10108,Mumbai
10109,Hyderabad
10110,Pune
10111,Bengaluru
10112,Delhi
10113,Mumbai
10114,Hyderabad
10115,Hyderabad
10116,Bengaluru
10117,Delhi
10118,Pune
10119,Pune
10120,Hyderabad
10121,Pune
10122,Mumbai
10123,Mumbai
10124,Delhi
10125,Bengaluru
10126,Delhi
10127,Bengaluru
10128,Bengaluru
10129,Bengaluru
10130,Delhi
10131,Hyderabad
10132,Mumbai
10133,Bengaluru
10134,Hyderabad
10135,Delhi
10136,Mumbai
10137,Delhi
10138,Pune
10139,Hyderabad
10140,Bengaluru
10141,Delhi
10142,Bengaluru
10143,Hyderabad
10144,Hyderabad
10145,Mumbai
10146,Pune
10147,Pune
10148,Delhi
10149,Delhi
10150,Mumbai
10151,Hyderabad
10152,Hyderabad
10153,Hyderabad
10154,Mumbai
10155,Bengaluru
10156,Pune
10157,Bengaluru
10158,Hyderabad
10159,Pune
10160,Delhi
10161,Mumbai
10162,Delhi
10163,Mumbai
10164,Pune
10165,Pune
10166,Mumbai
10167,Hyderabad
10168,Delhi
10169,Mumbai
10170,Bengaluru
10171,Hyderabad
10172,Delhi
10173,Delhi
10174,Hyderabad
10175,Bengaluru
10176,Delhi
10177,Hyderabad
10178,Pune
10179,Mumbai
10180,Pune
10181,Delhi
10182,Pune
10183,Bengaluru
10184,Delhi
10185,Mumbai
10186,Mumbai
10187,Mumbai
10188,Bengaluru
10189,Mumbai
10190,Pune
10191,Pune
10192,Delhi
10193,Mumbai
10194,Bengaluru
10195,Hyderabad
10196,Pune
10197,Delhi
10198,Pune
10199,Pune
10200,Delhi
10201,Pune
10202,Pune
10203,Bengaluru
10204,Hyderabad
10205,Delhi
10206,Delhi
10207,Mumbai
10208,Hyderabad
10209,Pune
10210,Bengaluru
10211,Mumbai
10212,Delhi
10213,Hyderabad
10214,Bengaluru
10215,Delhi
10216,Pune
10217,Mumbai
10218,Hyderabad
10219,Mumbai
10220,Pune
10221,Pune
10222,Delhi
10223,Mumbai
10224,Mumbai
10225,Mumbai
10226,Mumbai
10227,Bengaluru
10228,Delhi
10229,Hyderabad
10230,Bengaluru
10231,Mumbai
10232,Pune
10233,Pune
10234,Mumbai
10235,Bengaluru
10236,Bengaluru
10237,Delhi
10238,Pune
10239,Mumbai
10240,Bengaluru
10241,Bengaluru
10242,Hyderabad
10243,Delhi
10244,Hyderabad
10245,Pune
10246,Mumbai
10247,Pune
10248,Mumbai
10249,Bengaluru
10250,Bengaluru
10251,Mumbai
10252,Pune
10253,Pune
10254,Delhi
10255,Hyderabad
10256,Mumbai
10257,Pune
10258,Bengaluru
10259,Pune
10260,Pune
10261,Delhi
10262,Pune
10263,Delhi
10264,Bengaluru
10265,Bengaluru
10266,Bengaluru
10267,Bengaluru
10268,Bengaluru
10269,Pune
10270,Hyderabad
10271,Mumbai
10272,Bengaluru
10273,Hyderabad
10274,Hyderabad
10275,Hyderabad
10276,Pune
10277,Delhi
10278,Bengaluru
10279,Hyderabad
10280,Mumbai
10281,Pune
10282,Pune
10283,Pune
10284,Delhi
10285,Hyderabad
10286,Mumbai
10287,Bengaluru
10288,Delhi
10289,Bengaluru
10290,Hyderabad
10291,Mumbai
10292,Pune
10293,Bengaluru
10294,Pune
10295,Hyderabad
10296,Hyderabad
10297,Hyderabad
10298,Pune
10299,Bengaluru
10300,Hyderabad
10301,Hyderabad
10302,Hyderabad
10303,Bengaluru
10304,Mumbai
10305,Bengaluru
10306,Mumbai
10307,Hyderabad
10308,Mumbai
10309,Bengaluru
10310,Hyderabad
10311,Pune
10312,Delhi
10313,Bengaluru
10314,Bengaluru
10315,Mumbai
10316,Hyderabad
10317,Mumbai
10318,Mumbai
10319,Bengaluru
10320,Hyderabad
10321,Delhi
10322,Bengaluru
10323,Bengaluru
10324,Bengaluru
10325,Hyderabad
10326,Delhi
10327,Delhi
10328,Hyderabad
10329,Mumbai
10330,Pune
10331,Bengaluru
10332,Mumbai
10333,Delhi
10334,Bengaluru
10335,Hyderabad
10336,Delhi
10337,Hyderabad
10338,Pune
10339,Mumbai
10340,Hyderabad
10341,Pune
10342,Delhi
10343,Hyderabad
10344,Delhi
10345,Hyderabad
10346,Hyderabad
10347,Hyderabad
10348,Mumbai
10349,Bengaluru
10350,Bengaluru
10351,Mumbai
10352,Bengaluru
10353,Mumbai
10354,Mumbai
10355,Delhi
10356,Mumbai
10357,Mumbai
10358,Hyderabad
10359,Hyderabad
10360,Mumbai
10361,Hyderabad
10362,Delhi
10363,Delhi
10364,Mumbai
10365,Hyderabad
10366,Pune
10367,Bengaluru
10368,Hyderabad
10369,Delhi
10370,Delhi
10371,Pune
10372,Mumbai
10373,Pune
10374,Pune
10375,Bengaluru
10376,Delhi
10377,Pune
10378,Mumbai
10379,Hyderabad
10380,Mumbai
10381,Bengaluru
10382,Delhi
10383,Mumbai
10384,Delhi
10385,Hyderabad
10386,Hyderabad
10387,Hyderabad
10388,Mumbai
10389,Pune
10390,Mumbai
10391,Delhi
10392,Pune
10393,Pune
10394,Bengaluru
10395,Hyderabad
10396,Mumbai
10397,Bengaluru
10398,Delhi
10399,Bengaluru
10400,Hyderabad
10401,Bengaluru
10402,Hyderabad
10403,Pune
10404,Bengaluru
10405,Delhi
10406,Bengaluru
10407,Delhi
10408,Delhi
10409,Delhi
10410,Mumbai
10411,Mumbai
10412,Delhi
10413,Bengaluru
10414,Bengaluru
10415,Pune
10416,Mumbai
10417,Pune
10418,Bengaluru
10419,Bengaluru
10420,Mumbai
10421,Hyderabad
10422,Delhi
10423,Hyderabad
10424,Pune
10425,Bengaluru
10426,Hyderabad
10427,Delhi
10428,Hyderabad
10429,Delhi
10430,Hyderabad
10431,Delhi
10432,Hyderabad
10433,Bengaluru
10434,Bengaluru
10435,Mumbai
10436,Delhi
10437,Pune
10438,Mumbai
10439,Delhi
10440,Hyderabad
10441,Hyderabad
10442,Hyderabad
10443,Pune
10444,Pune
10445,Hyderabad
10446,Mumbai
10447,Delhi
10448,Bengaluru
10449,Hyderabad
10450,Mumbai
10451,Mumbai
10452,Mumbai
10453,Pune
10454,Hyderabad
10455,Delhi
10456,Bengaluru
10457,Delhi
10458,Mumbai
10459,Hyderabad
10460,Pune
10461,Pune
10462,Mumbai
10463,Pune
10464,Delhi
10465,Pune
10466,Hyderabad
10467,Delhi
10468,Delhi
10469,Pune
10470,Hyderabad
10471,Mumbai
10472,Delhi
10473,Bengaluru
10474,Delhi
10475,Pune
10476,Delhi
10477,Bengaluru
10478,Bengaluru
10479,Bengaluru
10480,Mumbai
10481,Bengaluru
10482,Mumbai
10483,Hyderabad
10484,Bengaluru
10485,Bengaluru
10486,Delhi
10487,Hyderabad
10488,Pune
10489,Bengaluru
10490,Pune
10491,Hyderabad
10492,Mumbai
10493,Pune
10494,Pune
10495,Hyderabad
10496,Hyderabad
10497,Bengaluru
10498,Pune
10499,Bengaluru
10500,Hyderabad
10501,Mumbai
10502,Bengaluru
10503,Pune
10504,Hyderabad
10505,Delhi
10506,Mumbai
10507,Hyderabad
10508,Hyderabad
10509,Bengaluru
10510,Hyderabad
10511,Pune
10512,Mumbai
10513,Hyderabad
10514,Mumbai
10515,Mumbai
10516,Bengaluru
10517,Delhi
10518,Mumbai
10519,Hyderabad
10520,Delhi
10521,Bengaluru
10522,Pune
10523,Pune
10524,Pune
10525,Mumbai
10526,Delhi
10527,Bengaluru
10528,Delhi
10529,Mumbai
10530,Hyderabad
10531,Bengaluru
10532,Delhi
10533,Delhi
10534,Pune
10535,Delhi
10536,Delhi
10537,Mumbai
10538,Bengaluru
10539,Hyderabad
10540,Pune
10541,Mumbai
10542,Delhi
10543,Hyderabad
10544,Bengaluru
10545,Pune
10546,Hyderabad
10547,Pune
10548,Bengaluru
10549,Delhi
10550,Bengaluru
10551,Hyderabad
10552,Pune
10553,Delhi
10554,Delhi
10555,Delhi
10556,Bengaluru
10557,Bengaluru
10558,Delhi
10559,Mumbai
10560,Pune
10561,Delhi
10562,Bengaluru
10563,Bengaluru
10564,Pune
10565,Pune
10566,Mumbai
10567,Bengaluru
10568,Hyderabad
10569,Hyderabad
10570,Mumbai
10571,Pune
10572,Bengaluru
10573,Pune
10574,Bengaluru
10575,Mumbai
10576,Delhi
10577,Mumbai
10578,Pune
10579,Pune
10580,Delhi
10581,Delhi
10582,Delhi
10583,Pune
10584,Mumbai
10585,Hyderabad
10586,Delhi
10587,Bengaluru
10588,Pune
10589,Pune
10590,Mumbai
10591,Mumbai
10592,Delhi
10593,Pune
10594,Bengaluru
10595,Delhi
10596,Mumbai
10597,Bengaluru
10598,Mumbai
10599,Delhi
10600,Bengaluru
10601,Mumbai
10602,Pune
10603,Pune
10604,Delhi
10605,Bengaluru
10606,Mumbai
10607,Mumbai
10608,Pune
10609,Delhi
10610,Bengaluru
10611,Pune
10612,Pune
10613,Hyderabad
10614,Pune
10615,Mumbai
10616,Delhi
10617,Pune
10618,Hyderabad
10619,Pune
10620,Mumbai
10621,Bengaluru
10622,Bengaluru
10623,Bengaluru
10624,Mumbai
10625,Mumbai
10626,Delhi
10627,Hyderabad
10628,Bengaluru
10629,Mumbai
10630,Bengaluru
10631,Delhi
10632,Pune
10633,Hyderabad
10634,Bengaluru
10635,Pune
10636,Pune
10637,Delhi
10638,Delhi
10639,Pune
10640,Bengaluru
10641,Pune
10642,Mumbai
10643,Hyderabad
10644,Mumbai
10645,Hyderabad
10646,Mumbai
10647,Mumbai
10648,Delhi
10649,Bengaluru
10650,Delhi
10651,Mumbai
10652,Pune
10653,Mumbai
10654,Pune
10655,Bengaluru
10656,Hyderabad
10657,Hyderabad
10658,Mumbai
10659,Mumbai
10660,Hyderabad
10661,Mumbai
10662,Mumbai
10663,Bengaluru
10664,Mumbai
10665,Pune
10666,Bengaluru
10667,Delhi
10668,Mumbai
10669,Mumbai
10670,Pune
10671,Bengaluru
10672,Hyderabad
10673,Mumbai
10674,Bengaluru
10675,Bengaluru
10676,Pune
10677,Pune
10678,Hyderabad
10679,Delhi
10680,Mumbai
10681,Mumbai
10682,Delhi
10683,Pune
10684,Pune
10685,Bengaluru
10686,Hyderabad
10687,Pune
10688,Bengaluru
10689,Delhi
10690,Bengaluru
10691,Delhi
10692,Delhi
10693,Delhi
10694,Delhi
10695,Pune
10696,Mumbai
10697,Delhi
10698,Bengaluru
10699,Mumbai
10700,Bengaluru
10701,Bengaluru
10702,Bengaluru
10703,Delhi
10704,Mumbai
10705,Delhi
10706,Pune
10707,Delhi
10708,Hyderabad
10709,Bengaluru
10710,Pune
10711,Mumbai
10712,Delhi
10713,Pune
10714,Delhi
10715,Delhi
10716,Delhi
10717,Bengaluru
10718,Bengaluru
10719,Bengaluru
10720,Hyderabad
10721,Mumbai
10722,Delhi
10723,Delhi
10724,Delhi
10725,Hyderabad
10726,Hyderabad
10727,Hyderabad
10728,Delhi
10729,Mumbai
10730,Delhi
10731,Mumbai
10732,Hyderabad
10733,Pune
10734,Bengaluru
10735,Bengaluru
10736,Mumbai
10737,Hyderabad
10738,Bengaluru
10739,Bengaluru
10740,Hyderabad
10741,Mumbai
10742,Mumbai
10743,Pune
10744,Bengaluru
10745,Bengaluru
10746,Hyderabad
10747,Hyderabad
10748,Delhi
10749,Delhi
10750,Pune
10751,Mumbai
10752,Hyderabad
10753,Mumbai
10754,Bengaluru
10755,Mumbai
10756,Mumbai
10757,Pune
10758,Hyderabad
10759,Delhi
10760,Hyderabad
10761,Delhi
10762,Delhi
10763,Pune
10764,Bengaluru
10765,Pune
10766,Bengaluru
10767,Pune
10768,Pune
10769,Hyderabad
10770,Hyderabad
10771,Bengaluru
10772,Mumbai
10773,Hyderabad
10774,Delhi
10775,Mumbai
10776,Delhi
10777,Bengaluru
10778,Hyderabad
10779,Bengaluru
10780,Mumbai
10781,Pune
10782,Pune
10783,Hyderabad
10784,Hyderabad
10785,Bengaluru
10786,Mumbai
10787,Pune
10788,Hyderabad
10789,Pune
10790,Hyderabad
10791,Pune
10792,Pune
10793,Hyderabad
10794,Delhi
10795,Mumbai
10796,Mumbai
10797,Bengaluru
10798,Mumbai
10799,Hyderabad
10800,Mumbai
10801,Hyderabad
10802,Bengaluru
10803,Hyderabad
10804,Pune
10805,Hyderabad
10806,Hyderabad
10807,Delhi
10808,Delhi
10809,Mumbai
10810,Delhi
10811,Delhi
10812,Hyderabad
10813,Bengaluru
10814,Mumbai
10815,Mumbai
10816,Bengaluru
10817,Hyderabad
10818,Mumbai
10819,Delhi
10820,Bengaluru
10821,Mumbai
10822,Delhi
10823,Mumbai
10824,Delhi
10825,Bengaluru
10826,Mumbai
10827,Mumbai
10828,Hyderabad
10829,Bengaluru
10830,Bengaluru
10831,Delhi
10832,Hyderabad
10833,Delhi
10834,Delhi
10835,Bengaluru
10836,Hyderabad
10837,Delhi
10838,Mumbai
10839,Pune
10840,Hyderabad
10841,Delhi
10842,Delhi
10843,Bengaluru
10844,Bengaluru
10845,Delhi
10846,Mumbai
10847,Delhi
10848,Mumbai
10849,Delhi
10850,Bengaluru
10851,Hyderabad
10852,Hyderabad
10853,Bengaluru
10854,Pune
10855,Delhi
10856,Hyderabad
10857,Hyderabad
10858,Mumbai
10859,Pune
10860,Mumbai
10861,Delhi
10862,Delhi
10863,Mumbai
10864,Hyderabad
10865,Pune
10866,Mumbai
10867,Pune
10868,Mumbai
10869,Pune
10870,Delhi
10871,Mumbai
10872,Pune
10873,Bengaluru
10874,Pune
10875,Mumbai
10876,Pune
10877,Mumbai
10878,Mumbai
10879,Mumbai
10880,Hyderabad
10881,Pune
10882,Mumbai
10883,Delhi
10884,Bengaluru
10885,Delhi
10886,Mumbai
10887,Mumbai
10888,Pune
10889,Hyderabad
10890,Mumbai
10891,Bengaluru
10892,Mumbai
10893,Bengaluru
10894,Pune
10895,Mumbai
10896,Pune
10897,Pune
10898,Bengaluru
10899,Hyderabad
10900,Mumbai
10901,Bengaluru
10902,Hyderabad
10903,Bengaluru
10904,Pune
10905,Pune
10906,Bengaluru
10907,Bengaluru
10908,Bengaluru
10909,Bengaluru
10910,Mumbai
10911,Mumbai
10912,Bengaluru
10913,Delhi
10914,Mumbai
10915,Hyderabad
10916,Bengaluru
10917,Bengaluru
10918,Bengaluru
10919,Hyderabad
10920,Delhi
10921,Bengaluru
10922,Mumbai
10923,Mumbai
10924,Pune
10925,Hyderabad
10926,Pune
10927,Mumbai
10928,Delhi
10929,Delhi
10930,Pune
10931,Mumbai
10932,Mumbai
10933,Bengaluru
10934,Hyderabad
10935,Delhi
10936,Hyderabad
10937,Bengaluru
10938,Bengaluru
10939,Bengaluru
10940,Bengaluru
10941,Hyderabad
10942,Delhi
10943,Bengaluru
10944,Hyderabad
10945,Pune
10946,Mumbai
10947,Bengaluru
10948,Mumbai
10949,Bengaluru
10950,Mumbai
10951,Pune
10952,Pune
10953,Mumbai
10954,Delhi
10955,Delhi
10956,Mumbai
10957,Pune
10958,Bengaluru
10959,Pune
10960,Mumbai
10961,Bengaluru
10962,Mumbai
10963,Bengaluru
10964,Delhi
10965,Delhi
10966,Bengaluru
10967,Hyderabad
10968,Delhi
10969,Bengaluru
10970,Delhi
10971,Bengaluru
10972,Bengaluru
10973,Hyderabad
10974,Mumbai
10975,Mumbai
10976,Pune
10977,Hyderabad
10978,Delhi
10979,Hyderabad
10980,Mumbai
10981,Pune
10982,Mumbai
10983,Delhi
10984,Hyderabad
10985,Delhi
10986,Delhi
10987,Bengaluru
10988,Delhi
10989,Pune
10990,Delhi
10991,Delhi
10992,Bengaluru
10993,Bengaluru
10994,Mumbai
10995,Mumbai
10996,Delhi
10997,Mumbai
10998,Pune
10999,Pune
11000,Pune
11001,Bengaluru
11002,Bengaluru
11003,Hyderabad
11004,Pune
11005,Delhi
11006,Mumbai
11007,Bengaluru
11008,Delhi
11009,Mumbai
11010,Mumbai
11011,Pune
11012,Delhi
11013,Delhi
11014,Pune
11015,Pune
11016,Pune
11017,Pune
11018,Hyderabad
11019,Delhi
11020,Mumbai
11021,Mumbai
11022,Pune
11023,Pune
11024,Hyderabad
11025,Pune
11026,Hyderabad
11027,Hyderabad
11028,Pune
11029,Hyderabad
11030,Hyderabad
11031,Mumbai
11032,Pune
11033,Bengaluru
11034,Hyderabad
11035,Pune
11036,Hyderabad
11037,Hyderabad
11038,Mumbai
11039,Bengaluru
11040,Mumbai
11041,Delhi
11042,Bengaluru
11043,Mumbai
11044,Bengaluru
11045,Delhi
11046,Hyderabad
11047,Pune
11048,Mumbai
11049,Bengaluru
11050,Bengaluru
11051,Delhi
11052,Delhi
11053,Mumbai
11054,Delhi
11055,Pune
11056,Mumbai
11057,Hyderabad
11058,Pune
11059,Mumbai
11060,Mumbai
11061,Mumbai
11062,Bengaluru
11063,Mumbai
11064,Bengaluru
11065,Mumbai
11066,Pune
11067,Bengaluru
11068,Pune
11069,Delhi
11070,Bengaluru
11071,Bengaluru
11072,Hyderabad
11073,Bengaluru
11074,Pune
11075,Hyderabad
11076,Mumbai
11077,Bengaluru
11078,Mumbai
11079,Delhi
11080,Mumbai
11081,Bengaluru
11082,Mumbai
11083,Bengaluru
11084,Bengaluru
11085,Hyderabad
11086,Pune
11087,Mumbai
11088,Mumbai
11089,Pune
11090,Mumbai
11091,Hyderabad
11092,Delhi
11093,Pune
11094,Pune
11095,Delhi
11096,Pune
11097,Bengaluru
11098,Delhi
11099,Bengaluru
11100,Mumbai
11101,Bengaluru
11102,Bengaluru
11103,Hyderabad
11104,Mumbai
11105,Hyderabad
11106,Mumbai
11107,Bengaluru
11108,Pune
11109,Pune
11110,Pune
11111,Hyderabad
11112,Delhi
11113,Hyderabad
11114,Hyderabad
11115,Delhi
11116,Mumbai
11117,Pune
11118,Mumbai
11119,Delhi
11120,Bengaluru
11121,Hyderabad
11122,Pune
11123,Mumbai
11124,Mumbai
11125,Pune
11126,Hyderabad
11127,Bengaluru
11128,Mumbai
11129,Pune
11130,Mumbai
11131,Hyderabad
11132,Hyderabad
11133,Bengaluru
11134,Pune
11135,Pune
11136,Delhi
11137,Pune
11138,Pune
11139,Mumbai
11140,Bengaluru
11141,Delhi
11142,Pune
11143,Mumbai
11144,Delhi
11145,Bengaluru
11146,Bengaluru
11147,Bengaluru
11148,Delhi
11149,Hyderabad
11150,Delhi
11151,Bengaluru
11152,Mumbai
11153,Delhi
11154,Mumbai
11155,Hyderabad
11156,Bengaluru
11157,Bengaluru
11158,Mumbai
11159,Hyderabad
11160,Bengaluru
11161,Delhi
11162,Mumbai
11163,Hyderabad
11164,Mumbai
11165,Bengaluru
11166,Mumbai
11167,Delhi
11168,Bengaluru
11169,Hyderabad
11170,Hyderabad
11171,Bengaluru
11172,Hyderabad
11173,Pune
11174,Bengaluru
11175,Bengaluru
11176,Delhi
11177,Bengaluru
11178,Delhi
11179,Bengaluru
11180,Delhi
11181,Delhi
11182,Pune
11183,Hyderabad
11184,Mumbai
11185,Delhi
11186,Pune
11187,Delhi
11188,Mumbai
11189,Bengaluru
11190,Delhi
11191,Pune
11192,Hyderabad
11193,Bengaluru
11194,Hyderabad
11195,Mumbai
11196,Bengaluru
11197,Hyderabad
11198,Pune
11199,Pune
11200,Hyderabad
11201,Bengaluru
11202,Delhi
11203,Mumbai
11204,Mumbai
11205,Pune
11206,Bengaluru
11207,Bengaluru
11208,Mumbai
11209,Mumbai
11210,Mumbai
11211,Mumbai
11212,Hyderabad
11213,Hyderabad
11214,Hyderabad
11215,Hyderabad
11216,Delhi
11217,Pune
11218,Mumbai
11219,Delhi
11220,Delhi
11221,Delhi
11222,Hyderabad
11223,Pune
11224,Bengaluru
11225,Pune
11226,Mumbai
11227,Mumbai
11228,Hyderabad
11229,Hyderabad
11230,Bengaluru
11231,Mumbai
11232,Hyderabad
11233,Pune
11234,Bengaluru
11235,Bengaluru
11236,Mumbai
11237,Delhi
11238,Hyderabad
11239,Bengaluru
11240,Pune
11241,Bengaluru
11242,Pune
11243,Delhi
11244,Mumbai
11245,Delhi
11246,Mumbai
11247,Bengaluru
11248,Delhi
11249,Hyderabad
11250,Delhi
11251,Delhi
11252,Bengaluru
11253,Bengaluru
11254,Mumbai
11255,Pune
11256,Delhi
11257,Pune
11258,Delhi
11259,Pune
11260,Mumbai
11261,Bengaluru
11262,Hyderabad
11263,Pune
11264,Bengaluru
11265,Delhi
11266,Delhi
11267,Pune
11268,Pune
11269,Hyderabad
11270,Mumbai
11271,Pune
11272,Delhi
11273,Hyderabad
11274,Hyderabad
11275,Delhi
11276,Delhi
11277,Bengaluru
11278,Pune
11279,Hyderabad
11280,Pune
11281,Delhi
11282,Bengaluru
11283,Hyderabad
11284,Bengaluru
11285,Mumbai
11286,Hyderabad
11287,Bengaluru
11288,Mumbai
11289,Bengaluru
11290,Delhi
11291,Pune
11292,Mumbai
11293,Hyderabad
11294,Pune
11295,Bengaluru
11296,Mumbai
11297,Pune
11298,Pune
11299,Bengaluru
11300,Delhi
11301,Pune
11302,Pune
11303,Hyderabad
11304,Pune
11305,Bengaluru
11306,Bengaluru
11307,Mumbai
11308,Bengaluru
11309,Pune
11310,Pune
11311,Mumbai
11312,Pune
11313,Delhi
11314,Bengaluru
11315,Delhi
11316,Delhi
11317,Hyderabad
11318,Pune
11319,Mumbai
11320,Pune
11321,Bengaluru
11322,Delhi
11323,Pune
11324,Bengaluru
11325,Hyderabad
11326,Mumbai
11327,Pune
11328,Mumbai
11329,Mumbai
11330,Delhi
11331,Hyderabad
11332,Bengaluru
11333,Hyderabad
11334,Pune
11335,Bengaluru
11336,Delhi
11337,Pune
11338,Pune
11339,Mumbai
11340,Bengaluru
11341,Mumbai
11342,Bengaluru
11343,Pune
11344,Delhi
11345,Delhi
11346,Mumbai
11347,Bengaluru
11348,Mumbai
11349,Bengaluru
11350,Delhi
11351,Pune
11352,Bengaluru
11353,Delhi
11354,Pune
11355,Pune
11356,Hyderabad
11357,Mumbai
11358,Delhi
11359,Mumbai
11360,Bengaluru
11361,Bengaluru
11362,Pune
11363,Delhi
11364,Delhi
11365,Mumbai
11366,Mumbai
11367,Delhi
11368,Pune
11369,Pune
11370,Pune
11371,Hyderabad
11372,Mumbai
11373,Pune
11374,Delhi
11375,Hyderabad
11376,Pune
11377,Bengaluru
11378,Hyderabad
11379,Hyderabad
11380,Mumbai
11381,Bengaluru
11382,Hyderabad
11383,Hyderabad
11384,Mumbai
11385,Delhi
11386,Delhi
11387,Bengaluru
11388,Mumbai
11389,Pune
11390,Mumbai
11391,Pune
11392,Delhi
11393,Bengaluru
11394,Pune
11395,Delhi
11396,Hyderabad
11397,Bengaluru
11398,Pune
11399,Mumbai
11400,Pune
11401,Hyderabad
11402,Bengaluru
11403,Bengaluru
11404,Mumbai
11405,Mumbai
11406,Pune
11407,Hyderabad
11408,Mumbai
11409,Hyderabad
11410,Pune
11411,Mumbai
11412,Delhi
11413,Mumbai
11414,Mumbai
11415,Hyderabad
11416,Bengaluru
11417,Delhi
11418,Delhi
11419,Bengaluru
11420,Delhi
11421,Delhi
11422,Hyderabad
11423,Bengaluru
11424,Pune
11425,Pune
11426,Pune
11427,Pune
11428,Delhi
11429,Delhi
11430,Hyderabad
11431,Pune
11432,Hyderabad
11433,Delhi
11434,Bengaluru
11435,Mumbai
11436,Pune
11437,Pune
11438,Delhi
11439,Mumbai
11440,Hyderabad
11441,Hyderabad
11442,Mumbai
11443,Hyderabad
11444,Pune
11445,Pune
11446,Delhi
11447,Pune
11448,Delhi
11449,Hyderabad
11450,Bengaluru
11451,Bengaluru
11452,Bengaluru
11453,Bengaluru
11454,Bengaluru
11455,Hyderabad
11456,Pune
11457,Bengaluru
11458,Pune
11459,Hyderabad
11460,Hyderabad
11461,Bengaluru
11462,Pune
11463,Hyderabad
11464,Hyderabad
11465,Bengaluru
11466,Delhi
11467,Pune
11468,Mumbai
11469,Mumbai
11470,Pune
11471,Hyderabad
11472,Pune
11473,Bengaluru
11474,Mumbai
11475,Pune
11476,Bengaluru
11477,Delhi
11478,Pune
11479,Pune
11480,Pune
11481,Bengaluru
11482,Delhi
11483,Mumbai
11484,Hyderabad
11485,Delhi
11486,Delhi
11487,Delhi
11488,Delhi
11489,Pune
11490,Mumbai
11491,Bengaluru
11492,Pune
11493,Bengaluru
11494,Bengaluru
11495,Bengaluru
11496,Mumbai
11497,Delhi
11498,Hyderabad
11499,Hyderabad
11500,Delhi
11501,Delhi
11502,Mumbai
11503,Hyderabad
11504,Pune
11505,Mumbai
11506,Hyderabad
11507,Pune
11508,Mumbai
11509,Hyderabad
11510,Pune
11511,Bengaluru
11512,Hyderabad
11513,Pune
11514,Mumbai
11515,Pune
11516,Mumbai
11517,Pune
11518,Delhi
11519,Hyderabad
11520,Mumbai
11521,Pune
11522,Mumbai
11523,Bengaluru
11524,Mumbai
11525,Hyderabad
11526,Bengaluru
11527,Hyderabad
11528,Pune
11529,Delhi
11530,Hyderabad
11531,Mumbai
11532,Delhi
11533,Mumbai
11534,Bengaluru
11535,Bengaluru
11536,Bengaluru
11537,Pune
11538,Bengaluru
11539,Hyderabad
11540,Mumbai
11541,Bengaluru
11542,Hyderabad
11543,Hyderabad
11544,Bengaluru
11545,Hyderabad
11546,Pune
11547,Bengaluru
11548,Mumbai
11549,Pune
11550,Delhi
11551,Mumbai
11552,Mumbai
11553,Mumbai
11554,Delhi
11555,Mumbai
11556,Hyderabad
11557,Mumbai
11558,Pune
11559,Delhi
11560,Bengaluru
11561,Delhi
11562,Bengaluru
11563,Mumbai
11564,Bengaluru
11565,Hyderabad
11566,Bengaluru
11567,Bengaluru
11568,Pune
11569,Hyderabad
11570,Bengaluru
11571,Bengaluru
11572,Mumbai
11573,Delhi
11574,Delhi
11575,Mumbai
11576,Bengaluru
11577,Bengaluru
11578,Pune
11579,Delhi
11580,Mumbai
11581,Pune
11582,Bengaluru
11583,Pune
11584,Bengaluru
11585,Pune
11586,Bengaluru
11587,Pune
11588,Bengaluru
11589,Mumbai
11590,Pune
11591,Pune
11592,Delhi
11593,Pune
11594,Mumbai
11595,Mumbai
11596,Delhi
11597,Bengaluru
11598,Mumbai
11599,Hyderabad
11600,Hyderabad
11601,Bengaluru
11602,Bengaluru
11603,Delhi
11604,Delhi
11605,Pune
11606,Hyderabad
11607,Hyderabad
11608,Hyderabad
11609,Bengaluru
11610,Mumbai
11611,Hyderabad
11612,Delhi
11613,Bengaluru
11614,Mumbai
11615,Hyderabad
11616,Bengaluru
11617,Hyderabad
11618,Bengaluru
11619,Hyderabad
11620,Hyderabad
11621,Mumbai
11622,Mumbai
11623,Delhi
11624,Bengaluru
11625,Mumbai
11626,Bengaluru
11627,Delhi
11628,Mumbai
11629,Mumbai
11630,Bengaluru
11631,Mumbai
11632,Delhi
11633,Delhi
11634,Pune
11635,Mumbai
11636,Bengaluru
11637,Delhi
11638,Hyderabad
11639,Delhi
11640,Pune
11641,Pune
11642,Pune
11643,Hyderabad
11644,Pune
11645,Mumbai
11646,Delhi
11647,Mumbai
11648,Mumbai
11649,Delhi
11650,Pune
11651,Bengaluru
11652,Hyderabad
11653,Hyderabad
11654,Delhi
11655,Mumbai
11656,Mumbai
11657,Pune
11658,Pune
11659,Pune
11660,Pune
11661,Hyderabad
11662,Delhi
11663,Delhi
11664,Hyderabad
11665,Bengaluru
11666,Hyderabad
11667,Pune
11668,Pune
11669,Mumbai
11670,Hyderabad
11671,Delhi
11672,Delhi
11673,Bengaluru
11674,Pune
11675,Mumbai
11676,Bengaluru
11677,Hyderabad
11678,Delhi
11679,Hyderabad
11680,Pune
11681,Delhi
11682,Hyderabad
11683,Hyderabad
11684,Delhi
11685,Pune
11686,Bengaluru
11687,Bengaluru
11688,Mumbai
11689,Delhi
11690,Pune
11691,Mumbai
11692,Delhi
11693,Mumbai
11694,Bengaluru
11695,Mumbai
11696,Delhi
11697,Delhi
11698,Mumbai
11699,Delhi
11700,Bengaluru
11701,Bengaluru
11702,Delhi
11703,Bengaluru
11704,Delhi
11705,Mumbai
11706,Pune
11707,Hyderabad
11708,Delhi
11709,Mumbai
11710,Hyderabad
11711,Bengaluru
11712,Pune
11713,Delhi
11714,Hyderabad
11715,Mumbai
11716,Hyderabad
11717,Mumbai
11718,Bengaluru
11719,Hyderabad
11720,Delhi
11721,Hyderabad
11722,Bengaluru
11723,Hyderabad
11724,Pune
11725,Pune
11726,Delhi
11727,Delhi
11728,Mumbai
11729,Mumbai
11730,Bengaluru
11731,Pune
11732,Pune
11733,Bengaluru
11734,Delhi
11735,Pune
11736,Bengaluru
11737,Bengaluru
11738,Pune
11739,Mumbai
11740,Hyderabad
11741,Delhi
11742,Hyderabad
11743,Pune
11744,Mumbai
11745,Hyderabad
11746,Bengaluru
11747,Delhi
11748,Bengaluru
11749,Hyderabad
11750,Bengaluru
11751,Pune
11752,Delhi
11753,Mumbai
11754,Pune
11755,Bengaluru
11756,Hyderabad
11757,Hyderabad
11758,Bengaluru
11759,Delhi
11760,Bengaluru
11761,Bengaluru
11762,Pune
11763,Bengaluru
11764,Pune
11765,Delhi
11766,Delhi
11767,Delhi
11768,Delhi
11769,Pune
11770,Bengaluru
11771,Hyderabad
11772,Delhi
11773,Pune
11774,Hyderabad
11775,Bengaluru
11776,Pune
11777,Delhi
11778,Pune
11779,Pune
11780,Bengaluru
11781,Delhi
11782,Hyderabad
11783,Bengaluru
11784,Bengaluru
11785,Mumbai
11786,Bengaluru
11787,Bengaluru
11788,Mumbai
11789,Bengaluru
11790,Delhi
11791,Pune
11792,Mumbai
11793,Mumbai
11794,Bengaluru
11795,Mumbai
11796,Delhi
11797,Hyderabad
11798,Bengaluru
11799,Bengaluru
11800,Delhi
11801,Bengaluru
11802,Bengaluru
11803,Bengaluru
11804,Delhi
11805,Bengaluru
11806,Delhi
11807,Delhi
11808,Hyderabad
11809,Pune
11810,Delhi
11811,Mumbai
11812,Mumbai
11813,Hyderabad
11814,Pune
11815,Bengaluru
11816,Mumbai
11817,Delhi
11818,Mumbai
11819,Hyderabad
11820,Pune
11821,Pune
11822,Bengaluru
11823,Hyderabad
11824,Hyderabad
11825,Mumbai
11826,Hyderabad
11827,Pune
11828,Pune
11829,Delhi
11830,Delhi
11831,Pune
11832,Mumbai
11833,Bengaluru
11834,Delhi
11835,Delhi
11836,Bengaluru
11837,Delhi
11838,Hyderabad
11839,Mumbai
11840,Mumbai
11841,Bengaluru
11842,Bengaluru
11843,Pune
11844,Bengaluru
11845,Mumbai
11846,Bengaluru
11847,Mumbai
11848,Pune
11849,Pune
11850,Mumbai
11851,Pune
11852,Bengaluru
11853,Delhi
11854,Mumbai
11855,Hyderabad
11856,Hyderabad
11857,Hyderabad
11858,Delhi
11859,Delhi
11860,Pune
11861,Mumbai
11862,Hyderabad
11863,Bengaluru
11864,Mumbai
11865,Mumbai
11866,Delhi
11867,Pune
11868,Pune
11869,Hyderabad
11870,Hyderabad
11871,Mumbai
11872,Pune
11873,Mumbai
11874,Bengaluru
11875,Delhi
11876,Pune
11877,Mumbai
11878,Delhi
11879,Hyderabad
11880,Bengaluru
11881,Mumbai
11882,Pune
11883,Bengaluru
11884,Bengaluru
11885,Mumbai
11886,Bengaluru
11887,Pune
11888,Mumbai
11889,Delhi
11890,Bengaluru
11891,Pune
11892,Hyderabad
11893,Pune
11894,Delhi
11895,Delhi
11896,Bengaluru
11897,Hyderabad
11898,Bengaluru
11899,Delhi
11900,Pune
11901,Mumbai
11902,Mumbai
11903,Pune
11904,Hyderabad
11905,Pune
11906,Hyderabad
11907,Delhi
11908,Bengaluru
11909,Pune
11910,Delhi
11911,Delhi
11912,Bengaluru
11913,Bengaluru
11914,Pune
11915,Pune
11916,Mumbai
11917,Delhi
11918,Mumbai
11919,Pune
11920,Mumbai
11921,Hyderabad
11922,Delhi
11923,Hyderabad
11924,Hyderabad
11925,Pune
11926,Hyderabad
11927,Pune
11928,Bengaluru
11929,Bengaluru
11930,Mumbai
11931,Bengaluru
11932,Mumbai
11933,Bengaluru
11934,Bengaluru
11935,Bengaluru
11936,Hyderabad
11937,Delhi
11938,Mumbai
11939,Bengaluru
11940,Hyderabad
11941,Bengaluru
11942,Delhi
11943,Mumbai
11944,Hyderabad
11945,Pune
11946,Pune
11947,Pune
11948,Bengaluru
11949,Mumbai
11950,Delhi
11951,Pune
11952,Mumbai
11953,Mumbai
11954,Mumbai
11955,Delhi
11956,Delhi
11957,Hyderabad
11958,Delhi
11959,Bengaluru
11960,Bengaluru
11961,Mumbai
11962,Hyderabad
11963,Hyderabad
11964,Pune
11965,Delhi
11966,Mumbai
11967,Mumbai
11968,Delhi
11969,Bengaluru
11970,Mumbai
11971,Mumbai
11972,Delhi
11973,Pune
11974,Mumbai
11975,Bengaluru
11976,Pune
11977,Pune
11978,Delhi
11979,Bengaluru
11980,Mumbai
11981,Delhi
11982,Bengaluru
11983,Mumbai
11984,Bengaluru
11985,Hyderabad
11986,Delhi
11987,Pune
11988,Hyderabad
11989,Bengaluru
11990,Pune
11991,Mumbai
11992,Pune
11993,Bengaluru
11994,Bengaluru
11995,Bengaluru
11996,Hyderabad
11997,Delhi
11998,Mumbai
11999,Hyderabad
12000,Hyderabad
12001,Mumbai
12002,Mumbai
12003,Bengaluru
12004,Bengaluru
12005,Delhi
12006,Delhi
12007,Pune
12008,Pune
12009,Delhi
12010,Hyderabad
12011,Delhi
12012,Pune
12013,Delhi
12014,Delhi
12015,Pune
12016,Bengaluru
12017,Delhi
12018,Delhi
12019,Delhi
12020,Hyderabad
12021,Hyderabad
12022,Pune
12023,Bengaluru
12024,Delhi
12025,Hyderabad
12026,Bengaluru
12027,Mumbai
12028,Pune
12029,Mumbai
12030,Mumbai
12031,Delhi
12032,Pune
12033,Bengaluru
12034,Mumbai
12035,Hyderabad
12036,Pune
12037,Delhi
12038,Mumbai
12039,Bengaluru
12040,Mumbai
12041,Pune
12042,Bengaluru
12043,Delhi
12044,Hyderabad
12045,Pune
12046,Hyderabad
12047,Mumbai
12048,Delhi
12049,Delhi
12050,Delhi
12051,Pune
12052,Hyderabad
12053,Pune
12054,Delhi
12055,Delhi
12056,Mumbai
12057,Bengaluru
12058,Hyderabad
12059,Hyderabad
12060,Delhi
12061,Hyderabad
12062,Bengaluru
12063,Pune
12064,Pune
12065,Hyderabad
12066,Delhi
12067,Delhi
12068,Bengaluru
12069,Bengaluru
12070,Pune
12071,Mumbai
12072,Pune
12073,Mumbai
12074,Hyderabad
12075,Delhi
12076,Hyderabad
12077,Hyderabad
12078,Mumbai
12079,Delhi
12080,Pune
12081,Delhi
12082,Bengaluru
12083,Delhi
12084,Bengaluru
12085,Pune
12086,Bengaluru
12087,Mumbai
12088,Delhi
12089,Hyderabad
12090,Bengaluru
12091,Bengaluru
12092,Pune
12093,Delhi
12094,Bengaluru
12095,Pune
12096,Delhi
12097,Bengaluru
12098,Bengaluru
12099,Delhi
12100,Mumbai
12101,Delhi
12102,Delhi
12103,Hyderabad
12104,Hyderabad
12105,Mumbai
12106,Bengaluru
12107,Delhi
12108,Mumbai
12109,Mumbai
12110,Pune
12111,Hyderabad
12112,Bengaluru
12113,Delhi
12114,Mumbai
12115,Bengaluru
12116,Pune
12117,Delhi
12118,Mumbai
12119,Pune
12120,Pune
12121,Pune
12122,Bengaluru
12123,Delhi
12124,Delhi
12125,Hyderabad
12126,Delhi
12127,Mumbai
12128,Hyderabad
12129,Pune
12130,Delhi
12131,Hyderabad
12132,Mumbai
12133,Mumbai
12134,Delhi
12135,Mumbai
12136,Pune
12137,Hyderabad
12138,Mumbai
12139,Delhi
12140,Delhi
12141,Bengaluru
12142,Delhi
12143,Hyderabad
12144,Pune
12145,Hyderabad
12146,Mumbai
12147,Pune
12148,Pune
12149,Bengaluru
12150,Mumbai
12151,Hyderabad
12152,Pune
12153,Delhi
12154,Hyderabad
12155,Delhi
12156,Pune
12157,Delhi
12158,Pune
12159,Pune
12160,Pune
12161,Pune
12162,Pune
12163,Bengaluru
12164,Hyderabad
12165,Bengaluru
12166,Pune
12167,Bengaluru
12168,Mumbai
12169,Hyderabad
12170,Delhi
12171,Mumbai
12172,Hyderabad
12173,Hyderabad
12174,Delhi
12175,Mumbai
12176,Hyderabad
12177,Hyderabad
12178,Hyderabad
12179,Delhi
12180,Bengaluru
12181,Pune
12182,Mumbai
12183,Pune
12184,Bengaluru
12185,Pune
12186,Hyderabad
12187,Pune
12188,Bengaluru
12189,Bengaluru
12190,Bengaluru
12191,Delhi
12192,Bengaluru
12193,Delhi
12194,Hyderabad
12195,Bengaluru
12196,Delhi
12197,Hyderabad
12198,Pune
12199,Delhi
12200,Bengaluru
12201,Bengaluru
12202,Hyderabad
12203,Hyderabad
12204,Bengaluru
12205,Mumbai
12206,Hyderabad
12207,Mumbai
12208,Hyderabad
12209,Pune
12210,Mumbai
12211,Mumbai
12212,Mumbai
12213,Delhi
12214,Delhi
12215,Bengaluru
12216,Pune
12217,Hyderabad
12218,Mumbai
12219,Bengaluru
12220,Bengaluru
12221,Bengaluru
12222,Mumbai
12223,Hyderabad
12224,Bengaluru
12225,Hyderabad
12226,Bengaluru
12227,Mumbai
12228,Mumbai
12229,Bengaluru
12230,Pune
12231,Bengaluru
12232,Hyderabad
12233,Pune
12234,Pune
12235,Bengaluru
12236,Bengaluru
12237,Delhi
12238,Pune
12239,Pune
12240,Mumbai
12241,Mumbai
12242,Hyderabad
12243,Delhi
12244,Hyderabad
12245,Pune
12246,Hyderabad
12247,Bengaluru
12248,Pune
12249,Mumbai
12250,Bengaluru
12251,Mumbai
12252,Mumbai
12253,Mumbai
12254,Mumbai
12255,Hyderabad
12256,Hyderabad
12257,Mumbai
12258,Pune
12259,Pune
12260,Delhi
12261,Delhi
12262,Bengaluru
12263,Hyderabad
12264,Pune
12265,Delhi
12266,Delhi
12267,Pune
12268,Pune
12269,Bengaluru
12270,Pune
12271,Pune
12272,Pune
12273,Mumbai
12274,Bengaluru
12275,Delhi
12276,Pune
12277,Bengaluru
12278,Hyderabad
12279,Pune
12280,Bengaluru
12281,Hyderabad
12282,Delhi
12283,Bengaluru
12284,Hyderabad
12285,Pune
12286,Bengaluru
12287,Delhi
12288,Mumbai
12289,Pune
12290,Pune
12291,Delhi
12292,Bengaluru
12293,Mumbai
12294,Delhi
12295,Hyderabad
12296,Hyderabad
12297,Mumbai
12298,Delhi
12299,Hyderabad
12300,Pune
12301,Hyderabad
12302,Bengaluru
12303,Mumbai
12304,Mumbai
12305,Delhi
12306,Hyderabad
12307,Delhi
12308,Pune
12309,Mumbai
12310,Delhi
12311,Delhi
12312,Pune
12313,Bengaluru
12314,Pune
12315,Pune
12316,Pune
12317,Hyderabad
12318,Mumbai
12319,Hyderabad
12320,Hyderabad
12321,Hyderabad
12322,Delhi
12323,Mumbai
12324,Delhi
12325,Hyderabad
12326,Hyderabad
12327,Delhi
12328,Hyderabad
12329,Hyderabad
12330,Pune
12331,Bengaluru
12332,Bengaluru
12333,Bengaluru
12334,Mumbai
12335,Mumbai
12336,Bengaluru
12337,Bengaluru
12338,Pune
12339,Pune
12340,Delhi
12341,Mumbai
12342,Mumbai
12343,Bengaluru
12344,Mumbai
12345,Pune
12346,Pune
12347,Bengaluru
12348,Bengaluru
12349,Hyderabad
12350,Delhi
12351,Bengaluru
12352,Bengaluru
12353,Bengaluru
12354,Pune
12355,Delhi
12356,Hyderabad
12357,Bengaluru
12358,Mumbai
12359,Delhi
12360,Bengaluru
12361,Pune
12362,Pune
12363,Mumbai
12364,Hyderabad
12365,Hyderabad
12366,Mumbai
12367,Mumbai
12368,Delhi
12369,Pune
12370,Pune
12371,Delhi
12372,Mumbai
12373,Mumbai
12374,Mumbai
12375,Pune
12376,Hyderabad
12377,Mumbai
12378,Bengaluru
12379,Hyderabad
12380,Bengaluru
12381,Bengaluru
12382,Mumbai
12383,Bengaluru
12384,Mumbai
12385,Bengaluru
12386,Delhi
12387,Pune
12388,Hyderabad
12389,Hyderabad
12390,Bengaluru
12391,Delhi
12392,Mumbai
12393,Hyderabad
12394,Pune
12395,Mumbai
12396,Mumbai
12397,Hyderabad
12398,Pune
12399,Hyderabad
12400,Delhi
12401,Delhi
12402,Hyderabad
12403,Hyderabad
12404,Mumbai
12405,Bengaluru
12406,Pune
12407,Pune
12408,Pune
12409,Bengaluru
12410,Hyderabad
12411,Bengaluru
12412,Mumbai
12413,Hyderabad
12414,Delhi
12415,Bengaluru
12416,Bengaluru
12417,Pune
12418,Mumbai
12419,Bengaluru
12420,Hyderabad
12421,Hyderabad
12422,Delhi
12423,Bengaluru
12424,Mumbai
12425,Delhi
12426,Delhi
12427,Pune
12428,Delhi
12429,Bengaluru
12430,Mumbai
12431,Delhi
12432,Bengaluru
12433,Hyderabad
12434,Hyderabad
12435,Mumbai
12436,Hyderabad
12437,Hyderabad
12438,Hyderabad
12439,Delhi
12440,Pune
12441,Hyderabad
12442,Bengaluru
12443,Hyderabad
12444,Bengaluru
12445,Hyderabad
12446,Pune
12447,Delhi
12448,Bengaluru
12449,Bengaluru
12450,Delhi
12451,Pune
12452,Delhi
12453,Mumbai
12454,Delhi
12455,Bengaluru
12456,Mumbai
12457,Mumbai
12458,Hyderabad
12459,Delhi
12460,Bengaluru
12461,Mumbai
12462,Pune
12463,Bengaluru
12464,Hyderabad
12465,Hyderabad
12466,Bengaluru
12467,Delhi
12468,Bengaluru
12469,Pune
12470,Hyderabad
12471,Hyderabad
12472,Bengaluru
12473,Hyderabad
12474,Pune
12475,Mumbai
12476,Delhi
12477,Bengaluru
12478,Bengaluru
12479,Bengaluru
12480,Pune
12481,Hyderabad
12482,Mumbai
12483,Delhi
12484,Pune
12485,Pune
12486,Delhi
12487,Mumbai
12488,Bengaluru
12489,Bengaluru
12490,Bengaluru
12491,Mumbai
12492,Hyderabad
12493,Hyderabad
12494,Pune
12495,Bengaluru
12496,Hyderabad
12497,Pune
12498,Bengaluru
12499,Pune
12500,Pune
12501,Mumbai
12502,Pune
12503,Pune
12504,Hyderabad
12505,Mumbai
12506,Bengaluru
12507,Pune
12508,Bengaluru
12509,Hyderabad
12510,Delhi
12511,Delhi
12512,Mumbai
12513,Delhi
12514,Pune
12515,Bengaluru
12516,Mumbai
12517,Mumbai
12518,Bengaluru
12519,Hyderabad
12520,Bengaluru
12521,Mumbai
12522,Pune
12523,Hyderabad
12524,Hyderabad
12525,Bengaluru
12526,Bengaluru
12527,Mumbai
12528,Bengaluru
12529,Bengaluru
12530,Bengaluru
12531,Mumbai
12532,Pune
12533,Mumbai
12534,Delhi
12535,Bengaluru
12536,Delhi
12537,Delhi
12538,Hyderabad
12539,Mumbai
12540,Delhi
12541,Mumbai
12542,Hyderabad
12543,Pune
12544,Pune
12545,Bengaluru
12546,Bengaluru
12547,Bengaluru
12548,Delhi
12549,Hyderabad
12550,Mumbai
12551,Pune
12552,Delhi
12553,Mumbai
12554,Pune
12555,Delhi
12556,Delhi
12557,Hyderabad
12558,Delhi
12559,Mumbai
12560,Hyderabad
12561,Delhi
12562,Delhi
12563,Hyderabad
12564,Hyderabad
12565,Bengaluru
12566,Bengaluru
12567,Delhi
12568,Pune
12569,Hyderabad
12570,Pune
12571,Delhi
12572,Bengaluru
12573,Mumbai
12574,Mumbai
12575,Hyderabad
12576,Mumbai
12577,Delhi
12578,Hyderabad
12579,Mumbai
12580,Bengaluru
12581,Delhi
12582,Mumbai
12583,Bengaluru
12584,Mumbai
12585,Pune
12586,Pune
12587,Bengaluru
12588,Bengaluru
12589,Pune
12590,Bengaluru
12591,Delhi
12592,Delhi
12593,Hyderabad
12594,Pune
12595,Delhi
12596,Bengaluru
12597,Bengaluru
12598,Delhi
12599,Hyderabad
12600,Pune
12601,Pune
12602,Bengaluru
12603,Pune
12604,Pune
12605,Pune
12606,Bengaluru
12607,Mumbai
12608,Mumbai
12609,Pune
12610,Mumbai
12611,Pune
12612,Hyderabad
12613,Bengaluru
12614,Delhi
12615,Bengaluru
12616,Hyderabad
12617,Delhi
12618,Bengaluru
12619,Hyderabad
12620,Delhi
12621,Delhi
12622,Hyderabad
12623,Mumbai
12624,Bengaluru
12625,Delhi
12626,Hyderabad
12627,Pune
12628,Pune
12629,Bengaluru
12630,Bengaluru
12631,Hyderabad
12632,Pune
12633,Delhi
12634,Hyderabad
12635,Pune
12636,Pune
12637,Hyderabad
12638,Hyderabad
12639,Hyderabad
12640,Delhi
12641,Mumbai
12642,Pune
12643,Pune
12644,Mumbai
12645,Mumbai
12646,Bengaluru
12647,Delhi
12648,Delhi
12649,Bengaluru
12650,Mumbai
12651,Hyderabad
12652,Delhi
12653,Delhi
12654,Hyderabad
12655,Pune
12656,Bengaluru
12657,Hyderabad
12658,Delhi
12659,Delhi
12660,Delhi
12661,Delhi
12662,Hyderabad
12663,Bengaluru
12664,Bengaluru
12665,Delhi
12666,Hyderabad
12667,Delhi
12668,Delhi
12669,Mumbai
12670,Pune
12671,Pune
12672,Bengaluru
12673,Pune
12674,Bengaluru
12675,Pune
12676,Bengaluru
12677,Delhi
12678,Pune
12679,Hyderabad
12680,Mumbai
12681,Pune
12682,Bengaluru
12683,Hyderabad
12684,Bengaluru
12685,Delhi
12686,Hyderabad
12687,Hyderabad
12688,Delhi
12689,Bengaluru
12690,Pune
12691,Mumbai
12692,Delhi
12693,Delhi
12694,Delhi
12695,Pune
12696,Mumbai
12697,Mumbai
12698,Mumbai
12699,Mumbai
12700,Hyderabad
12701,Bengaluru
12702,Mumbai
12703,Bengaluru
12704,Bengaluru
12705,Mumbai
12706,Hyderabad
12707,Pune
12708,Hyderabad
12709,Delhi
12710,Bengaluru
12711,Hyderabad
12712,Mumbai
12713,Bengaluru
12714,Delhi
12715,Delhi
12716,Bengaluru
12717,Delhi
12718,Hyderabad
12719,Bengaluru
12720,Hyderabad
12721,Mumbai
12722,Delhi
12723,Bengaluru
12724,Bengaluru
12725,Hyderabad
12726,Pune
12727,Bengaluru
12728,Hyderabad
12729,Bengaluru
12730,Mumbai
12731,Mumbai
12732,Delhi
12733,Hyderabad
12734,Delhi
12735,Pune
12736,Bengaluru
12737,Pune
12738,Delhi
12739,Mumbai
12740,Bengaluru
12741,Delhi
12742,Hyderabad
12743,Delhi
12744,Delhi
12745,Pune
12746,Delhi
12747,Pune
12748,Delhi
12749,Hyderabad
12750,Bengaluru
12751,Mumbai
12752,Delhi
12753,Bengaluru
12754,Delhi
12755,Mumbai
12756,Hyderabad
12757,Bengaluru
12758,Bengaluru
12759,Hyderabad
12760,Mumbai
12761,Delhi
12762,Hyderabad
12763,Hyderabad
12764,Hyderabad
12765,Delhi
12766,Mumbai
12767,Pune
12768,Hyderabad
12769,Bengaluru
12770,Mumbai
12771,Pune
12772,Bengaluru
12773,Bengaluru
12774,Mumbai
12775,Hyderabad
12776,Hyderabad
12777,Hyderabad
12778,Hyderabad
12779,Pune
12780,Hyderabad
12781,Bengaluru
12782,Hyderabad
12783,Bengaluru
12784,Hyderabad
12785,Pune
12786,Hyderabad
12787,Hyderabad
12788,Pune
12789,Delhi
12790,Delhi
12791,Mumbai
12792,Hyderabad
12793,Delhi
12794,Mumbai
12795,Delhi
12796,Mumbai
12797,Delhi
12798,Mumbai
12799,Pune
12800,Delhi
12801,Bengaluru
12802,Mumbai
12803,Pune
12804,Pune
12805,Delhi
12806,Bengaluru
12807,Delhi
12808,Hyderabad
12809,Hyderabad
12810,Bengaluru
12811,Delhi
12812,Pune
12813,Hyderabad
12814,Mumbai
12815,Pune
12816,Pune
12817,Mumbai
12818,Hyderabad
12819,Mumbai
12820,Hyderabad
12821,Mumbai
12822,Pune
12823,Hyderabad
12824,Mumbai
12825,Hyderabad
12826,Delhi
12827,Delhi
12828,Delhi
12829,Delhi
12830,Bengaluru
12831,Bengaluru
12832,Pune
12833,Pune
12834,Hyderabad
12835,Mumbai
12836,Hyderabad
12837,Pune
12838,Mumbai
12839,Mumbai
12840,Pune
12841,Bengaluru
12842,Mumbai
12843,Bengaluru
12844,Pune
12845,Delhi
12846,Hyderabad
12847,Pune
12848,Bengaluru
12849,Mumbai
12850,Bengaluru
12851,Pune
12852,Bengaluru
12853,Mumbai
12854,Bengaluru
12855,Mumbai
12856,Hyderabad
12857,Hyderabad
12858,Pune
12859,Pune
12860,Delhi
12861,Mumbai
12862,Pune
12863,Hyderabad
12864,Mumbai
12865,Delhi
12866,Bengaluru
12867,Delhi
12868,Delhi
12869,Hyderabad
12870,Hyderabad
12871,Hyderabad
12872,Bengaluru
12873,Bengaluru
12874,Bengaluru
12875,Delhi
12876,Pune
12877,Pune
12878,Pune
12879,Pune
12880,Delhi
12881,Pune
12882,Mumbai
12883,Mumbai
12884,Hyderabad
12885,Hyderabad
12886,Bengaluru
12887,Mumbai
12888,Bengaluru
12889,Hyderabad
12890,Hyderabad
12891,Delhi
12892,Pune
12893,Pune
12894,Delhi
12895,Pune
12896,Mumbai
12897,Hyderabad
12898,Hyderabad
12899,Delhi
12900,Bengaluru
12901,Mumbai
12902,Delhi
12903,Pune
12904,Delhi
12905,Bengaluru
12906,Hyderabad
12907,Hyderabad
12908,Hyderabad
12909,Hyderabad
12910,Hyderabad
12911,Pune
12912,Delhi
12913,Delhi
12914,Pune
12915,Delhi
12916,Mumbai
12917,Mumbai
12918,Bengaluru
12919,Mumbai
12920,Pune
12921,Hyderabad
12922,Delhi
12923,Hyderabad
12924,Hyderabad
12925,Delhi
12926,Bengaluru
12927,Delhi
12928,Delhi
12929,Mumbai
12930,Bengaluru
12931,Delhi
12932,Delhi
12933,Pune
12934,Pune
12935,Mumbai
12936,Mumbai
12937,Delhi
12938,Delhi
12939,Hyderabad
12940,Bengaluru
12941,Mumbai
12942,Delhi
12943,Mumbai
12944,Bengaluru
12945,Mumbai
12946,Hyderabad
12947,Hyderabad
12948,Mumbai
12949,Bengaluru
12950,Hyderabad
12951,Bengaluru
12952,Hyderabad
12953,Hyderabad
12954,Mumbai
12955,Bengaluru
12956,Pune
12957,Bengaluru
12958,Delhi
12959,Mumbai
12960,Delhi
12961,Hyderabad
12962,Pune
12963,Pune
12964,Hyderabad
12965,Mumbai
12966,Pune
12967,Delhi
12968,Bengaluru
12969,Bengaluru
12970,Pune
12971,Pune
12972,Pune
12973,Delhi
12974,Bengaluru
12975,Mumbai
12976,Delhi
12977,Bengaluru
12978,Delhi
12979,Bengaluru
12980,Mumbai
12981,Bengaluru
12982,Delhi
12983,Mumbai
12984,Hyderabad
12985,Delhi
12986,Delhi
12987,Pune
12988,Hyderabad
12989,Bengaluru
12990,Delhi
12991,Bengaluru
12992,Pune
12993,Bengaluru
12994,Hyderabad
12995,Delhi
12996,Mumbai
12997,Hyderabad
12998,Bengaluru
12999,Bengaluru
13000,Mumbai
13001,Mumbai
13002,Hyderabad
13003,Pune
13004,Mumbai
13005,Mumbai
13006,Delhi
13007,Pune
13008,Mumbai
13009,Pune
13010,Mumbai
13011,Pune
13012,Delhi
13013,Mumbai
13014,Mumbai
13015,Bengaluru
13016,Hyderabad
13017,Mumbai
13018,Bengaluru
13019,Pune
13020,Bengaluru
13021,Pune
13022,Hyderabad
13023,Hyderabad
13024,Mumbai
13025,Mumbai
13026,Bengaluru
13027,Pune
13028,Delhi
13029,Hyderabad
13030,Pune
13031,Hyderabad
13032,Mumbai
13033,Delhi
13034,Pune
13035,Hyderabad
13036,Mumbai
13037,Delhi
13038,Mumbai
13039,Delhi
13040,Pune
13041,Pune
13042,Pune
13043,Hyderabad
13044,Delhi
13045,Hyderabad
13046,Pune
13047,Delhi
13048,Bengaluru
13049,Mumbai
13050,Bengaluru
13051,Delhi
13052,Pune
13053,Pune
13054,Delhi
13055,Mumbai
13056,Pune
13057,Bengaluru
13058,Mumbai
13059,Pune
13060,Delhi
13061,Bengaluru
13062,Delhi
13063,Pune
13064,Mumbai
13065,Pune
13066,Pune
13067,Hyderabad
13068,Pune
13069,Mumbai
13070,Bengaluru
13071,Delhi
13072,Delhi
13073,Hyderabad
13074,Mumbai
13075,Pune
13076,Bengaluru
13077,Hyderabad
13078,Delhi
13079,Delhi
13080,Delhi
13081,Pune
13082,Pune
13083,Pune
13084,Pune
13085,Pune
13086,Delhi
13087,Bengaluru
13088,Delhi
13089,Pune
13090,Mumbai
13091,Delhi
13092,Bengaluru
13093,Delhi
13094,Pune
13095,Pune
13096,Mumbai
13097,Hyderabad
13098,Mumbai
13099,Hyderabad
13100,Mumbai
13101,Bengaluru
13102,Hyderabad
13103,Hyderabad
13104,Delhi
13105,Mumbai
13106,Hyderabad
13107,Hyderabad
13108,Bengaluru
13109,Bengaluru
13110,Pune
13111,Bengaluru
13112,Delhi
13113,Delhi
13114,Hyderabad
13115,Bengaluru
13116,Bengaluru
13117,Hyderabad
13118,Mumbai
13119,Delhi
13120,Hyderabad
13121,Mumbai
13122,Mumbai
13123,Hyderabad
13124,Pune
13125,Mumbai
13126,Delhi
13127,Mumbai
13128,Delhi
13129,Delhi
13130,Pune
13131,Mumbai
13132,Hyderabad
13133,Mumbai
13134,Bengaluru
13135,Bengaluru
13136,Bengaluru
13137,Hyderabad
13138,Bengaluru
13139,Hyderabad
13140,Pune
13141,Pune
13142,Bengaluru
13143,Mumbai
13144,Delhi
13145,Delhi
13146,Bengaluru
13147,Mumbai
13148,Mumbai
13149,Bengaluru
13150,Delhi
13151,Bengaluru
13152,Pune
13153,Pune
13154,Mumbai
13155,Delhi
13156,Bengaluru
13157,Bengaluru
13158,Bengaluru
13159,Hyderabad
13160,Pune
13161,Bengaluru
13162,Bengaluru
13163,Hyderabad
13164,Hyderabad
13165,Mumbai
13166,Bengaluru
13167,Hyderabad
13168,Pune
13169,Mumbai
13170,Hyderabad
13171,Delhi
13172,Delhi
13173,Pune
13174,Hyderabad
13175,Bengaluru
13176,Delhi
13177,Delhi
13178,Pune
13179,Mumbai
13180,Bengaluru
13181,Delhi
13182,Hyderabad
13183,Pune
13184,Pune
13185,Delhi
13186,Pune
13187,Bengaluru
13188,Mumbai
13189,Pune
13190,Hyderabad
13191,Delhi
13192,Pune
13193,Delhi
13194,Hyderabad
13195,Hyderabad
13196,Mumbai
13197,Pune
13198,Bengaluru
13199,Pune
13200,Pune
13201,Delhi
13202,Hyderabad
13203,Bengaluru
13204,Pune
13205,Mumbai
13206,Hyderabad
13207,Bengaluru
13208,Pune
13209,Mumbai
13210,Pune
13211,Delhi
13212,Pune
13213,Hyderabad
13214,Bengaluru
13215,Delhi
13216,Delhi
13217,Mumbai
13218,Bengaluru
13219,Bengaluru
13220,Hyderabad
13221,Mumbai
13222,Mumbai
13223,Pune
13224,Hyderabad
13225,Mumbai
13226,Bengaluru
13227,Mumbai
13228,Pune
13229,Hyderabad
13230,Pune
13231,Hyderabad
13232,Hyderabad
13233,Mumbai
13234,Bengaluru
13235,Pune
13236,Delhi
13237,Pune
13238,Delhi
13239,Delhi
13240,Mumbai
13241,Bengaluru
13242,Delhi
13243,Hyderabad
13244,Hyderabad
13245,Pune
13246,Bengaluru
13247,Delhi
13248,Mumbai
13249,Hyderabad
13250,Pune
13251,Hyderabad
13252,Pune
13253,Delhi
13254,Mumbai
13255,Delhi
13256,Pune
13257,Pune
13258,Hyderabad
13259,Hyderabad
13260,Bengaluru
13261,Bengaluru
13262,Pune
13263,Bengaluru
13264,Pune
13265,Mumbai
13266,Bengaluru
13267,Mumbai
13268,Hyderabad
13269,Bengaluru
13270,Mumbai
13271,Mumbai
13272,Pune
13273,Bengaluru
13274,Bengaluru
13275,Pune
13276,Pune
13277,Mumbai
13278,Hyderabad
13279,Pune
13280,Mumbai
13281,Hyderabad
13282,Pune
13283,Pune
13284,Bengaluru
13285,Delhi
13286,Bengaluru
13287,Pune
13288,Delhi
13289,Delhi
13290,Hyderabad
13291,Delhi
13292,Hyderabad
13293,Delhi
13294,Hyderabad
13295,Mumbai
13296,Mumbai
13297,Delhi
13298,Hyderabad
13299,Mumbai
13300,Hyderabad
13301,Delhi
13302,Hyderabad
13303,Hyderabad
13304,Delhi
13305,Pune
13306,Pune
13307,Mumbai
13308,Delhi
13309,Mumbai
13310,Mumbai
13311,Hyderabad
13312,Pune
13313,Bengaluru
13314,Delhi
13315,Pune
13316,Mumbai
13317,Mumbai
13318,Pune
13319,Bengaluru
13320,Bengaluru
13321,Delhi
13322,Mumbai
13323,Mumbai
13324,Bengaluru
13325,Hyderabad
13326,Pune
13327,Delhi
13328,Bengaluru
13329,Bengaluru
13330,Hyderabad
13331,Pune
13332,Hyderabad
13333,Mumbai
13334,Bengaluru
13335,Delhi
13336,Hyderabad
13337,Mumbai
13338,Delhi
13339,Bengaluru
13340,Mumbai
13341,Delhi
13342,Delhi
13343,Pune
13344,Hyderabad
13345,Delhi
13346,Delhi
13347,Hyderabad
13348,Pune
13349,Delhi
13350,Hyderabad
13351,Hyderabad
13352,Mumbai
13353,Bengaluru
13354,Hyderabad
13355,Mumbai
13356,Bengaluru
13357,Mumbai
13358,Delhi
13359,Mumbai
13360,Delhi
13361,Hyderabad
13362,Bengaluru
13363,Mumbai
13364,Hyderabad
13365,Hyderabad
13366,Pune
13367,Delhi
13368,Hyderabad
13369,Hyderabad
13370,Hyderabad
13371,Delhi
13372,Hyderabad
13373,Pune
13374,Mumbai
13375,Mumbai
13376,Bengaluru
13377,Mumbai
13378,Mumbai
13379,Bengaluru
13380,Hyderabad
13381,Mumbai
13382,Mumbai
13383,Mumbai
13384,Pune
13385,Bengaluru
13386,Delhi
13387,Bengaluru
13388,Bengaluru
13389,Mumbai
13390,Hyderabad
13391,Pune
13392,Pune
13393,Pune
13394,Delhi
13395,Delhi
13396,Hyderabad
13397,Bengaluru
13398,Mumbai
13399,Hyderabad
13400,Pune
13401,Pune
13402,Pune
13403,Pune
13404,Delhi
13405,Delhi
13406,Hyderabad
13407,Delhi
13408,Hyderabad
13409,Bengaluru
13410,Hyderabad
13411,Mumbai
13412,Mumbai
13413,Delhi
13414,Mumbai
13415,Pune
13416,Hyderabad
13417,Pune
13418,Pune
13419,Delhi
13420,Bengaluru
13421,Hyderabad
13422,Pune
13423,Delhi
13424,Mumbai
13425,Bengaluru
13426,Delhi
13427,Pune
13428,Delhi
13429,Pune
13430,Mumbai
13431,Hyderabad
13432,Hyderabad
13433,Mumbai
13434,Pune
13435,Delhi
13436,Mumbai
13437,Bengaluru
13438,Mumbai
13439,Pune
13440,Delhi
13441,Hyderabad
13442,Mumbai
13443,Bengaluru
13444,Hyderabad
13445,Delhi
13446,Delhi
13447,Bengaluru
13448,Delhi
13449,Delhi
13450,Hyderabad
13451,Bengaluru
13452,Hyderabad
13453,Delhi
13454,Bengaluru
13455,Delhi
13456,Pune
13457,Pune
13458,Bengaluru
13459,Delhi
13460,Delhi
13461,Bengaluru
13462,Hyderabad
13463,Bengaluru
13464,Pune
13465,Hyderabad
13466,Pune
13467,Pune
13468,Mumbai
13469,Pune
13470,Hyderabad
13471,Bengaluru
13472,Bengaluru
13473,Delhi
13474,Bengaluru
13475,Hyderabad
13476,Mumbai
13477,Mumbai
13478,Mumbai
13479,Bengaluru
13480,Pune
13481,Bengaluru
13482,Bengaluru
13483,Pune
13484,Bengaluru
13485,Delhi
13486,Bengaluru
13487,Hyderabad
13488,Delhi
13489,Mumbai
13490,Hyderabad
13491,Bengaluru
13492,Delhi
13493,Delhi
13494,Mumbai
13495,Hyderabad
13496,Delhi
13497,Hyderabad
13498,Bengaluru
13499,Pune
13500,Pune
13501,Bengaluru
13502,Bengaluru
13503,Mumbai
13504,Hyderabad
13505,Mumbai
13506,Delhi
13507,Bengaluru
13508,Mumbai
13509,Pune
13510,Bengaluru
13511,Delhi
13512,Hyderabad
13513,Mumbai
13514,Hyderabad
13515,Pune
13516,Mumbai
13517,Bengaluru
13518,Delhi
13519,Delhi
13520,Hyderabad
13521,Delhi
13522,Bengaluru
13523,Delhi
13524,Pune
13525,Hyderabad
13526,Bengaluru
13527,Hyderabad
13528,Pune
13529,Bengaluru
13530,Bengaluru
13531,Bengaluru
13532,Mumbai
13533,Bengaluru
13534,Mumbai
13535,Delhi
13536,Hyderabad
13537,Bengaluru
13538,Mumbai
13539,Bengaluru
13540,Mumbai
13541,Delhi
13542,Pune
13543,Bengaluru
13544,Mumbai
13545,Delhi
13546,Mumbai
13547,Mumbai
13548,Delhi
13549,Bengaluru
13550,Pune
13551,Delhi
13552,Mumbai
13553,Delhi
13554,Mumbai
13555,Hyderabad
13556,Delhi
13557,Pune
13558,Mumbai
13559,Mumbai
13560,Delhi
13561,Mumbai
13562,Mumbai
13563,Delhi
13564,Delhi
13565,Pune
13566,Delhi
13567,Bengaluru
13568,Pune
13569,Delhi
13570,Hyderabad
13571,Delhi
13572,Delhi
13573,Hyderabad
13574,Pune
13575,Mumbai
13576,Bengaluru
13577,Hyderabad
13578,Pune
13579,Mumbai
13580,Hyderabad
13581,Hyderabad
13582,Mumbai
13583,Pune
13584,Delhi
13585,Delhi
13586,Mumbai
13587,Delhi
13588,Hyderabad
13589,Hyderabad
13590,Delhi
13591,Bengaluru
13592,Hyderabad
13593,Mumbai
13594,Delhi
13595,Mumbai
13596,Pune
13597,Delhi
13598,Bengaluru
13599,Bengaluru
13600,Hyderabad
13601,Mumbai
13602,Pune
13603,Mumbai
13604,Pune
13605,Hyderabad
13606,Delhi
13607,Delhi
13608,Hyderabad
13609,Pune
13610,Hyderabad
13611,Bengaluru
13612,Delhi
13613,Bengaluru
13614,Delhi
13615,Bengaluru
13616,Mumbai
13617,Pune
13618,Pune
13619,Delhi
13620,Delhi
13621,Bengaluru
13622,Mumbai
13623,Delhi
13624,Delhi
13625,Mumbai
13626,Pune
13627,Hyderabad
13628,Mumbai
13629,Bengaluru
13630,Pune
13631,Hyderabad
13632,Pune
13633,Hyderabad
13634,Hyderabad
13635,Pune
13636,Pune
13637,Pune
13638,Mumbai
13639,Delhi
13640,Delhi
13641,Hyderabad
13642,Delhi
13643,Pune
13644,Pune
13645,Delhi
13646,Bengaluru
13647,Mumbai
13648,Hyderabad
13649,Bengaluru
13650,Pune
13651,Pune
13652,Delhi
13653,Hyderabad
13654,Pune
13655,Hyderabad
13656,Bengaluru
13657,Mumbai
13658,Hyderabad
13659,Mumbai
13660,Delhi
13661,Hyderabad
13662,Hyderabad
13663,Mumbai
13664,Hyderabad
13665,Mumbai
13666,Mumbai
13667,Delhi
13668,Bengaluru
13669,Bengaluru
13670,Delhi
13671,Mumbai
13672,Delhi
13673,Pune
13674,Pune
13675,Mumbai
13676,Pune
13677,Bengaluru
13678,Mumbai
13679,Mumbai
13680,Mumbai
13681,Delhi
13682,Delhi
13683,Bengaluru
13684,Mumbai
13685,Mumbai
13686,Mumbai
13687,Pune
13688,Bengaluru
13689,Mumbai
13690,Mumbai
13691,Hyderabad
13692,Delhi
13693,Bengaluru
13694,Pune
13695,Mumbai
13696,Delhi
13697,Bengaluru
13698,Pune
13699,Hyderabad
13700,Pune
13701,Mumbai
13702,Pune
13703,Pune
13704,Pune
13705,Mumbai
13706,Bengaluru
13707,Pune
13708,Mumbai
13709,Delhi
13710,Mumbai
13711,Pune
13712,Delhi
13713,Delhi
13714,Pune
13715,Hyderabad
13716,Pune
13717,Hyderabad
13718,Bengaluru
13719,Delhi
13720,Pune
13721,Hyderabad
13722,Bengaluru
13723,Mumbai
13724,Hyderabad
13725,Mumbai
13726,Mumbai
13727,Delhi
13728,Delhi
13729,Delhi
13730,Hyderabad
13731,Bengaluru
13732,Hyderabad
13733,Hyderabad
13734,Pune
13735,Bengaluru
13736,Mumbai
13737,Mumbai
13738,Pune
13739,Mumbai
13740,Bengaluru
13741,Mumbai
13742,Delhi
13743,Pune
13744,Bengaluru
13745,Delhi
13746,Pune
13747,Mumbai
13748,Pune
13749,Mumbai
13750,Delhi
13751,Delhi
13752,Pune
13753,Pune
13754,Bengaluru
13755,Delhi
13756,Pune
13757,Mumbai
13758,Mumbai
13759,Pune
13760,Hyderabad
13761,Bengaluru
13762,Pune
13763,Bengaluru
13764,Delhi
13765,Bengaluru
13766,Pune
13767,Bengaluru
13768,Mumbai
13769,Delhi
13770,Mumbai
13771,Hyderabad
13772,Hyderabad
13773,Pune
13774,Pune
13775,Bengaluru
13776,Pune
13777,Pune
13778,Pune
13779,Bengaluru
13780,Delhi
13781,Pune
13782,Delhi
13783,Bengaluru
13784,Hyderabad
13785,Pune
13786,Hyderabad
13787,Delhi
13788,Pune
13789,Delhi
13790,Hyderabad
13791,Delhi
13792,Bengaluru
13793,Mumbai
13794,Pune
13795,Hyderabad
13796,Pune
13797,Bengaluru
13798,Mumbai
13799,Bengaluru
13800,Delhi
13801,Hyderabad
13802,Delhi
13803,Mumbai
13804,Hyderabad
13805,Hyderabad
13806,Pune
13807,Pune
13808,Bengaluru
13809,Pune
13810,Delhi
13811,Bengaluru
13812,Bengaluru
13813,Pune
13814,Pune
13815,Delhi
13816,Bengaluru
13817,Hyderabad
13818,Delhi
13819,Delhi
13820,Pune
13821,Delhi
13822,Delhi
13823,Bengaluru
13824,Hyderabad
13825,Delhi
13826,Mumbai
13827,Delhi
13828,Delhi
13829,Pune
13830,Bengaluru
13831,Pune
13832,Delhi
13833,Delhi
13834,Bengaluru
13835,Hyderabad
13836,Bengaluru
13837,Delhi
13838,Bengaluru
13839,Hyderabad
13840,Pune
13841,Mumbai
13842,Mumbai
13843,Bengaluru
13844,Hyderabad
13845,Bengaluru
13846,Mumbai
13847,Mumbai
13848,Pune
13849,Pune
13850,Delhi
13851,Delhi
13852,Pune
13853,Hyderabad
13854,Mumbai
13855,Hyderabad
13856,Hyderabad
13857,Pune
13858,Bengaluru
13859,Bengaluru
13860,Delhi
13861,Delhi
13862,Bengaluru
13863,Mumbai
13864,Hyderabad
13865,Bengaluru
13866,Pune
13867,Hyderabad
13868,Bengaluru
13869,Delhi
13870,Delhi
13871,Pune
13872,Pune
13873,Bengaluru
13874,Mumbai
13875,Delhi
13876,Bengaluru
13877,Pune
13878,Bengaluru
13879,Mumbai
13880,Hyderabad
13881,Delhi
13882,Delhi
13883,Hyderabad
13884,Hyderabad
13885,Hyderabad
13886,Mumbai
13887,Bengaluru
13888,Delhi
13889,Hyderabad
13890,Pune
13891,Mumbai
13892,Pune
13893,Delhi
13894,Mumbai
13895,Delhi
13896,Hyderabad
13897,Bengaluru
13898,Hyderabad
13899,Pune
13900,Mumbai
13901,Delhi
13902,Delhi
13903,Bengaluru
13904,Pune
13905,Mumbai
13906,Bengaluru
13907,Pune
13908,Mumbai
13909,Delhi
13910,Delhi
13911,Pune
13912,Hyderabad
13913,Delhi
13914,Bengaluru
13915,Mumbai
13916,Mumbai
13917,Bengaluru
13918,Delhi
13919,Mumbai
13920,Bengaluru
13921,Hyderabad
13922,Delhi
13923,Hyderabad
13924,Pune
13925,Hyderabad
13926,Pune
13927,Hyderabad
13928,Delhi
13929,Hyderabad
13930,Pune
13931,Pune
13932,Hyderabad
13933,Bengaluru
13934,Delhi
13935,Delhi
13936,Delhi
13937,Delhi
13938,Pune
13939,Mumbai
13940,Pune
13941,Pune
13942,Mumbai
13943,Hyderabad
13944,Mumbai
13945,Pune
13946,Delhi
13947,Pune
13948,Bengaluru
13949,Hyderabad
13950,Bengaluru
13951,Pune
13952,Hyderabad
13953,Delhi
13954,Bengaluru
13955,Mumbai
13956,Hyderabad
13957,Delhi
13958,Delhi
13959,Delhi
13960,Delhi
13961,Pune
13962,Pune
13963,Bengaluru
13964,Mumbai
13965,Hyderabad
13966,Hyderabad
13967,Mumbai
13968,Hyderabad
13969,Delhi
13970,Hyderabad
13971,Pune
13972,Pune
13973,Bengaluru
13974,Delhi
13975,Hyderabad
13976,Pune
13977,Mumbai
13978,Pune
13979,Hyderabad
13980,Mumbai
13981,Pune
13982,Hyderabad
13983,Bengaluru
13984,Bengaluru
13985,Pune
13986,Mumbai
13987,Mumbai
13988,Bengaluru
13989,Hyderabad
13990,Delhi
13991,Mumbai
13992,Mumbai
13993,Pune
13994,Hyderabad
13995,Pune
13996,Delhi
13997,Mumbai
13998,Pune
13999,Hyderabad
14000,Delhi
14001,Delhi
14002,Delhi
14003,Bengaluru
14004,Delhi
14005,Hyderabad
14006,Hyderabad
14007,Hyderabad
14008,Pune
14009,Mumbai
14010,Pune
14011,Pune
14012,Pune
14013,Delhi
14014,Pune
14015,Mumbai
14016,Mumbai
14017,Pune
14018,Delhi
14019,Bengaluru
14020,Hyderabad
14021,Delhi
14022,Pune
14023,Mumbai
14024,Bengaluru
14025,Pune
14026,Hyderabad
14027,Pune
14028,Pune
14029,Pune
14030,Mumbai
14031,Bengaluru
14032,Hyderabad
14033,Mumbai
14034,Mumbai
14035,Hyderabad
14036,Hyderabad
14037,Hyderabad
14038,Bengaluru
14039,Hyderabad
14040,Hyderabad
14041,Pune
14042,Bengaluru
14043,Delhi
14044,Hyderabad
14045,Mumbai
14046,Mumbai
14047,Hyderabad
14048,Pune
14049,Bengaluru
14050,Delhi
14051,Bengaluru
14052,Hyderabad
14053,Pune
14054,Hyderabad
14055,Hyderabad
14056,Mumbai
14057,Mumbai
14058,Pune
14059,Delhi
14060,Mumbai
14061,Mumbai
14062,Pune
14063,Mumbai
14064,Delhi
14065,Mumbai
14066,Delhi
14067,Bengaluru
14068,Bengaluru
14069,Mumbai
14070,Hyderabad
14071,Pune
14072,Pune
14073,Mumbai
14074,Hyderabad
14075,Pune
14076,Mumbai
14077,Mumbai
14078,Pune
14079,Hyderabad
14080,Bengaluru
14081,Hyderabad
14082,Delhi
14083,Mumbai
14084,Mumbai
14085,Pune
14086,Bengaluru
14087,Bengaluru
14088,Bengaluru
14089,Pune
14090,Hyderabad
14091,Pune
14092,Pune
14093,Bengaluru
14094,Pune
14095,Delhi
14096,Hyderabad
14097,Bengaluru
14098,Hyderabad
14099,Hyderabad
14100,Bengaluru
14101,Pune
14102,Pune
14103,Bengaluru
14104,Delhi
14105,Pune
14106,Bengaluru
14107,Delhi
14108,Pune
14109,Hyderabad
14110,Pune
14111,Pune
14112,Bengaluru
14113,Bengaluru
14114,Mumbai
14115,Delhi
14116,Hyderabad
14117,Bengaluru
14118,Mumbai
14119,Delhi
14120,Pune
14121,Delhi
14122,Mumbai
14123,Mumbai
14124,Pune
14125,Mumbai
14126,Delhi
14127,Bengaluru
14128,Delhi
14129,Bengaluru
14130,Pune
14131,Pune
14132,Mumbai
14133,Delhi
14134,Delhi
14135,Delhi
14136,Pune
14137,Delhi
14138,Pune
14139,Delhi
14140,Hyderabad
14141,Delhi
14142,Hyderabad
14143,Bengaluru
14144,Mumbai
14145,Mumbai
14146,Hyderabad
14147,Delhi
14148,Bengaluru
14149,Mumbai
14150,Delhi
14151,Hyderabad
14152,Delhi
14153,Delhi
14154,Delhi
14155,Mumbai
14156,Hyderabad
14157,Delhi
14158,Pune
14159,Pune
14160,Delhi
14161,Mumbai
14162,Mumbai
14163,Mumbai
14164,Hyderabad
14165,Delhi
14166,Pune
14167,Delhi
14168,Mumbai
14169,Bengaluru
14170,Mumbai
14171,Hyderabad
14172,Delhi
14173,Mumbai
14174,Hyderabad
14175,Bengaluru
14176,Delhi
14177,Delhi
14178,Hyderabad
14179,Hyderabad
14180,Pune
14181,Pune
14182,Hyderabad
14183,Mumbai
14184,Delhi
14185,Mumbai
14186,Hyderabad
14187,Hyderabad
14188,Delhi
14189,Hyderabad
14190,Delhi
14191,Pune
14192,Pune
14193,Mumbai
14194,Hyderabad
14195,Pune
14196,Mumbai
14197,Pune
14198,Pune
14199,Bengaluru
14200,Bengaluru
14201,Delhi
14202,Mumbai
14203,Delhi
14204,Mumbai
14205,Mumbai
14206,Mumbai
14207,Delhi
14208,Hyderabad
14209,Bengaluru
14210,Mumbai
14211,Delhi
14212,Pune
14213,Pune
14214,Hyderabad
14215,Bengaluru
14216,Hyderabad
14217,Mumbai
14218,Mumbai
14219,Delhi
14220,Bengaluru
14221,Pune
14222,Bengaluru
14223,Delhi
14224,Hyderabad
14225,Bengaluru
14226,Delhi
14227,Hyderabad
14228,Hyderabad
14229,Hyderabad
14230,Bengaluru
14231,Bengaluru
14232,Pune
14233,Hyderabad
14234,Hyderabad
14235,Mumbai
14236,Mumbai
14237,Delhi
14238,Mumbai
14239,Mumbai
14240,Mumbai
14241,Pune
14242,Mumbai
14243,Bengaluru
14244,Hyderabad
14245,Delhi
14246,Hyderabad
14247,Delhi
14248,Bengaluru
14249,Mumbai
14250,Bengaluru
14251,Mumbai
14252,Hyderabad
14253,Delhi
14254,Bengaluru
14255,Mumbai
14256,Mumbai
14257,Mumbai
14258,Hyderabad
14259,Hyderabad
14260,Pune
14261,Pune
14262,Bengaluru
14263,Hyderabad
14264,Bengaluru
14265,Delhi
14266,Bengaluru
14267,Mumbai
14268,Pune
14269,Bengaluru
14270,Pune
14271,Bengaluru
14272,Pune
14273,Mumbai
14274,Bengaluru
14275,Hyderabad
14276,Hyderabad
14277,Mumbai
14278,Hyderabad
14279,Pune
14280,Delhi
14281,Hyderabad
14282,Bengaluru
14283,Hyderabad
14284,Pune
14285,Bengaluru
14286,Pune
14287,Mumbai
14288,Hyderabad
14289,Hyderabad
14290,Pune
14291,Bengaluru
14292,Delhi
14293,Pune
14294,Hyderabad
14295,Delhi
14296,Pune
14297,Mumbai
14298,Delhi
14299,Hyderabad
14300,Pune
14301,Hyderabad
14302,Delhi
14303,Delhi
14304,Delhi
14305,Hyderabad
14306,Mumbai
14307,Delhi
14308,Delhi
14309,Hyderabad
14310,Hyderabad
14311,Delhi
14312,Pune
14313,Bengaluru
14314,Mumbai
14315,Pune
14316,Bengaluru
14317,Delhi
14318,Hyderabad
14319,Pune
14320,Pune
14321,Mumbai
14322,Mumbai
14323,Bengaluru
14324,Pune
14325,Delhi
14326,Bengaluru
14327,Pune
14328,Delhi
14329,Hyderabad
14330,Mumbai
14331,Mumbai
14332,Bengaluru
14333,Mumbai
14334,Mumbai
14335,Delhi
14336,Hyderabad
14337,Delhi
14338,Delhi
14339,Hyderabad
14340,Pune
14341,Bengaluru
14342,Delhi
14343,Hyderabad
14344,Mumbai
14345,Hyderabad
14346,Mumbai
14347,Delhi
14348,Mumbai
14349,Mumbai
14350,Pune
14351,Mumbai
14352,Mumbai
14353,Hyderabad
14354,Mumbai
14355,Delhi
14356,Hyderabad
14357,Pune
14358,Hyderabad
14359,Pune
14360,Delhi
14361,Mumbai
14362,Delhi
14363,Pune
14364,Delhi
14365,Delhi
14366,Mumbai
14367,Delhi
14368,Delhi
14369,Delhi
14370,Delhi
14371,Pune
14372,Delhi
14373,Pune
14374,Hyderabad
14375,Pune
14376,Pune
14377,Bengaluru
14378,Pune
14379,Bengaluru
14380,Pune
14381,Delhi
14382,Mumbai
14383,Pune
14384,Delhi
14385,Bengaluru
14386,Mumbai
14387,Mumbai
14388,Delhi
14389,Delhi
14390,Delhi
14391,Bengaluru
14392,Delhi
14393,Pune
14394,Pune
14395,Delhi
14396,Hyderabad
14397,Hyderabad
14398,Mumbai
14399,Mumbai
14400,Hyderabad
14401,Hyderabad
14402,Pune
14403,Delhi
14404,Bengaluru
14405,Bengaluru
14406,Mumbai
14407,Mumbai
14408,Delhi
14409,Pune
14410,Hyderabad
14411,Pune
14412,Bengaluru
14413,Pune
14414,Pune
14415,Mumbai
14416,Delhi
14417,Hyderabad
14418,Hyderabad
14419,Pune
14420,Bengaluru
14421,Bengaluru
14422,Bengaluru
14423,Delhi
14424,Delhi
14425,Hyderabad
14426,Delhi
14427,Pune
14428,Delhi
14429,Bengaluru
14430,Pune
14431,Mumbai
14432,Bengaluru
14433,Delhi
14434,Pune
14435,Mumbai
14436,Mumbai
14437,Hyderabad
14438,Delhi
14439,Hyderabad
14440,Mumbai
14441,Hyderabad
14442,Bengaluru
14443,Pune
14444,Mumbai
14445,Delhi
14446,Hyderabad
14447,Hyderabad
14448,Delhi
14449,Hyderabad
14450,Hyderabad
14451,Delhi
14452,Bengaluru
14453,Mumbai
14454,Bengaluru
14455,Delhi
14456,Delhi
14457,Pune
14458,Mumbai
14459,Mumbai
14460,Delhi
14461,Pune
14462,Mumbai
14463,Pune
14464,Delhi
14465,Delhi
14466,Mumbai
14467,Delhi
14468,Delhi
14469,Hyderabad
14470,Bengaluru
14471,Mumbai
14472,Bengaluru
14473,Pune
14474,Pune
14475,Pune
14476,Pune
14477,Bengaluru
14478,Hyderabad
14479,Bengaluru
14480,Hyderabad
14481,Delhi
14482,Bengaluru
14483,Hyderabad
14484,Pune
14485,Bengaluru
14486,Hyderabad
14487,Delhi
14488,Hyderabad
14489,Pune
14490,Delhi
14491,Hyderabad
14492,Delhi
14493,Bengaluru
14494,Bengaluru
14495,Hyderabad
14496,Bengaluru
14497,Hyderabad
14498,Bengaluru
14499,Hyderabad
14500,Mumbai
14501,Hyderabad
14502,Bengaluru
14503,Hyderabad
14504,Pune
14505,Hyderabad
14506,Mumbai
14507,Bengaluru
14508,Pune
14509,Delhi
14510,Pune
14511,Pune
14512,Mumbai
14513,Delhi
14514,Bengaluru
14515,Mumbai
14516,Hyderabad
14517,Delhi
14518,Pune
14519,Hyderabad
14520,Pune
14521,Bengaluru
14522,Pune
14523,Hyderabad
14524,Delhi
14525,Bengaluru
14526,Hyderabad
14527,Pune
14528,Bengaluru
14529,Bengaluru
14530,Mumbai
14531,Delhi
14532,Pune
14533,Mumbai
14534,Delhi
14535,Mumbai
14536,Hyderabad
14537,Delhi
14538,Hyderabad
14539,Pune
14540,Mumbai
14541,Hyderabad
14542,Delhi
14543,Hyderabad
14544,Mumbai
14545,Mumbai
14546,Mumbai
14547,Mumbai
14548,Delhi
14549,Mumbai
14550,Bengaluru
14551,Bengaluru
14552,Hyderabad
14553,Hyderabad
14554,Bengaluru
14555,Mumbai
14556,Hyderabad
14557,Delhi
14558,Bengaluru
14559,Delhi
14560,Delhi
14561,Mumbai
14562,Mumbai
14563,Mumbai
14564,Delhi
14565,Mumbai
14566,Pune
14567,Delhi
14568,Mumbai
14569,Mumbai
14570,Delhi
14571,Bengaluru
14572,Mumbai
14573,Pune
14574,Bengaluru
14575,Pune
14576,Bengaluru
14577,Pune
14578,Mumbai
14579,Pune
14580,Bengaluru
14581,Pune
14582,Pune
14583,Pune
14584,Mumbai
14585,Mumbai
14586,Pune
14587,Hyderabad
14588,Bengaluru
14589,Bengaluru
14590,Mumbai
14591,Hyderabad
14592,Hyderabad
14593,Hyderabad
14594,Bengaluru
14595,Mumbai
14596,Mumbai
14597,Bengaluru
14598,Pune
14599,Hyderabad
14600,Delhi
14601,Delhi
14602,Pune
14603,Mumbai
14604,Mumbai
14605,Bengaluru
14606,Hyderabad
14607,Delhi
14608,Pune
14609,Delhi
14610,Hyderabad
14611,Bengaluru
14612,Pune
14613,Bengaluru
14614,Bengaluru
14615,Pune
14616,Pune
14617,Pune
14618,Bengaluru
14619,Delhi
14620,Delhi
14621,Delhi
14622,Bengaluru
14623,Pune
14624,Delhi
14625,Mumbai
14626,Bengaluru
14627,Pune
14628,Pune
14629,Bengaluru
14630,Delhi
14631,Delhi
14632,Bengaluru
14633,Mumbai
14634,Mumbai
14635,Mumbai
14636,Hyderabad
14637,Bengaluru
14638,Mumbai
14639,Hyderabad
14640,Mumbai
14641,Mumbai
14642,Pune
14643,Bengaluru
14644,Bengaluru
14645,Hyderabad
14646,Mumbai
14647,Delhi
14648,Delhi
14649,Hyderabad
14650,Pune
14651,Mumbai
14652,Pune
14653,Mumbai
14654,Mumbai
14655,Hyderabad
14656,Mumbai
14657,Mumbai
14658,Delhi
14659,Bengaluru
14660,Mumbai
14661,Bengaluru
14662,Pune
14663,Mumbai
14664,Delhi
14665,Pune
14666,Delhi
14667,Delhi
14668,Hyderabad
14669,Delhi
14670,Bengaluru
14671,Bengaluru
14672,Delhi
14673,Bengaluru
14674,Pune
14675,Bengaluru
14676,Mumbai
14677,Pune
14678,Bengaluru
14679,Hyderabad
14680,Pune
14681,Hyderabad
14682,Hyderabad
14683,Mumbai
14684,Mumbai
14685,Bengaluru
14686,Bengaluru
14687,Delhi
14688,Mumbai
14689,Bengaluru
14690,Pune
14691,Bengaluru
14692,Bengaluru
14693,Pune
14694,Pune
14695,Pune
14696,Hyderabad
14697,Pune
14698,Mumbai
14699,Hyderabad
14700,Bengaluru
14701,Delhi
14702,Pune
14703,Pune
14704,Delhi
14705,Mumbai
14706,Delhi
14707,Hyderabad
14708,Delhi
14709,Hyderabad
14710,Bengaluru
14711,Pune
14712,Pune
14713,Hyderabad
14714,Mumbai
14715,Mumbai
14716,Mumbai
14717,Hyderabad
14718,Mumbai
14719,Mumbai
14720,Mumbai
14721,Bengaluru
14722,Bengaluru
14723,Pune
14724,Delhi
14725,Hyderabad
14726,Bengaluru
14727,Mumbai
14728,Mumbai
14729,Delhi
14730,Mumbai
14731,Delhi
14732,Delhi
14733,Pune
14734,Hyderabad
14735,Hyderabad
14736,Hyderabad
14737,Hyderabad
14738,Delhi
14739,Mumbai
14740,Delhi
14741,Pune
14742,Delhi
14743,Mumbai
14744,Hyderabad
14745,Bengaluru
14746,Pune
14747,Bengaluru
14748,Mumbai
14749,Mumbai
14750,Bengaluru
14751,Mumbai
14752,Bengaluru
14753,Mumbai
14754,Mumbai
14755,Pune
14756,Delhi
14757,Bengaluru
14758,Hyderabad
14759,Pune
14760,Pune
14761,Delhi
14762,Mumbai
14763,Hyderabad
14764,Pune
14765,Pune
14766,Mumbai
14767,Pune
14768,Hyderabad
14769,Delhi
14770,Hyderabad
14771,Pune
14772,Bengaluru
14773,Delhi
14774,Hyderabad
14775,Delhi
14776,Delhi
14777,Mumbai
14778,Delhi
14779,Delhi
14780,Pune
14781,Hyderabad
14782,Pune
14783,Bengaluru
14784,Delhi
14785,Hyderabad
14786,Delhi
14787,Bengaluru
14788,Delhi
14789,Pune
14790,Bengaluru
14791,Hyderabad
14792,Mumbai
14793,Bengaluru
14794,Mumbai
14795,Pune
14796,Bengaluru
14797,Bengaluru
14798,Hyderabad
14799,Delhi
14800,Mumbai
14801,Delhi
14802,Delhi
14803,Pune
14804,Pune
14805,Hyderabad
14806,Bengaluru
14807,Hyderabad
14808,Mumbai
14809,Pune
14810,Hyderabad
14811,Mumbai
14812,Mumbai
14813,Mumbai
14814,Bengaluru
14815,Mumbai
14816,Delhi
14817,Hyderabad
14818,Hyderabad
14819,Mumbai
14820,Hyderabad
14821,Hyderabad
14822,Hyderabad
14823,Bengaluru
14824,Hyderabad
14825,Delhi
14826,Hyderabad
14827,Mumbai
14828,Hyderabad
14829,Mumbai
14830,Delhi
14831,Mumbai
14832,Bengaluru
14833,Mumbai
14834,Hyderabad
14835,Mumbai
14836,Mumbai
14837,Hyderabad
14838,Hyderabad
14839,Pune
14840,Mumbai
14841,Delhi
14842,Bengaluru
14843,Pune
14844,Delhi
14845,Pune
14846,Hyderabad
14847,Pune
14848,Pune
14849,Pune
14850,Delhi
14851,Mumbai
14852,Delhi
14853,Bengaluru
14854,Bengaluru
14855,Delhi
14856,Hyderabad
14857,Delhi
14858,Mumbai
14859,Hyderabad
14860,Hyderabad
14861,Bengaluru
14862,Bengaluru
14863,Pune
14864,Mumbai
14865,Mumbai
14866,Pune
14867,Mumbai
14868,Mumbai
14869,Pune
14870,Mumbai
14871,Pune
14872,Pune
14873,Hyderabad
14874,Mumbai
14875,Mumbai
14876,Delhi
14877,Bengaluru
14878,Mumbai
14879,Delhi
14880,Mumbai
14881,Pune
14882,Bengaluru
14883,Hyderabad
14884,Mumbai
14885,Mumbai
14886,Pune
14887,Mumbai
14888,Delhi
14889,Delhi
14890,Bengaluru
14891,Bengaluru
14892,Hyderabad
14893,Delhi
14894,Hyderabad
14895,Bengaluru
14896,Hyderabad
14897,Pune
14898,Mumbai
14899,Pune
14900,Delhi
14901,Bengaluru
14902,Hyderabad
14903,Hyderabad
14904,Pune
14905,Mumbai
14906,Bengaluru
14907,Delhi
14908,Delhi
14909,Bengaluru
14910,Pune
14911,Delhi
14912,Bengaluru
14913,Pune
14914,Pune
14915,Hyderabad
14916,Mumbai
14917,Pune
14918,Delhi
14919,Mumbai
14920,Hyderabad
14921,Bengaluru
14922,Bengaluru
14923,Hyderabad
14924,Hyderabad
14925,Delhi
14926,Mumbai
14927,Pune
14928,Pune
14929,Pune
14930,Bengaluru
14931,Bengaluru
14932,Delhi
14933,Delhi
14934,Delhi
14935,Hyderabad
14936,Delhi
14937,Pune
14938,Delhi
14939,Delhi
14940,Bengaluru
14941,Bengaluru
14942,Bengaluru
14943,Pune
14944,Mumbai
14945,Hyderabad
14946,Pune
14947,Mumbai
14948,Hyderabad
14949,Pune
14950,Delhi
14951,Bengaluru
14952,Pune
14953,Hyderabad
14954,Hyderabad
14955,Hyderabad
14956,Pune
14957,Hyderabad
14958,Hyderabad
14959,Pune
14960,Bengaluru
14961,Hyderabad
14962,Bengaluru
14963,Hyderabad
14964,Bengaluru
14965,Hyderabad
14966,Bengaluru
14967,Bengaluru
14968,Mumbai
14969,Delhi
14970,Hyderabad
14971,Hyderabad
14972,Pune
14973,Pune
14974,Bengaluru
14975,Delhi
14976,Pune
14977,Pune
14978,Hyderabad
14979,Hyderabad
14980,Bengaluru
14981,Pune
14982,Pune
14983,Bengaluru
14984,Mumbai
14985,Hyderabad
14986,Mumbai
14987,Bengaluru
14988,Delhi
14989,Bengaluru
14990,Delhi
14991,Pune
14992,Bengaluru
14993,Pune
14994,Delhi
14995,Delhi
14996,Delhi
14997,Delhi
14998,Mumbai
14999,Delhi
15000,Pune
15001,Bengaluru
15002,Delhi
15003,Pune
15004,Delhi
15005,Mumbai
15006,Mumbai
15007,Hyderabad
15008,Hyderabad
15009,Delhi
15010,Pune
15011,Delhi
15012,Mumbai
15013,Pune
15014,Bengaluru
15015,Delhi
15016,Delhi
15017,Hyderabad
15018,Hyderabad
15019,Mumbai
15020,Delhi
15021,Delhi
15022,Bengaluru
15023,Bengaluru
15024,Pune
15025,Delhi
15026,Hyderabad
15027,Pune
15028,Mumbai
15029,Pune
15030,Mumbai
15031,Delhi
15032,Pune
15033,Delhi
15034,Delhi
15035,Pune
15036,Delhi
15037,Mumbai
15038,Mumbai
15039,Delhi
15040,Bengaluru
15041,Bengaluru
15042,Mumbai
15043,Hyderabad
15044,Delhi
15045,Hyderabad
15046,Hyderabad
15047,Delhi
15048,Hyderabad
15049,Hyderabad
15050,Mumbai
15051,Pune
15052,Hyderabad
15053,Bengaluru
15054,Mumbai
15055,Bengaluru
15056,Bengaluru
15057,Hyderabad
15058,Pune
15059,Delhi
15060,Mumbai
15061,Delhi
15062,Hyderabad
15063,Delhi
15064,Pune
15065,Mumbai
15066,Pune
15067,Bengaluru
15068,Delhi
15069,Hyderabad
15070,Hyderabad
15071,Bengaluru
15072,Delhi
15073,Mumbai
15074,Pune
15075,Bengaluru
15076,Mumbai
15077,Hyderabad
15078,Mumbai
15079,Delhi
15080,Bengaluru
15081,Pune
15082,Mumbai
15083,Mumbai
15084,Mumbai
15085,Mumbai
15086,Pune
15087,Mumbai
15088,Mumbai
15089,Bengaluru
15090,Delhi
15091,Mumbai
15092,Bengaluru
15093,Hyderabad
15094,Pune
15095,Pune
15096,Pune
15097,Hyderabad
15098,Hyderabad
15099,Hyderabad
15100,Mumbai
15101,Pune
15102,Mumbai
15103,Hyderabad
15104,Hyderabad
15105,Pune
15106,Hyderabad
15107,Pune
15108,Delhi
15109,Delhi
15110,Delhi
15111,Pune
15112,Delhi
15113,Delhi
15114,Mumbai
15115,Delhi
15116,Hyderabad
15117,Delhi
15118,Bengaluru
15119,Mumbai
15120,Delhi
15121,Mumbai
15122,Hyderabad
15123,Hyderabad
15124,Mumbai
15125,Bengaluru
15126,Hyderabad
15127,Pune
15128,Hyderabad
15129,Delhi
15130,Bengaluru
15131,Hyderabad
15132,Mumbai
15133,Delhi
15134,Hyderabad
15135,Mumbai
15136,Pune
15137,Delhi
15138,Hyderabad
15139,Bengaluru
15140,Pune
15141,Hyderabad
15142,Pune
15143,Pune
15144,Hyderabad
15145,Pune
15146,Bengaluru
15147,Mumbai
15148,Bengaluru
15149,Hyderabad
15150,Pune
15151,Hyderabad
15152,Bengaluru
15153,Delhi
15154,Pune
15155,Mumbai
15156,Bengaluru
15157,Delhi
15158,Bengaluru
15159,Delhi
15160,Hyderabad
15161,Delhi
15162,Bengaluru
15163,Hyderabad
15164,Pune
15165,Pune
15166,Mumbai
15167,Pune
15168,Mumbai
15169,Pune
15170,Delhi
15171,Hyderabad
15172,Delhi
15173,Delhi
15174,Mumbai
15175,Hyderabad
15176,Hyderabad
15177,Pune
15178,Mumbai
15179,Hyderabad
15180,Hyderabad
15181,Delhi
15182,Bengaluru
15183,Hyderabad
15184,Bengaluru
15185,Delhi
15186,Hyderabad
15187,Bengaluru
15188,Bengaluru
15189,Hyderabad
15190,Bengaluru
15191,Hyderabad
15192,Pune
15193,Mumbai
15194,Mumbai
15195,Mumbai
15196,Hyderabad
15197,Mumbai
15198,Mumbai
15199,Bengaluru
15200,Pune
15201,Bengaluru
15202,Delhi
15203,Bengaluru
15204,Bengaluru
15205,Pune
15206,Hyderabad
15207,Pune
15208,Pune
15209,Pune
15210,Pune
15211,Mumbai
15212,Delhi
15213,Mumbai
15214,Bengaluru
15215,Delhi
15216,Delhi
15217,Mumbai
15218,Pune
15219,Delhi
15220,Pune
15221,Bengaluru
15222,Mumbai
15223,Delhi
15224,Pune
15225,Mumbai
15226,Mumbai
15227,Delhi
15228,Bengaluru
15229,Delhi
15230,Pune
15231,Bengaluru
15232,Hyderabad
15233,Delhi
15234,Bengaluru
15235,Hyderabad
15236,Bengaluru
15237,Hyderabad
15238,Bengaluru
15239,Delhi
15240,Bengaluru
15241,Mumbai
15242,Bengaluru
15243,Hyderabad
15244,Bengaluru
15245,Bengaluru
15246,Delhi
15247,Pune
15248,Delhi
15249,Bengaluru
15250,Hyderabad
15251,Hyderabad
15252,Delhi
15253,Bengaluru
15254,Mumbai
15255,Mumbai
15256,Hyderabad
15257,Pune
15258,Mumbai
15259,Hyderabad
15260,Mumbai
15261,Delhi
15262,Bengaluru
15263,Mumbai
15264,Hyderabad
15265,Delhi
15266,Hyderabad
15267,Mumbai
15268,Pune
15269,Mumbai
15270,Hyderabad
15271,Mumbai
15272,Pune
15273,Bengaluru
15274,Hyderabad
15275,Bengaluru
15276,Hyderabad
15277,Bengaluru
15278,Delhi
15279,Delhi
15280,Bengaluru
15281,Delhi
15282,Mumbai
15283,Hyderabad
15284,Hyderabad
15285,Mumbai
15286,Bengaluru
15287,Pune
15288,Mumbai
15289,Hyderabad
15290,Mumbai
15291,Hyderabad
15292,Delhi
15293,Pune
15294,Hyderabad
15295,Pune
15296,Pune
15297,Bengaluru
15298,Hyderabad
15299,Bengaluru
15300,Delhi
15301,Mumbai
15302,Delhi
15303,Mumbai
15304,Mumbai
15305,Pune
15306,Mumbai
15307,Pune
15308,Bengaluru
15309,Delhi
15310,Bengaluru
15311,Pune
15312,Hyderabad
15313,Bengaluru
15314,Hyderabad
15315,Bengaluru
15316,Delhi
15317,Hyderabad
15318,Hyderabad
15319,Hyderabad
15320,Hyderabad
15321,Hyderabad
15322,Pune
15323,Hyderabad
15324,Mumbai
15325,Delhi
15326,Delhi
15327,Mumbai
15328,Pune
15329,Mumbai
15330,Delhi
15331,Pune
15332,Pune
15333,Pune
15334,Pune
15335,Bengaluru
15336,Pune
15337,Bengaluru
15338,Pune
15339,Bengaluru
15340,Delhi
15341,Hyderabad
15342,Pune
15343,Hyderabad
15344,Pune
15345,Delhi
15346,Pune
15347,Delhi
15348,Bengaluru
15349,Hyderabad
15350,Bengaluru
15351,Mumbai
15352,Bengaluru
15353,Delhi
15354,Hyderabad
15355,Hyderabad
15356,Hyderabad
15357,Mumbai
15358,Delhi
15359,Bengaluru
15360,Hyderabad
15361,Bengaluru
15362,Bengaluru
15363,Delhi
15364,Pune
15365,Mumbai
15366,Delhi
15367,Hyderabad
15368,Bengaluru
15369,Pune
15370,Hyderabad
15371,Hyderabad
15372,Mumbai
15373,Hyderabad
15374,Delhi
15375,Bengaluru
15376,Mumbai
15377,Bengaluru
15378,Pune
15379,Mumbai
15380,Mumbai
15381,Delhi
15382,Bengaluru
15383,Mumbai
15384,Pune
15385,Mumbai
15386,Hyderabad
15387,Hyderabad
15388,Bengaluru
15389,Bengaluru
15390,Pune
15391,Mumbai
15392,Bengaluru
15393,Delhi
15394,Bengaluru
15395,Mumbai
15396,Delhi
15397,Mumbai
15398,Pune
15399,Mumbai
15400,Delhi
15401,Pune
15402,Bengaluru
15403,Mumbai
15404,Mumbai
15405,Hyderabad
15406,Mumbai
15407,Hyderabad
15408,Delhi
15409,Pune
15410,Hyderabad
15411,Delhi
15412,Mumbai
15413,Delhi
15414,Pune
15415,Bengaluru
15416,Pune
15417,Pune
15418,Pune
15419,Delhi
15420,Mumbai
15421,Pune
15422,Delhi
15423,Hyderabad
15424,Bengaluru
15425,Pune
15426,Bengaluru
15427,Pune
15428,Mumbai
15429,Mumbai
15430,Bengaluru
15431,Bengaluru
15432,Bengaluru
15433,Mumbai
15434,Pune
15435,Bengaluru
15436,Mumbai
15437,Hyderabad
15438,Delhi
15439,Mumbai
15440,Delhi
15441,Pune
15442,Delhi
15443,Hyderabad
15444,Delhi
15445,Delhi
15446,Hyderabad
15447,Delhi
15448,Bengaluru
15449,Bengaluru
15450,Pune
15451,Mumbai
15452,Bengaluru
15453,Hyderabad
15454,Pune
15455,Mumbai
15456,Mumbai
15457,Hyderabad
15458,Bengaluru
15459,Pune
15460,Pune
15461,Bengaluru
15462,Bengaluru
15463,Mumbai
15464,Bengaluru
15465,Pune
15466,Mumbai
15467,Bengaluru
15468,Bengaluru
15469,Mumbai
15470,Pune
15471,Hyderabad
15472,Delhi
15473,Pune
15474,Mumbai
15475,Pune
15476,Hyderabad
15477,Bengaluru
15478,Hyderabad
15479,Mumbai
15480,Mumbai
15481,Delhi
15482,Bengaluru
15483,Hyderabad
15484,Bengaluru
15485,Mumbai
15486,Delhi
15487,Delhi
15488,Mumbai
15489,Delhi
15490,Pune
15491,Mumbai
15492,Bengaluru
15493,Pune
15494,Pune
15495,Mumbai
15496,Delhi
15497,Hyderabad
15498,Bengaluru
15499,Mumbai
15500,Mumbai
15501,Mumbai
15502,Delhi
15503,Pune
15504,Bengaluru
15505,Pune
15506,Bengaluru
15507,Mumbai
15508,Hyderabad
15509,Hyderabad
15510,Delhi
15511,Hyderabad
15512,Mumbai
15513,Mumbai
15514,Hyderabad
15515,Delhi
15516,Bengaluru
15517,Bengaluru
15518,Bengaluru
15519,Pune
15520,Hyderabad
15521,Hyderabad
15522,Bengaluru
15523,Hyderabad
15524,Mumbai
15525,Delhi
15526,Delhi
15527,Bengaluru
15528,Mumbai
15529,Bengaluru
15530,Mumbai
15531,Bengaluru
15532,Pune
15533,Bengaluru
15534,Hyderabad
15535,Bengaluru
15536,Pune
15537,Hyderabad
15538,Bengaluru
15539,Mumbai
15540,Bengaluru
15541,Hyderabad
15542,Hyderabad
15543,Bengaluru
15544,Bengaluru
15545,Pune
15546,Hyderabad
15547,Pune
15548,Delhi
15549,Hyderabad
15550,Pune
15551,Pune
15552,Mumbai
15553,Pune
15554,Hyderabad
15555,Delhi
15556,Delhi
15557,Pune
15558,Pune
15559,Mumbai
15560,Pune
15561,Hyderabad
15562,Delhi
15563,Mumbai
15564,Mumbai
15565,Delhi
15566,Mumbai
15567,Pune
15568,Delhi
15569,Mumbai
15570,Delhi
15571,Bengaluru
15572,Pune
15573,Delhi
15574,Mumbai
15575,Bengaluru
15576,Pune
15577,Pune
15578,Hyderabad
15579,Mumbai
15580,Pune
15581,Mumbai
15582,Delhi
15583,Mumbai
15584,Pune
15585,Pune
15586,Pune
15587,Pune
15588,Pune
15589,Pune
15590,Pune
15591,Pune
15592,Delhi
15593,Delhi
15594,Delhi
15595,Pune
15596,Mumbai
15597,Hyderabad
15598,Mumbai
15599,Mumbai
15600,Mumbai
15601,Mumbai
15602,Hyderabad
15603,Mumbai
15604,Hyderabad
15605,Delhi
15606,Pune
15607,Hyderabad
15608,Pune
15609,Delhi
15610,Delhi
15611,Mumbai
15612,Pune
15613,Mumbai
15614,Pune
15615,Bengaluru
15616,Hyderabad
15617,Pune
15618,Delhi
15619,Hyderabad
15620,Pune
15621,Bengaluru
15622,Mumbai
15623,Mumbai
15624,Delhi
15625,Hyderabad
15626,Mumbai
15627,Pune
15628,Hyderabad
15629,Pune
15630,Mumbai
15631,Pune
15632,Bengaluru
15633,Mumbai
15634,Pune
15635,Hyderabad
15636,Mumbai
15637,Delhi
15638,Hyderabad
15639,Mumbai
15640,Pune
15641,Hyderabad
15642,Mumbai
15643,Mumbai
15644,Pune
15645,Delhi
15646,Pune
15647,Mumbai
15648,Mumbai
15649,Pune
15650,Delhi
15651,Hyderabad
15652,Hyderabad
15653,Hyderabad
15654,Bengaluru
15655,Bengaluru
15656,Bengaluru
15657,Bengaluru
15658,Bengaluru
15659,Bengaluru
15660,Bengaluru
15661,Delhi
15662,Bengaluru
15663,Delhi
15664,Delhi
15665,Mumbai
15666,Mumbai
15667,Mumbai
15668,Delhi
15669,Bengaluru
15670,Delhi
15671,Hyderabad
15672,Delhi
15673,Hyderabad
15674,Pune
15675,Pune
15676,Delhi
15677,Mumbai
15678,Delhi
15679,Delhi
15680,Bengaluru
15681,Hyderabad
15682,Mumbai
15683,Mumbai
15684,Mumbai
15685,Pune
15686,Bengaluru
15687,Hyderabad
15688,Hyderabad
15689,Pune
15690,Mumbai
15691,Hyderabad
15692,Hyderabad
15693,Pune
15694,Delhi
15695,Mumbai
15696,Bengaluru
15697,Mumbai
15698,Pune
15699,Bengaluru
15700,Bengaluru
15701,Mumbai
15702,Pune
15703,Pune
15704,Pune
15705,Pune
15706,Mumbai
15707,Bengaluru
15708,Hyderabad
15709,Delhi
15710,Pune
15711,Hyderabad
15712,Hyderabad
15713,Mumbai
15714,Pune
15715,Bengaluru
15716,Pune
15717,Hyderabad
15718,Delhi
15719,Delhi
15720,Bengaluru
15721,Delhi
15722,Bengaluru
15723,Mumbai
15724,Mumbai
15725,Hyderabad
15726,Delhi
15727,Pune
15728,Mumbai
15729,Bengaluru
15730,Mumbai
15731,Delhi
15732,Delhi
15733,Bengaluru
15734,Delhi
15735,Hyderabad
15736,Pune
15737,Bengaluru
15738,Hyderabad
15739,Hyderabad
15740,Pune
15741,Mumbai
15742,Delhi
15743,Delhi
15744,Mumbai
15745,Hyderabad
15746,Delhi
15747,Hyderabad
15748,Bengaluru
15749,Pune
15750,Delhi
15751,Mumbai
15752,Bengaluru
15753,Mumbai
15754,Delhi
15755,Delhi
15756,Pune
15757,Pune
15758,Delhi
15759,Bengaluru
15760,Delhi
15761,Pune
15762,Bengaluru
15763,Delhi
15764,Hyderabad
15765,Bengaluru
15766,Mumbai
15767,Hyderabad
15768,Bengaluru
15769,Hyderabad
15770,Bengaluru
15771,Delhi
15772,Pune
15773,Mumbai
15774,Pune
15775,Pune
15776,Pune
15777,Bengaluru
15778,Delhi
15779,Pune
15780,Delhi
15781,Delhi
15782,Hyderabad
15783,Pune
15784,Pune
15785,Delhi
15786,Mumbai
15787,Delhi
15788,Delhi
15789,Hyderabad
15790,Mumbai
15791,Pune
15792,Delhi
15793,Delhi
15794,Bengaluru
15795,Pune
15796,Bengaluru
15797,Delhi
15798,Hyderabad
15799,Bengaluru
15800,Bengaluru
15801,Mumbai
15802,Bengaluru
15803,Mumbai
15804,Bengaluru
15805,Mumbai
15806,Delhi
15807,Bengaluru
15808,Mumbai
15809,Hyderabad
15810,Mumbai
15811,Bengaluru
15812,Bengaluru
15813,Bengaluru
15814,Bengaluru
15815,Delhi
15816,Hyderabad
15817,Bengaluru
15818,Mumbai
15819,Hyderabad
15820,Pune
15821,Delhi
15822,Bengaluru
15823,Hyderabad
15824,Bengaluru
15825,Bengaluru
15826,Mumbai
15827,Mumbai
15828,Bengaluru
15829,Mumbai
15830,Bengaluru
15831,Bengaluru
15832,Bengaluru
15833,Pune
15834,Mumbai
15835,Mumbai
15836,Bengaluru
15837,Bengaluru
15838,Pune
15839,Delhi
15840,Hyderabad
15841,Mumbai
15842,Pune
15843,Mumbai
15844,Pune
15845,Hyderabad
15846,Mumbai
15847,Pune
15848,Delhi
15849,Hyderabad
15850,Bengaluru
15851,Pune
15852,Mumbai
15853,Hyderabad
15854,Bengaluru
15855,Bengaluru
15856,Mumbai
15857,Mumbai
15858,Delhi
15859,Mumbai
15860,Hyderabad
15861,Hyderabad
15862,Mumbai
15863,Bengaluru
15864,Bengaluru
15865,Mumbai
15866,Mumbai
15867,Delhi
15868,Mumbai
15869,Mumbai
15870,Pune
15871,Hyderabad
15872,Delhi
15873,Hyderabad
15874,Pune
15875,Hyderabad
15876,Delhi
15877,Mumbai
15878,Pune
15879,Delhi
15880,Delhi
15881,Mumbai
15882,Hyderabad
15883,Bengaluru
15884,Delhi
15885,Delhi
15886,Mumbai
15887,Bengaluru
15888,Bengaluru
15889,Bengaluru
15890,Pune
15891,Delhi
15892,Bengaluru
15893,Hyderabad
15894,Pune
15895,Bengaluru
15896,Pune
15897,Bengaluru
15898,Bengaluru
15899,Delhi
15900,Hyderabad
15901,Delhi
15902,Hyderabad
15903,Bengaluru
15904,Hyderabad
15905,Delhi
15906,Delhi
15907,Pune
15908,Delhi
15909,Pune
15910,Delhi
15911,Pune
15912,Delhi
15913,Pune
15914,Delhi
15915,Hyderabad
15916,Mumbai
15917,Mumbai
15918,Hyderabad
15919,Mumbai
15920,Bengaluru
15921,Delhi
15922,Pune
15923,Pune
15924,Pune
15925,Delhi
15926,Pune
15927,Pune
15928,Pune
15929,Pune
15930,Mumbai
15931,Mumbai
15932,Pune
15933,Pune
15934,Bengaluru
15935,Mumbai
15936,Delhi
15937,Pune
15938,Mumbai
15939,Pune
15940,Delhi
15941,Bengaluru
15942,Pune
15943,Mumbai
15944,Mumbai
15945,Hyderabad
15946,Mumbai
15947,Mumbai
15948,Bengaluru
15949,Bengaluru
15950,Pune
15951,Pune
15952,Mumbai
15953,Delhi
15954,Delhi
15955,Mumbai
15956,Bengaluru
15957,Pune
15958,Pune
15959,Mumbai
15960,Delhi
15961,Hyderabad
15962,Delhi
15963,Mumbai
15964,Mumbai
15965,Pune
15966,Hyderabad
15967,Pune
15968,Pune
15969,Pune
15970,Mumbai
15971,Pune
15972,Bengaluru
15973,Delhi
15974,Bengaluru
15975,Bengaluru
15976,Delhi
15977,Pune
15978,Hyderabad
15979,Delhi
15980,Mumbai
15981,Mumbai
15982,Hyderabad
15983,Pune
15984,Mumbai
15985,Pune
15986,Pune
15987,Bengaluru
15988,Delhi
15989,Mumbai
15990,Delhi
15991,Delhi
15992,Hyderabad
15993,Pune
15994,Hyderabad
15995,Bengaluru
15996,Hyderabad
15997,Mumbai
15998,Hyderabad
15999,Delhi
16000,Delhi
16001,Delhi
16002,Mumbai
16003,Delhi
16004,Hyderabad
16005,Pune
16006,Bengaluru
16007,Bengaluru
16008,Pune
16009,Delhi
16010,Pune
16011,Mumbai
16012,Mumbai
16013,Delhi
16014,Mumbai
16015,Delhi
16016,Pune
16017,Delhi
16018,Hyderabad
16019,Delhi
16020,Hyderabad
16021,Delhi
16022,Mumbai
16023,Mumbai
16024,Delhi
16025,Hyderabad
16026,Mumbai
16027,Hyderabad
16028,Hyderabad
16029,Mumbai
16030,Mumbai
16031,Pune
16032,Hyderabad
16033,Pune
16034,Bengaluru
16035,Delhi
16036,Hyderabad
16037,Bengaluru
16038,Pune
16039,Mumbai
16040,Hyderabad
16041,Delhi
16042,Bengaluru
16043,Hyderabad
16044,Pune
16045,Pune
16046,Hyderabad
16047,Delhi
16048,Bengaluru
16049,Pune
16050,Pune
16051,Mumbai
16052,Delhi
16053,Mumbai
16054,Delhi
16055,Bengaluru
16056,Pune
16057,Mumbai
16058,Mumbai
16059,Bengaluru
16060,Delhi
16061,Delhi
16062,Hyderabad
16063,Pune
16064,Hyderabad
16065,Mumbai
16066,Delhi
16067,Delhi
16068,Pune
16069,Delhi
16070,Hyderabad
16071,Hyderabad
16072,Mumbai
16073,Mumbai
16074,Hyderabad
16075,Hyderabad
16076,Bengaluru
16077,Delhi
16078,Bengaluru
16079,Mumbai
16080,Hyderabad
16081,Hyderabad
16082,Delhi
16083,Mumbai
16084,Pune
16085,Pune
16086,Bengaluru
16087,Delhi
16088,Delhi
16089,Mumbai
16090,Mumbai
16091,Delhi
16092,Bengaluru
16093,Bengaluru
16094,Pune
16095,Bengaluru
16096,Delhi
16097,Pune
16098,Mumbai
16099,Pune
16100,Pune
16101,Hyderabad
16102,Mumbai
16103,Hyderabad
16104,Pune
16105,Delhi
16106,Bengaluru
16107,Delhi
16108,Pune
16109,Delhi
16110,Mumbai
16111,Hyderabad
16112,Pune
16113,Delhi
16114,Mumbai
16115,Hyderabad
16116,Mumbai
16117,Delhi
16118,Bengaluru
16119,Bengaluru
16120,Bengaluru
16121,Delhi
16122,Hyderabad
16123,Pune
16124,Delhi
16125,Mumbai
16126,Delhi
16127,Pune
16128,Hyderabad
16129,Bengaluru
16130,Pune
16131,Delhi
16132,Pune
16133,Mumbai
16134,Delhi
16135,Hyderabad
16136,Bengaluru
16137,Delhi
16138,Delhi
16139,Hyderabad
16140,Hyderabad
16141,Bengaluru
16142,Hyderabad
16143,Bengaluru
16144,Mumbai
16145,Pune
16146,Bengaluru
16147,Bengaluru
16148,Mumbai
16149,Mumbai
16150,Bengaluru
16151,Hyderabad
16152,Mumbai
16153,Mumbai
16154,Bengaluru
16155,Delhi
16156,Delhi
16157,Delhi
16158,Bengaluru
16159,Pune
16160,Delhi
16161,Bengaluru
16162,Pune
16163,Pune
16164,Hyderabad
16165,Bengaluru
16166,Hyderabad
16167,Pune
16168,Pune
16169,Mumbai
16170,Hyderabad
16171,Bengaluru
16172,Mumbai
16173,Pune
16174,Mumbai
16175,Bengaluru
16176,Delhi
16177,Mumbai
16178,Mumbai
16179,Bengaluru
16180,Hyderabad
16181,Bengaluru
16182,Bengaluru
16183,Mumbai
16184,Pune
16185,Bengaluru
16186,Bengaluru
16187,Mumbai
16188,Mumbai
16189,Mumbai
16190,Mumbai
16191,Hyderabad
16192,Delhi
16193,Delhi
16194,Pune
16195,Pune
16196,Bengaluru
16197,Hyderabad
16198,Delhi
16199,Pune
16200,Bengaluru
16201,Pune
16202,Hyderabad
16203,Bengaluru
16204,Bengaluru
16205,Mumbai
16206,Hyderabad
16207,Bengaluru
16208,Mumbai
16209,Mumbai
16210,Hyderabad
16211,Pune
16212,Bengaluru
16213,Delhi
16214,Bengaluru
16215,Hyderabad
16216,Delhi
16217,Hyderabad
16218,Mumbai
16219,Pune
16220,Mumbai
16221,Mumbai
16222,Hyderabad
16223,Bengaluru
16224,Hyderabad
16225,Delhi
16226,Delhi
16227,Hyderabad
16228,Delhi
16229,Hyderabad
16230,Pune
16231,Mumbai
16232,Mumbai
16233,Hyderabad
16234,Delhi
16235,Delhi
16236,Mumbai
16237,Delhi
16238,Delhi
16239,Pune
16240,Bengaluru
16241,Delhi
16242,Pune
16243,Bengaluru
16244,Pune
16245,Hyderabad
16246,Hyderabad
16247,Pune
16248,Mumbai
16249,Mumbai
16250,Bengaluru
16251,Bengaluru
16252,Pune
16253,Bengaluru
16254,Mumbai
16255,Mumbai
16256,Hyderabad
16257,Delhi
16258,Mumbai
16259,Hyderabad
16260,Delhi
16261,Delhi
16262,Pune
16263,Bengaluru
16264,Mumbai
16265,Hyderabad
16266,Delhi
16267,Mumbai
16268,Hyderabad
16269,Bengaluru
16270,Delhi
16271,Bengaluru
16272,Mumbai
16273,Mumbai
16274,Delhi
16275,Mumbai
16276,Pune
16277,Pune
16278,Delhi
16279,Pune
16280,Pune
16281,Hyderabad
16282,Mumbai
16283,Pune
16284,Pune
16285,Hyderabad
16286,Hyderabad
16287,Delhi
16288,Mumbai
16289,Bengaluru
16290,Hyderabad
16291,Bengaluru
16292,Bengaluru
16293,Bengaluru
16294,Hyderabad
16295,Bengaluru
16296,Bengaluru
16297,Delhi
16298,Bengaluru
16299,Delhi
16300,Pune
16301,Pune
16302,Hyderabad
16303,Mumbai
16304,Bengaluru
16305,Bengaluru
16306,Delhi
16307,Mumbai
16308,Mumbai
16309,Pune
16310,Delhi
16311,Bengaluru
16312,Delhi
16313,Pune
16314,Bengaluru
16315,Delhi
16316,Bengaluru
16317,Bengaluru
16318,Delhi
16319,Mumbai
16320,Delhi
16321,Pune
16322,Mumbai
16323,Bengaluru
16324,Bengaluru
16325,Pune
16326,Mumbai
16327,Bengaluru
16328,Bengaluru
16329,Bengaluru
16330,Mumbai
16331,Pune
16332,Hyderabad
16333,Hyderabad
16334,Delhi
16335,Delhi
16336,Bengaluru
16337,Hyderabad
16338,Pune
16339,Bengaluru
16340,Mumbai
16341,Mumbai
16342,Bengaluru
16343,Pune
16344,Pune
16345,Bengaluru
16346,Bengaluru
16347,Pune
16348,Pune
16349,Pune
16350,Pune
16351,Mumbai
16352,Bengaluru
16353,Hyderabad
16354,Bengaluru
16355,Bengaluru
16356,Delhi
16357,Delhi
16358,Pune
16359,Mumbai
16360,Delhi
16361,Bengaluru
16362,Delhi
16363,Mumbai
16364,Mumbai
16365,Pune
16366,Bengaluru
16367,Bengaluru
16368,Hyderabad
16369,Pune
16370,Hyderabad
16371,Pune
16372,Mumbai
16373,Bengaluru
16374,Delhi
16375,Delhi
16376,Bengaluru
16377,Hyderabad
16378,Delhi
16379,Pune
16380,Pune
16381,Hyderabad
16382,Mumbai
16383,Delhi
16384,Delhi
16385,Hyderabad
16386,Hyderabad
16387,Mumbai
16388,Delhi
16389,Delhi
16390,Pune
16391,Mumbai
16392,Hyderabad
16393,Pune
16394,Delhi
16395,Pune
16396,Delhi
16397,Delhi
16398,Mumbai
16399,Pune
16400,Hyderabad
16401,Pune
16402,Delhi
16403,Pune
16404,Bengaluru
16405,Hyderabad
16406,Delhi
16407,Mumbai
16408,Delhi
16409,Delhi
16410,Pune
16411,Pune
16412,Hyderabad
16413,Mumbai
16414,Bengaluru
16415,Delhi
16416,Hyderabad
16417,Mumbai
16418,Hyderabad
16419,Delhi
16420,Hyderabad
16421,Mumbai
16422,Hyderabad
16423,Mumbai
16424,Mumbai
16425,Pune
16426,Bengaluru
16427,Pune
16428,Bengaluru
16429,Hyderabad
16430,Hyderabad
16431,Bengaluru
16432,Hyderabad
16433,Bengaluru
16434,Hyderabad
16435,Bengaluru
16436,Delhi
16437,Hyderabad
16438,Mumbai
16439,Mumbai
16440,Delhi
16441,Pune
16442,Bengaluru
16443,Delhi
16444,Delhi
16445,Hyderabad
16446,Pune
16447,Hyderabad
16448,Pune
16449,Mumbai
16450,Hyderabad
16451,Delhi
16452,Pune
16453,Bengaluru
16454,Mumbai
16455,Pune
16456,Mumbai
16457,Mumbai
16458,Bengaluru
16459,Hyderabad
16460,Bengaluru
16461,Pune
16462,Mumbai
16463,Bengaluru
16464,Delhi
16465,Mumbai
16466,Pune
16467,Delhi
16468,Mumbai
16469,Hyderabad
16470,Bengaluru
16471,Mumbai
16472,Bengaluru
16473,Bengaluru
16474,Bengaluru
16475,Delhi
16476,Bengaluru
16477,Mumbai
16478,Mumbai
16479,Bengaluru
16480,Bengaluru
16481,Delhi
16482,Pune
16483,Bengaluru
16484,Pune
16485,Delhi
16486,Pune
16487,Bengaluru
16488,Hyderabad
16489,Delhi
16490,Delhi
16491,Pune
16492,Delhi
16493,Mumbai
16494,Delhi
16495,Pune
16496,Hyderabad
16497,Hyderabad
16498,Pune
16499,Hyderabad
16500,Hyderabad
16501,Bengaluru
16502,Pune
16503,Bengaluru
16504,Pune
16505,Delhi
16506,Delhi
16507,Bengaluru
16508,Delhi
16509,Pune
16510,Pune
16511,Hyderabad
16512,Bengaluru
16513,Pune
16514,Hyderabad
16515,Hyderabad
16516,Delhi
16517,Pune
16518,Bengaluru
16519,Pune
16520,Bengaluru
16521,Pune
16522,Bengaluru
16523,Pune
16524,Delhi
16525,Hyderabad
16526,Bengaluru
16527,Bengaluru
16528,Mumbai
16529,Bengaluru
16530,Pune
16531,Pune
16532,Delhi
16533,Mumbai
16534,Hyderabad
16535,Pune
16536,Bengaluru
16537,Delhi
16538,Delhi
16539,Hyderabad
16540,Pune
16541,Mumbai
16542,Hyderabad
16543,Pune
16544,Bengaluru
16545,Bengaluru
16546,Mumbai
16547,Hyderabad
16548,Bengaluru
16549,Hyderabad
16550,Pune
16551,Bengaluru
16552,Hyderabad
16553,Mumbai
16554,Pune
16555,Delhi
16556,Hyderabad
16557,Pune
16558,Hyderabad
16559,Bengaluru
16560,Delhi
16561,Hyderabad
16562,Bengaluru
16563,Hyderabad
16564,Pune
16565,Mumbai
16566,Pune
16567,Delhi
16568,Mumbai
16569,Bengaluru
16570,Delhi
16571,Hyderabad
16572,Delhi
16573,Pune
16574,Bengaluru
16575,Mumbai
16576,Bengaluru
16577,Mumbai
16578,Pune
16579,Pune
16580,Mumbai
16581,Bengaluru
16582,Pune
16583,Mumbai
16584,Pune
16585,Bengaluru
16586,Delhi
16587,Mumbai
16588,Mumbai
16589,Delhi
16590,Hyderabad
16591,Pune
16592,Mumbai
16593,Pune
16594,Bengaluru
16595,Bengaluru
16596,Mumbai
16597,Mumbai
16598,Mumbai
16599,Hyderabad
16600,Hyderabad
16601,Bengaluru
16602,Pune
16603,Pune
16604,Delhi
16605,Pune
16606,Bengaluru
16607,Hyderabad
16608,Delhi
16609,Hyderabad
16610,Bengaluru
16611,Pune
16612,Pune
16613,Bengaluru
16614,Delhi
16615,Pune
16616,Hyderabad
16617,Pune
16618,Bengaluru
16619,Bengaluru
16620,Bengaluru
16621,Delhi
16622,Delhi
16623,Pune
16624,Pune
16625,Hyderabad
16626,Mumbai
16627,Mumbai
16628,Bengaluru
16629,Bengaluru
16630,Mumbai
16631,Bengaluru
16632,Hyderabad
16633,Mumbai
16634,Mumbai
16635,Pune
16636,Hyderabad
16637,Delhi
16638,Hyderabad
16639,Delhi
16640,Pune
16641,Bengaluru
16642,Mumbai
16643,Hyderabad
16644,Pune
16645,Bengaluru
16646,Hyderabad
16647,Bengaluru
16648,Mumbai
16649,Mumbai
16650,Mumbai
16651,Delhi
16652,Mumbai
16653,Pune
16654,Bengaluru
16655,Delhi
16656,Bengaluru
16657,Hyderabad
16658,Bengaluru
16659,Bengaluru
16660,Hyderabad
16661,Delhi
16662,Hyderabad
16663,Hyderabad
16664,Bengaluru
16665,Delhi
16666,Mumbai
16667,Delhi
16668,Mumbai
16669,Pune
16670,Mumbai
16671,Mumbai
16672,Pune
16673,Pune
16674,Pune
16675,Mumbai
16676,Bengaluru
16677,Mumbai
16678,Pune
16679,Hyderabad
16680,Hyderabad
16681,Bengaluru
16682,Mumbai
16683,Mumbai
16684,Hyderabad
16685,Mumbai
16686,Bengaluru
16687,Pune
16688,Hyderabad
16689,Bengaluru
16690,Hyderabad
16691,Mumbai
16692,Mumbai
16693,Pune
16694,Delhi
16695,Mumbai
16696,Delhi
16697,Pune
16698,Bengaluru
16699,Pune
16700,Bengaluru
16701,Delhi
16702,Pune
16703,Bengaluru
16704,Mumbai
16705,Delhi
16706,Pune
16707,Pune
16708,Hyderabad
16709,Mumbai
16710,Mumbai
16711,Pune
16712,Hyderabad
16713,Hyderabad
16714,Pune
16715,Mumbai
16716,Mumbai
16717,Hyderabad
16718,Hyderabad
16719,Delhi
16720,Pune
16721,Bengaluru
16722,Pune
16723,Hyderabad
16724,Bengaluru
16725,Pune
16726,Bengaluru
16727,Hyderabad
16728,Bengaluru
16729,Mumbai
16730,Bengaluru
16731,Delhi
16732,Delhi
16733,Pune
16734,Delhi
16735,Pune
16736,Delhi
16737,Delhi
16738,Hyderabad
16739,Hyderabad
16740,Delhi
16741,Delhi
16742,Pune
16743,Hyderabad
16744,Pune
16745,Pune
16746,Hyderabad
16747,Hyderabad
16748,Hyderabad
16749,Hyderabad
16750,Hyderabad
16751,Mumbai
16752,Pune
16753,Delhi
16754,Bengaluru
16755,Pune
16756,Delhi
16757,Hyderabad
16758,Hyderabad
16759,Hyderabad
16760,Bengaluru
16761,Delhi
16762,Delhi
16763,Delhi
16764,Delhi
16765,Hyderabad
16766,Hyderabad
16767,Mumbai
16768,Delhi
16769,Delhi
16770,Mumbai
16771,Hyderabad
16772,Mumbai
16773,Delhi
16774,Delhi
16775,Mumbai
16776,Delhi
16777,Hyderabad
16778,Pune
16779,Delhi
16780,Delhi
16781,Hyderabad
16782,Pune
16783,Mumbai
16784,Hyderabad
16785,Mumbai
16786,Delhi
16787,Mumbai
16788,Delhi
16789,Hyderabad
16790,Hyderabad
16791,Delhi
16792,Mumbai
16793,Pune
16794,Hyderabad
16795,Hyderabad
16796,Mumbai
16797,Bengaluru
16798,Delhi
16799,Mumbai
16800,Mumbai
16801,Hyderabad
16802,Delhi
16803,Mumbai
16804,Pune
16805,Delhi
16806,Mumbai
16807,Pune
16808,Pune
16809,Delhi
16810,Hyderabad
16811,Pune
16812,Hyderabad
16813,Delhi
16814,Mumbai
16815,Delhi
16816,Hyderabad
16817,Bengaluru
16818,Delhi
16819,Bengaluru
16820,Pune
16821,Hyderabad
16822,Pune
16823,Bengaluru
16824,Bengaluru
16825,Mumbai
16826,Delhi
16827,Pune
16828,Pune
16829,Hyderabad
16830,Hyderabad
16831,Delhi
16832,Hyderabad
16833,Hyderabad
16834,Pune
16835,Mumbai
16836,Delhi
16837,Bengaluru
16838,Pune
16839,Pune
16840,Hyderabad
16841,Bengaluru
16842,Pune
16843,Pune
16844,Pune
16845,Delhi
16846,Bengaluru
16847,Mumbai
16848,Mumbai
16849,Bengaluru
16850,Delhi
16851,Bengaluru
16852,Bengaluru
16853,Bengaluru
16854,Delhi
16855,Bengaluru
16856,Hyderabad
16857,Hyderabad
16858,Delhi
16859,Mumbai
16860,Bengaluru
16861,Pune
16862,Mumbai
16863,Bengaluru
16864,Hyderabad
16865,Bengaluru
16866,Bengaluru
16867,Bengaluru
16868,Delhi
16869,Hyderabad
16870,Delhi
16871,Delhi
16872,Pune
16873,Mumbai
16874,Mumbai
16875,Mumbai
16876,Hyderabad
16877,Hyderabad
16878,Hyderabad
16879,Delhi
16880,Hyderabad
16881,Delhi
16882,Mumbai
16883,Mumbai
16884,Bengaluru
16885,Hyderabad
16886,Hyderabad
16887,Delhi
16888,Mumbai
16889,Mumbai
16890,Pune
16891,Mumbai
16892,Hyderabad
16893,Hyderabad
16894,Bengaluru
16895,Mumbai
16896,Bengaluru
16897,Hyderabad
16898,Hyderabad
16899,Delhi
16900,Pune
16901,Bengaluru
16902,Bengaluru
16903,Mumbai
16904,Pune
16905,Mumbai
16906,Mumbai
16907,Pune
16908,Hyderabad
16909,Mumbai
16910,Mumbai
16911,Mumbai
16912,Delhi
16913,Bengaluru
16914,Bengaluru
16915,Mumbai
16916,Delhi
16917,Pune
16918,Hyderabad
16919,Hyderabad
16920,Pune
16921,Pune
16922,Mumbai
16923,Mumbai
16924,Bengaluru
16925,Bengaluru
16926,Pune
16927,Pune
16928,Pune
16929,Mumbai
16930,Pune
16931,Hyderabad
16932,Pune
16933,Bengaluru
16934,Hyderabad
16935,Delhi
16936,Mumbai
16937,Pune
16938,Pune
16939,Hyderabad
16940,Delhi
16941,Delhi
16942,Bengaluru
16943,Pune
16944,Hyderabad
16945,Hyderabad
16946,Pune
16947,Pune
16948,Hyderabad
16949,Mumbai
16950,Delhi
16951,Mumbai
16952,Bengaluru
16953,Hyderabad
16954,Pune
16955,Mumbai
16956,Pune
16957,Mumbai
16958,Mumbai
16959,Delhi
16960,Delhi
16961,Pune
16962,Delhi
16963,Mumbai
16964,Delhi
16965,Mumbai
16966,Pune
16967,Hyderabad
16968,Pune
16969,Bengaluru
16970,Hyderabad
16971,Mumbai
16972,Bengaluru
16973,Pune
16974,Bengaluru
16975,Pune
16976,Hyderabad
16977,Delhi
16978,Delhi
16979,Pune
16980,Bengaluru
16981,Pune
16982,Pune
16983,Pune
16984,Pune
16985,Bengaluru
16986,Pune
16987,Delhi
16988,Delhi
16989,Mumbai
16990,Delhi
16991,Delhi
16992,Delhi
16993,Pune
16994,Mumbai
16995,Mumbai
16996,Mumbai
16997,Hyderabad
16998,Hyderabad
16999,Hyderabad
17000,Hyderabad
17001,Mumbai
17002,Bengaluru
17003,Pune
17004,Delhi
17005,Bengaluru
17006,Mumbai
17007,Bengaluru
17008,Mumbai
17009,Bengaluru
17010,Hyderabad
17011,Hyderabad
17012,Bengaluru
17013,Delhi
17014,Bengaluru
17015,Hyderabad
17016,Delhi
17017,Pune
17018,Mumbai
17019,Delhi
17020,Mumbai
17021,Pune
17022,Delhi
17023,Mumbai
17024,Mumbai
17025,Pune
17026,Delhi
17027,Mumbai
17028,Hyderabad
17029,Bengaluru
17030,Mumbai
17031,Bengaluru
17032,Hyderabad
17033,Bengaluru
17034,Hyderabad
17035,Mumbai
17036,Delhi
17037,Hyderabad
17038,Pune
17039,Pune
17040,Mumbai
17041,Mumbai
17042,Bengaluru
17043,Mumbai
17044,Hyderabad
17045,Bengaluru
17046,Bengaluru
17047,Bengaluru
17048,Delhi
17049,Mumbai
17050,Hyderabad
17051,Bengaluru
17052,Pune
17053,Hyderabad
17054,Delhi
17055,Mumbai
17056,Mumbai
17057,Hyderabad
17058,Mumbai
17059,Mumbai
17060,Bengaluru
17061,Delhi
17062,Mumbai
17063,Delhi
17064,Hyderabad
17065,Bengaluru
17066,Hyderabad
17067,Hyderabad
17068,Bengaluru
17069,Pune
17070,Mumbai
17071,Mumbai
17072,Bengaluru
17073,Pune
17074,Mumbai
17075,Mumbai
17076,Mumbai
17077,Hyderabad
17078,Delhi
17079,Hyderabad
17080,Delhi
17081,Pune
17082,Mumbai
17083,Pune
17084,Mumbai
17085,Bengaluru
17086,Mumbai
17087,Mumbai
17088,Hyderabad
17089,Bengaluru
17090,Bengaluru
17091,Pune
17092,Mumbai
17093,Bengaluru
17094,Delhi
17095,Pune
17096,Hyderabad
17097,Pune
17098,Pune
17099,Hyderabad
17100,Hyderabad
17101,Pune
17102,Hyderabad
17103,Pune
17104,Hyderabad
17105,Delhi
17106,Hyderabad
17107,Hyderabad
17108,Pune
17109,Delhi
17110,Hyderabad
17111,Pune
17112,Mumbai
17113,Hyderabad
17114,Pune
17115,Mumbai
17116,Bengaluru
17117,Mumbai
17118,Bengaluru
17119,Hyderabad
17120,Delhi
17121,Delhi
17122,Bengaluru
17123,Hyderabad
17124,Pune
17125,Pune
17126,Pune
17127,Delhi
17128,Delhi
17129,Bengaluru
17130,Delhi
17131,Pune
17132,Mumbai
17133,Bengaluru
17134,Mumbai
17135,Pune
17136,Mumbai
17137,Pune
17138,Hyderabad
17139,Mumbai
17140,Delhi
17141,Pune
17142,Mumbai
17143,Mumbai
17144,Bengaluru
17145,Mumbai
17146,Pune
17147,Delhi
17148,Pune
17149,Pune
17150,Pune
17151,Pune
17152,Delhi
17153,Mumbai
17154,Pune
17155,Mumbai
17156,Pune
17157,Bengaluru
17158,Mumbai
17159,Mumbai
17160,Bengaluru
17161,Delhi
17162,Delhi
17163,Bengaluru
17164,Delhi
17165,Pune
17166,Pune
17167,Pune
17168,Bengaluru
17169,Hyderabad
17170,Delhi
17171,Delhi
17172,Hyderabad
17173,Hyderabad
17174,Pune
17175,Bengaluru
17176,Pune
17177,Bengaluru
17178,Delhi
17179,Delhi
17180,Mumbai
17181,Delhi
17182,Hyderabad
17183,Mumbai
17184,Bengaluru
17185,Bengaluru
17186,Mumbai
17187,Hyderabad
17188,Delhi
17189,Bengaluru
17190,Bengaluru
17191,Hyderabad
17192,Mumbai
17193,Hyderabad
17194,Delhi
17195,Bengaluru
17196,Pune
17197,Pune
17198,Delhi
17199,Hyderabad
17200,Pune
17201,Delhi
17202,Hyderabad
17203,Delhi
17204,Delhi
17205,Delhi
17206,Bengaluru
17207,Hyderabad
17208,Hyderabad
17209,Bengaluru
17210,Pune
17211,Pune
17212,Pune
17213,Hyderabad
17214,Bengaluru
17215,Hyderabad
17216,Hyderabad
17217,Hyderabad
17218,Bengaluru
17219,Mumbai
17220,Pune
17221,Delhi
17222,Pune
17223,Delhi
17224,Mumbai
17225,Mumbai
17226,Mumbai
17227,Bengaluru
17228,Hyderabad
17229,Pune
17230,Delhi
17231,Pune
17232,Mumbai
17233,Bengaluru
17234,Bengaluru
17235,Delhi
17236,Bengaluru
17237,Mumbai
17238,Mumbai
17239,Pune
17240,Hyderabad
17241,Mumbai
17242,Pune
17243,Mumbai
17244,Pune
17245,Hyderabad
17246,Hyderabad
17247,Delhi
17248,Mumbai
17249,Bengaluru
17250,Bengaluru
17251,Mumbai
17252,Bengaluru
17253,Delhi
17254,Pune
17255,Bengaluru
17256,Mumbai
17257,Pune
17258,Mumbai
17259,Pune
17260,Bengaluru
17261,Bengaluru
17262,Pune
17263,Delhi
17264,Hyderabad
17265,Delhi
17266,Pune
17267,Delhi
17268,Hyderabad
17269,Hyderabad
17270,Hyderabad
17271,Delhi
17272,Delhi
17273,Hyderabad
17274,Mumbai
17275,Hyderabad
17276,Hyderabad
17277,Delhi
17278,Hyderabad
17279,Mumbai
17280,Mumbai
17281,Bengaluru
17282,Pune
17283,Pune
17284,Delhi
17285,Delhi
17286,Hyderabad
17287,Delhi
17288,Pune
17289,Pune
17290,Bengaluru
17291,Hyderabad
17292,Delhi
17293,Delhi
17294,Bengaluru
17295,Mumbai
17296,Hyderabad
17297,Mumbai
17298,Mumbai
17299,Mumbai
17300,Pune
17301,Mumbai
17302,Bengaluru
17303,Hyderabad
17304,Hyderabad
17305,Delhi
17306,Pune
17307,Pune
17308,Pune
17309,Hyderabad
17310,Delhi
17311,Delhi
17312,Bengaluru
17313,Mumbai
17314,Mumbai
17315,Hyderabad
17316,Pune
17317,Bengaluru
17318,Delhi
17319,Bengaluru
17320,Pune
17321,Pune
17322,Pune
17323,Mumbai
17324,Pune
17325,Pune
17326,Bengaluru
17327,Delhi
17328,Delhi
17329,Bengaluru
17330,Delhi
17331,Mumbai
17332,Pune
17333,Pune
17334,Pune
17335,Hyderabad
17336,Mumbai
17337,Pune
17338,Pune
17339,Mumbai
17340,Delhi
17341,Mumbai
17342,Hyderabad
17343,Mumbai
17344,Delhi
17345,Mumbai
17346,Hyderabad
17347,Delhi
17348,Hyderabad
17349,Pune
17350,Bengaluru
17351,Bengaluru
17352,Bengaluru
17353,Bengaluru
17354,Bengaluru
17355,Mumbai
17356,Hyderabad
17357,Pune
17358,Pune
17359,Bengaluru
17360,Mumbai
17361,Bengaluru
17362,Bengaluru
17363,Pune
17364,Mumbai
17365,Bengaluru
17366,Mumbai
17367,Delhi
17368,Delhi
17369,Delhi
17370,Hyderabad
17371,Bengaluru
17372,Bengaluru
17373,Mumbai
17374,Delhi
17375,Delhi
17376,Bengaluru
17377,Bengaluru
17378,Hyderabad
17379,Bengaluru
17380,Bengaluru
17381,Hyderabad
17382,Bengaluru
17383,Mumbai
17384,Mumbai
17385,Pune
17386,Pune
17387,Bengaluru
17388,Delhi
17389,Hyderabad
17390,Delhi
17391,Hyderabad
17392,Hyderabad
17393,Bengaluru
17394,Hyderabad
17395,Delhi
17396,Mumbai
17397,Bengaluru
17398,Pune
17399,Hyderabad
17400,Delhi
17401,Mumbai
17402,Hyderabad
17403,Bengaluru
17404,Pune
17405,Hyderabad
17406,Mumbai
17407,Delhi
17408,Bengaluru
17409,Pune
17410,Delhi
17411,Mumbai
17412,Pune
17413,Pune
17414,Delhi
17415,Hyderabad
17416,Delhi
17417,Delhi
17418,Pune
17419,Pune
17420,Mumbai
17421,Delhi
17422,Delhi
17423,Mumbai
17424,Mumbai
17425,Pune
17426,Mumbai
17427,Mumbai
17428,Bengaluru
17429,Bengaluru
17430,Bengaluru
17431,Hyderabad
17432,Bengaluru
17433,Mumbai
17434,Bengaluru
17435,Pune
17436,Mumbai
17437,Mumbai
17438,Bengaluru
17439,Delhi
17440,Delhi
17441,Delhi
17442,Hyderabad
17443,Mumbai
17444,Pune
17445,Pune
17446,Pune
17447,Bengaluru
17448,Hyderabad
17449,Hyderabad
17450,Delhi
17451,Mumbai
17452,Pune
17453,Bengaluru
17454,Delhi
17455,Mumbai
17456,Pune
17457,Mumbai
17458,Delhi
17459,Bengaluru
17460,Bengaluru
17461,Bengaluru
17462,Delhi
17463,Pune
17464,Mumbai
17465,Pune
17466,Pune
17467,Pune
17468,Delhi
17469,Pune
17470,Mumbai
17471,Delhi
17472,Pune
17473,Delhi
17474,Hyderabad
17475,Mumbai
17476,Bengaluru
17477,Mumbai
17478,Delhi
17479,Pune
17480,Bengaluru
17481,Pune
17482,Delhi
17483,Mumbai
17484,Bengaluru
17485,Mumbai
17486,Mumbai
17487,Hyderabad
17488,Hyderabad
17489,Pune
17490,Delhi
17491,Mumbai
17492,Mumbai
17493,Pune
17494,Bengaluru
17495,Bengaluru
17496,Delhi
17497,Delhi
17498,Hyderabad
17499,Delhi
17500,Delhi
17501,Bengaluru
17502,Bengaluru
17503,Pune
17504,Hyderabad
17505,Mumbai
17506,Mumbai
17507,Mumbai
17508,Delhi
17509,Hyderabad
17510,Delhi
17511,Hyderabad
17512,Pune
17513,Hyderabad
17514,Hyderabad
17515,Hyderabad
17516,Hyderabad
17517,Mumbai
17518,Pune
17519,Bengaluru
17520,Pune
17521,Hyderabad
17522,Hyderabad
17523,Delhi
17524,Hyderabad
17525,Pune
17526,Bengaluru
17527,Delhi
17528,Delhi
17529,Bengaluru
17530,Pune
17531,Hyderabad
17532,Bengaluru
17533,Pune
17534,Pune
17535,Pune
17536,Hyderabad
17537,Hyderabad
17538,Mumbai
17539,Delhi
17540,Hyderabad
17541,Mumbai
17542,Pune
17543,Delhi
17544,Delhi
17545,Bengaluru
17546,Mumbai
17547,Hyderabad
17548,Delhi
17549,Pune
17550,Delhi
17551,Bengaluru
17552,Hyderabad
17553,Mumbai
17554,Bengaluru
17555,Mumbai
17556,Pune
17557,Mumbai
17558,Pune
17559,Bengaluru
17560,Pune
17561,Bengaluru
17562,Bengaluru
17563,Delhi
17564,Hyderabad
17565,Hyderabad
17566,Pune
17567,Bengaluru
17568,Hyderabad
17569,Delhi
17570,Hyderabad
17571,Bengaluru
17572,Pune
17573,Hyderabad
17574,Mumbai
17575,Hyderabad
17576,Hyderabad
17577,Delhi
17578,Bengaluru
17579,Mumbai
17580,Pune
17581,Hyderabad
17582,Delhi
17583,Mumbai
17584,Hyderabad
17585,Mumbai
17586,Bengaluru
17587,Pune
17588,Bengaluru
17589,Delhi
17590,Mumbai
17591,Pune
17592,Bengaluru
17593,Bengaluru
17594,Mumbai
17595,Delhi
17596,Mumbai
17597,Delhi
17598,Delhi
17599,Pune
17600,Mumbai
17601,Pune
17602,Mumbai
17603,Mumbai
17604,Delhi
17605,Bengaluru
17606,Delhi
17607,Delhi
17608,Hyderabad
17609,Hyderabad
17610,Bengaluru
17611,Bengaluru
17612,Mumbai
17613,Bengaluru
17614,Bengaluru
17615,Mumbai
17616,Bengaluru
17617,Delhi
17618,Mumbai
17619,Bengaluru
17620,Pune
17621,Delhi
17622,Bengaluru
17623,Hyderabad
17624,Hyderabad
17625,Pune
17626,Hyderabad
17627,Bengaluru
17628,Pune
17629,Hyderabad
17630,Delhi
17631,Bengaluru
17632,Delhi
17633,Bengaluru
17634,Delhi
17635,Mumbai
17636,Pune
17637,Mumbai
17638,Hyderabad
17639,Delhi
17640,Bengaluru
17641,Hyderabad
17642,Bengaluru
17643,Bengaluru
17644,Mumbai
17645,Mumbai
17646,Delhi
17647,Mumbai
17648,Hyderabad
17649,Hyderabad
17650,Mumbai
17651,Pune
17652,Delhi
17653,Bengaluru
17654,Delhi
17655,Pune
17656,Pune
17657,Bengaluru
17658,Hyderabad
17659,Pune
17660,Mumbai
17661,Mumbai
17662,Mumbai
17663,Hyderabad
17664,Pune
17665,Hyderabad
17666,Bengaluru
17667,Mumbai
17668,Pune
17669,Hyderabad
17670,Pune
17671,Pune
17672,Delhi
17673,Delhi
17674,Mumbai
17675,Bengaluru
17676,Bengaluru
17677,Pune
17678,Mumbai
17679,Bengaluru
17680,Hyderabad
17681,Delhi
17682,Bengaluru
17683,Delhi
17684,Delhi
17685,Pune
17686,Bengaluru
17687,Delhi
17688,Pune
17689,Bengaluru
17690,Mumbai
17691,Bengaluru
17692,Hyderabad
17693,Hyderabad
17694,Hyderabad
17695,Bengaluru
17696,Hyderabad
17697,Mumbai
17698,Pune
17699,Pune
17700,Hyderabad
17701,Hyderabad
17702,Delhi
17703,Bengaluru
17704,Hyderabad
17705,Bengaluru
17706,Delhi
17707,Mumbai
17708,Delhi
17709,Hyderabad
17710,Pune
17711,Delhi
17712,Bengaluru
17713,Bengaluru
17714,Bengaluru
17715,Delhi
17716,Mumbai
17717,Delhi
17718,Pune
17719,Mumbai
17720,Delhi
17721,Delhi
17722,Pune
17723,Bengaluru
17724,Hyderabad
17725,Delhi
17726,Bengaluru
17727,Pune
17728,Delhi
17729,Delhi
17730,Pune
17731,Bengaluru
17732,Bengaluru
17733,Delhi
17734,Delhi
17735,Mumbai
17736,Bengaluru
17737,Mumbai
17738,Hyderabad
17739,Hyderabad
17740,Hyderabad
17741,Bengaluru
17742,Delhi
17743,Bengaluru
17744,Bengaluru
17745,Delhi
17746,Delhi
17747,Delhi
17748,Bengaluru
17749,Mumbai
17750,Hyderabad
17751,Mumbai
17752,Hyderabad
17753,Bengaluru
17754,Mumbai
17755,Bengaluru
17756,Delhi
17757,Delhi
17758,Hyderabad
17759,Hyderabad
17760,Bengaluru
17761,Hyderabad
17762,Hyderabad
17763,Hyderabad
17764,Delhi
17765,Hyderabad
17766,Delhi
17767,Bengaluru
17768,Pune
17769,Bengaluru
17770,Delhi
17771,Pune
17772,Bengaluru
17773,Delhi
17774,Delhi
17775,Bengaluru
17776,Mumbai
17777,Bengaluru
17778,Bengaluru
17779,Hyderabad
17780,Bengaluru
17781,Bengaluru
17782,Pune
17783,Bengaluru
17784,Pune
17785,Delhi
17786,Pune
17787,Hyderabad
17788,Bengaluru
17789,Delhi
17790,Mumbai
17791,Hyderabad
17792,Hyderabad
17793,Mumbai
17794,Bengaluru
17795,Delhi
17796,Mumbai
17797,Mumbai
17798,Hyderabad
17799,Bengaluru
17800,Bengaluru
17801,Pune
17802,Mumbai
17803,Mumbai
17804,Mumbai
17805,Hyderabad
17806,Mumbai
17807,Pune
17808,Bengaluru
17809,Hyderabad
17810,Delhi
17811,Hyderabad
17812,Mumbai
17813,Pune
17814,Hyderabad
17815,Mumbai
17816,Bengaluru
17817,Pune
17818,Mumbai
17819,Hyderabad
17820,Pune
17821,Mumbai
17822,Hyderabad
17823,Delhi
17824,Delhi
17825,Mumbai
17826,Pune
17827,Hyderabad
17828,Pune
17829,Hyderabad
17830,Delhi
17831,Delhi
17832,Mumbai
17833,Hyderabad
17834,Bengaluru
17835,Pune
17836,Delhi
17837,Hyderabad
17838,Pune
17839,Bengaluru
17840,Bengaluru
17841,Pune
17842,Hyderabad
17843,Mumbai
17844,Delhi
17845,Mumbai
17846,Hyderabad
17847,Mumbai
17848,Hyderabad
17849,Bengaluru
17850,Mumbai
17851,Mumbai
17852,Bengaluru
17853,Mumbai
17854,Mumbai
17855,Bengaluru
17856,Bengaluru
17857,Pune
17858,Mumbai
17859,Mumbai
17860,Delhi
17861,Bengaluru
17862,Hyderabad
17863,Bengaluru
17864,Mumbai
17865,Bengaluru
17866,Bengaluru
17867,Pune
17868,Bengaluru
17869,Delhi
17870,Mumbai
17871,Pune
17872,Mumbai
17873,Mumbai
17874,Bengaluru
17875,Delhi
17876,Delhi
17877,Pune
17878,Pune
17879,Hyderabad
17880,Delhi
17881,Pune
17882,Mumbai
17883,Mumbai
17884,Mumbai
17885,Pune
17886,Delhi
17887,Mumbai
17888,Mumbai
17889,Pune
17890,Pune
17891,Delhi
17892,Pune
17893,Bengaluru
17894,Delhi
17895,Bengaluru
17896,Pune
17897,Pune
17898,Mumbai
17899,Bengaluru
17900,Bengaluru
17901,Pune
17902,Hyderabad
17903,Delhi
17904,Mumbai
17905,Pune
17906,Bengaluru
17907,Delhi
17908,Mumbai
17909,Delhi
17910,Delhi
17911,Mumbai
17912,Pune
17913,Bengaluru
17914,Pune
17915,Hyderabad
17916,Bengaluru
17917,Hyderabad
17918,Pune
17919,Delhi
17920,Delhi
17921,Mumbai
17922,Pune
17923,Mumbai
17924,Delhi
17925,Pune
17926,Pune
17927,Delhi
17928,Mumbai
17929,Pune
17930,Mumbai
17931,Pune
17932,Mumbai
17933,Bengaluru
17934,Mumbai
17935,Pune
17936,Pune
17937,Mumbai
17938,Hyderabad
17939,Hyderabad
17940,Mumbai
17941,Bengaluru
17942,Delhi
17943,Delhi
17944,Hyderabad
17945,Delhi
17946,Bengaluru
17947,Delhi
17948,Hyderabad
17949,Delhi
17950,Pune
17951,Bengaluru
17952,Bengaluru
17953,Hyderabad
17954,Bengaluru
17955,Mumbai
17956,Delhi
17957,Delhi
17958,Mumbai
17959,Hyderabad
17960,Hyderabad
17961,Hyderabad
17962,Hyderabad
17963,Mumbai
17964,Pune
17965,Hyderabad
17966,Bengaluru
17967,Mumbai
17968,Bengaluru
17969,Delhi
17970,Hyderabad
17971,Pune
17972,Hyderabad
17973,Delhi
17974,Bengaluru
17975,Pune
17976,Mumbai
17977,Mumbai
17978,Bengaluru
17979,Delhi
17980,Pune
17981,Delhi
17982,Delhi
17983,Hyderabad
17984,Mumbai
17985,Pune
17986,Hyderabad
17987,Hyderabad
17988,Hyderabad
17989,Delhi
17990,Bengaluru
17991,Pune
17992,Pune
17993,Hyderabad
17994,Mumbai
17995,Mumbai
17996,Delhi
17997,Bengaluru
17998,Delhi
17999,Delhi
18000,Pune
18001,Mumbai
18002,Hyderabad
18003,Delhi
18004,Pune
18005,Mumbai
18006,Pune
18007,Hyderabad
18008,Bengaluru
18009,Bengaluru
18010,Bengaluru
18011,Hyderabad
18012,Mumbai
18013,Mumbai
18014,Pune
18015,Bengaluru
18016,Mumbai
18017,Pune
18018,Pune
18019,Hyderabad
18020,Bengaluru
18021,Bengaluru
18022,Hyderabad
18023,Pune
18024,Mumbai
18025,Mumbai
18026,Mumbai
18027,Mumbai
18028,Delhi
18029,Bengaluru
18030,Bengaluru
18031,Delhi
18032,Bengaluru
18033,Hyderabad
18034,Pune
18035,Bengaluru
18036,Delhi
18037,Hyderabad
18038,Pune
18039,Mumbai
18040,Bengaluru
18041,Delhi
18042,Mumbai
18043,Hyderabad
18044,Bengaluru
18045,Bengaluru
18046,Delhi
18047,Hyderabad
18048,Hyderabad
18049,Mumbai
18050,Bengaluru
18051,Pune
18052,Delhi
18053,Hyderabad
18054,Mumbai
18055,Bengaluru
18056,Pune
18057,Mumbai
18058,Pune
18059,Delhi
18060,Bengaluru
18061,Bengaluru
18062,Hyderabad
18063,Hyderabad
18064,Mumbai
18065,Hyderabad
18066,Delhi
18067,Bengaluru
18068,Pune
18069,Delhi
18070,Delhi
18071,Pune
18072,Hyderabad
18073,Mumbai
18074,Bengaluru
18075,Bengaluru
18076,Hyderabad
18077,Bengaluru
18078,Delhi
18079,Mumbai
18080,Mumbai
18081,Mumbai
18082,Mumbai
18083,Bengaluru
18084,Mumbai
18085,Mumbai
18086,Mumbai
18087,Mumbai
18088,Mumbai
18089,Delhi
18090,Pune
18091,Bengaluru
18092,Pune
18093,Mumbai
18094,Hyderabad
18095,Mumbai
18096,Bengaluru
18097,Bengaluru
18098,Mumbai
18099,Delhi
18100,Delhi
18101,Pune
18102,Mumbai
18103,Bengaluru
18104,Mumbai
18105,Pune
18106,Pune
18107,Bengaluru
18108,Mumbai
18109,Delhi
18110,Bengaluru
18111,Hyderabad
18112,Mumbai
18113,Pune
18114,Bengaluru
18115,Bengaluru
18116,Mumbai
18117,Mumbai
18118,Bengaluru
18119,Mumbai
18120,Pune
18121,Bengaluru
18122,Pune
18123,Mumbai
18124,Mumbai
18125,Delhi
18126,Hyderabad
18127,Hyderabad
18128,Hyderabad
18129,Hyderabad
18130,Hyderabad
18131,Delhi
18132,Pune
18133,Mumbai
18134,Hyderabad
18135,Hyderabad
18136,Hyderabad
18137,Mumbai
18138,Pune
18139,Pune
18140,Mumbai
18141,Hyderabad
18142,Pune
18143,Delhi
18144,Delhi
18145,Delhi
18146,Hyderabad
18147,Mumbai
18148,Bengaluru
18149,Mumbai
18150,Pune
18151,Delhi
18152,Pune
18153,Hyderabad
18154,Pune
18155,Bengaluru
18156,Hyderabad
18157,Bengaluru
18158,Mumbai
18159,Bengaluru
18160,Mumbai
18161,Hyderabad
18162,Bengaluru
18163,Hyderabad
18164,Pune
18165,Pune
18166,Hyderabad
18167,Mumbai
18168,Bengaluru
18169,Hyderabad
18170,Mumbai
18171,Hyderabad
18172,Mumbai
18173,Mumbai
18174,Mumbai
18175,Bengaluru
18176,Hyderabad
18177,Hyderabad
18178,Hyderabad
18179,Bengaluru
18180,Mumbai
18181,Hyderabad
18182,Hyderabad
18183,Bengaluru
18184,Delhi
18185,Hyderabad
18186,Hyderabad
18187,Bengaluru
18188,Delhi
18189,Delhi
18190,Delhi
18191,Hyderabad
18192,Mumbai
18193,Mumbai
18194,Bengaluru
18195,Pune
18196,Pune
18197,Mumbai
18198,Mumbai
18199,Mumbai
18200,Bengaluru
18201,Hyderabad
18202,Mumbai
18203,Hyderabad
18204,Pune
18205,Bengaluru
18206,Pune
18207,Hyderabad
18208,Bengaluru
18209,Delhi
18210,Pune
18211,Mumbai
18212,Delhi
18213,Delhi
18214,Bengaluru
18215,Bengaluru
18216,Bengaluru
18217,Bengaluru
18218,Bengaluru
18219,Bengaluru
18220,Bengaluru
18221,Delhi
18222,Mumbai
18223,Hyderabad
18224,Bengaluru
18225,Bengaluru
18226,Mumbai
18227,Pune
18228,Bengaluru
18229,Pune
18230,Hyderabad
18231,Delhi
18232,Bengaluru
18233,Hyderabad
18234,Bengaluru
18235,Mumbai
18236,Delhi
18237,Delhi
18238,Pune
18239,Bengaluru
18240,Hyderabad
18241,Delhi
18242,Delhi
18243,Delhi
18244,Mumbai
18245,Bengaluru
18246,Hyderabad
18247,Mumbai
18248,Hyderabad
18249,Hyderabad
18250,Hyderabad
18251,Pune
18252,Delhi
18253,Pune
18254,Hyderabad
18255,Bengaluru
18256,Mumbai
18257,Mumbai
18258,Delhi
18259,Hyderabad
18260,Hyderabad
18261,Bengaluru
18262,Delhi
18263,Pune
18264,Pune
18265,Bengaluru
18266,Hyderabad
18267,Pune
18268,Pune
18269,Bengaluru
18270,Bengaluru
18271,Hyderabad
18272,Bengaluru
18273,Bengaluru
18274,Delhi
18275,Mumbai
18276,Pune
18277,Delhi
18278,Delhi
18279,Bengaluru
18280,Delhi
18281,Hyderabad
18282,Delhi
18283,Hyderabad
18284,Mumbai
18285,Pune
18286,Pune
18287,Hyderabad
18288,Bengaluru
18289,Mumbai
18290,Pune
18291,Mumbai
18292,Delhi
18293,Hyderabad
18294,Mumbai
18295,Delhi
18296,Delhi
18297,Bengaluru
18298,Delhi
18299,Delhi
18300,Mumbai
18301,Hyderabad
18302,Pune
18303,Bengaluru
18304,Hyderabad
18305,Bengaluru
18306,Pune
18307,Bengaluru
18308,Pune
18309,Mumbai
18310,Mumbai
18311,Pune
18312,Hyderabad
18313,Hyderabad
18314,Hyderabad
18315,Pune
18316,Hyderabad
18317,Delhi
18318,Bengaluru
18319,Hyderabad
18320,Hyderabad
18321,Mumbai
18322,Mumbai
18323,Bengaluru
18324,Bengaluru
18325,Delhi
18326,Bengaluru
18327,Bengaluru
18328,Pune
18329,Delhi
18330,Hyderabad
18331,Bengaluru
18332,Hyderabad
18333,Hyderabad
18334,Bengaluru
18335,Delhi
18336,Delhi
18337,Mumbai
18338,Hyderabad
18339,Pune
18340,Pune
18341,Mumbai
18342,Hyderabad
18343,Mumbai
18344,Pune
18345,Mumbai
18346,Hyderabad
18347,Bengaluru
18348,Pune
18349,Delhi
18350,Mumbai
18351,Mumbai
18352,Bengaluru
18353,Mumbai
18354,Pune
18355,Hyderabad
18356,Delhi
18357,Mumbai
18358,Hyderabad
18359,Hyderabad
18360,Delhi
18361,Pune
18362,Delhi
18363,Mumbai
18364,Bengaluru
18365,Mumbai
18366,Pune
18367,Mumbai
18368,Delhi
18369,Hyderabad
18370,Pune
18371,Mumbai
18372,Bengaluru
18373,Delhi
18374,Delhi
18375,Bengaluru
18376,Pune
18377,Bengaluru
18378,Pune
18379,Delhi
18380,Pune
18381,Mumbai
18382,Delhi
18383,Delhi
18384,Delhi
18385,Bengaluru
18386,Mumbai
18387,Pune
18388,Mumbai
18389,Delhi
18390,Delhi
18391,Hyderabad
18392,Mumbai
18393,Delhi
18394,Mumbai
18395,Bengaluru
18396,Bengaluru
18397,Pune
18398,Pune
18399,Delhi
18400,Pune
18401,Delhi
18402,Delhi
18403,Hyderabad
18404,Hyderabad
18405,Hyderabad
18406,Hyderabad
18407,Bengaluru
18408,Mumbai
18409,Bengaluru
18410,Delhi
18411,Mumbai
18412,Hyderabad
18413,Hyderabad
18414,Hyderabad
18415,Mumbai
18416,Delhi
18417,Delhi
18418,Mumbai
18419,Pune
18420,Hyderabad
18421,Bengaluru
18422,Delhi
18423,Bengaluru
18424,Delhi
18425,Bengaluru
18426,Delhi
18427,Mumbai
18428,Mumbai
18429,Mumbai
18430,Mumbai
18431,Delhi
18432,Mumbai
18433,Hyderabad
18434,Delhi
18435,Hyderabad
18436,Delhi
18437,Bengaluru
18438,Pune
18439,Mumbai
18440,Mumbai
18441,Bengaluru
18442,Bengaluru
18443,Bengaluru
18444,Hyderabad
18445,Pune
18446,Hyderabad
18447,Pune
18448,Bengaluru
18449,Hyderabad
18450,Bengaluru
18451,Hyderabad
18452,Mumbai
18453,Mumbai
18454,Hyderabad
18455,Bengaluru
18456,Mumbai
18457,Pune
18458,Mumbai
18459,Mumbai
18460,Pune
18461,Delhi
18462,Mumbai
18463,Bengaluru
18464,Pune
18465,Bengaluru
18466,Bengaluru
18467,Bengaluru
18468,Hyderabad
18469,Hyderabad
18470,Pune
18471,Delhi
18472,Pune
18473,Bengaluru
18474,Pune
18475,Hyderabad
18476,Pune
18477,Hyderabad
18478,Hyderabad
18479,Bengaluru
18480,Bengaluru
18481,Mumbai
18482,Mumbai
18483,Bengaluru
18484,Bengaluru
18485,Hyderabad
18486,Bengaluru
18487,Delhi
18488,Pune
18489,Bengaluru
18490,Hyderabad
18491,Mumbai
18492,Hyderabad
18493,Hyderabad
18494,Bengaluru
18495,Mumbai
18496,Pune
18497,Delhi
18498,Pune
18499,Pune
18500,Delhi
18501,Delhi
18502,Hyderabad
18503,Bengaluru
18504,Pune
18505,Bengaluru
18506,Hyderabad
18507,Mumbai
18508,Pune
18509,Delhi
18510,Hyderabad
18511,Delhi
18512,Mumbai
18513,Bengaluru
18514,Bengaluru
18515,Delhi
18516,Hyderabad
18517,Bengaluru
18518,Bengaluru
18519,Hyderabad
18520,Hyderabad
18521,Delhi
18522,Bengaluru
18523,Hyderabad
18524,Delhi
18525,Mumbai
18526,Mumbai
18527,Pune
18528,Hyderabad
18529,Pune
18530,Delhi
18531,Bengaluru
18532,Hyderabad
18533,Mumbai
18534,Pune
18535,Mumbai
18536,Mumbai
18537,Mumbai
18538,Mumbai
18539,Hyderabad
18540,Hyderabad
18541,Hyderabad
18542,Mumbai
18543,Bengaluru
18544,Mumbai
18545,Pune
18546,Delhi
18547,Delhi
18548,Delhi
18549,Pune
18550,Bengaluru
18551,Bengaluru
18552,Delhi
18553,Bengaluru
18554,Delhi
18555,Mumbai
18556,Hyderabad
18557,Hyderabad
18558,Pune
18559,Bengaluru
18560,Delhi
18561,Bengaluru
18562,Delhi
18563,Mumbai
18564,Pune
18565,Pune
18566,Pune
18567,Pune
18568,Bengaluru
18569,Hyderabad
18570,Bengaluru
18571,Bengaluru
18572,Mumbai
18573,Pune
18574,Bengaluru
18575,Bengaluru
18576,Mumbai
18577,Bengaluru
18578,Hyderabad
18579,Mumbai
18580,Delhi
18581,Pune
18582,Pune
18583,Hyderabad
18584,Bengaluru
18585,Bengaluru
18586,Pune
18587,Mumbai
18588,Pune
18589,Bengaluru
18590,Delhi
18591,Mumbai
18592,Bengaluru
18593,Mumbai
18594,Mumbai
18595,Delhi
18596,Delhi
18597,Delhi
18598,Bengaluru
18599,Pune
18600,Hyderabad
18601,Hyderabad
18602,Mumbai
18603,Pune
18604,Hyderabad
18605,Bengaluru
18606,Pune
18607,Pune
18608,Pune
18609,Hyderabad
18610,Mumbai
18611,Hyderabad
18612,Mumbai
18613,Hyderabad
18614,Delhi
18615,Delhi
18616,Bengaluru
18617,Bengaluru
18618,Mumbai
18619,Delhi
18620,Hyderabad
18621,Bengaluru
18622,Hyderabad
18623,Pune
18624,Mumbai
18625,Delhi
18626,Delhi
18627,Mumbai
18628,Pune
18629,Hyderabad
18630,Hyderabad
18631,Mumbai
18632,Pune
18633,Bengaluru
18634,Mumbai
18635,Mumbai
18636,Delhi
18637,Hyderabad
18638,Bengaluru
18639,Bengaluru
18640,Bengaluru
18641,Delhi
18642,Pune
18643,Bengaluru
18644,Hyderabad
18645,Bengaluru
18646,Hyderabad
18647,Delhi
18648,Hyderabad
18649,Hyderabad
18650,Bengaluru
18651,Delhi
18652,Delhi
18653,Hyderabad
18654,Mumbai
18655,Bengaluru
18656,Pune
18657,Delhi
18658,Hyderabad
18659,Mumbai
18660,Pune
18661,Hyderabad
18662,Hyderabad
18663,Hyderabad
18664,Pune
18665,Hyderabad
18666,Hyderabad
18667,Pune
18668,Delhi
18669,Hyderabad
18670,Hyderabad
18671,Hyderabad
18672,Pune
18673,Bengaluru
18674,Hyderabad
18675,Delhi
18676,Mumbai
18677,Hyderabad
18678,Delhi
18679,Hyderabad
18680,Pune
18681,Hyderabad
18682,Mumbai
18683,Mumbai
18684,Delhi
18685,Hyderabad
18686,Bengaluru
18687,Delhi
18688,Bengaluru
18689,Hyderabad
18690,Delhi
18691,Hyderabad
18692,Hyderabad
18693,Mumbai
18694,Mumbai
18695,Mumbai
18696,Bengaluru
18697,Mumbai
18698,Mumbai
18699,Delhi
18700,Mumbai
18701,Pune
18702,Pune
18703,Hyderabad
18704,Hyderabad
18705,Bengaluru
18706,Pune
18707,Hyderabad
18708,Bengaluru
18709,Hyderabad
18710,Pune
18711,Mumbai
18712,Pune
18713,Bengaluru
18714,Pune
18715,Pune
18716,Bengaluru
18717,Pune
18718,Mumbai
18719,Mumbai
18720,Delhi
18721,Hyderabad
18722,Mumbai
18723,Hyderabad
18724,Hyderabad
18725,Mumbai
18726,Delhi
18727,Hyderabad
18728,Delhi
18729,Mumbai
18730,Hyderabad
18731,Mumbai
18732,Hyderabad
18733,Bengaluru
18734,Delhi
18735,Bengaluru
18736,Delhi
18737,Pune
18738,Bengaluru
18739,Mumbai
18740,Hyderabad
18741,Hyderabad
18742,Pune
18743,Delhi
18744,Bengaluru
18745,Hyderabad
18746,Mumbai
18747,Pune
18748,Hyderabad
18749,Delhi
18750,Hyderabad
18751,Mumbai
18752,Pune
18753,Delhi
18754,Bengaluru
18755,Hyderabad
18756,Pune
18757,Hyderabad
18758,Pune
18759,Delhi
18760,Pune
18761,Bengaluru
18762,Mumbai
18763,Bengaluru
18764,Hyderabad
18765,Pune
18766,Pune
18767,Bengaluru
18768,Mumbai
18769,Mumbai
18770,Hyderabad
18771,Delhi
18772,Hyderabad
18773,Delhi
18774,Bengaluru
18775,Delhi
18776,Mumbai
18777,Delhi
18778,Pune
18779,Hyderabad
18780,Mumbai
18781,Mumbai
18782,Hyderabad
18783,Delhi
18784,Hyderabad
18785,Delhi
18786,Bengaluru
18787,Bengaluru
18788,Mumbai
18789,Pune
18790,Mumbai
18791,Bengaluru
18792,Bengaluru
18793,Hyderabad
18794,Pune
18795,Hyderabad
18796,Pune
18797,Pune
18798,Bengaluru
18799,Bengaluru
18800,Bengaluru
18801,Pune
18802,Hyderabad
18803,Mumbai
18804,Bengaluru
18805,Bengaluru
18806,Mumbai
18807,Hyderabad
18808,Delhi
18809,Bengaluru
18810,Bengaluru
18811,Bengaluru
18812,Pune
18813,Hyderabad
18814,Bengaluru
18815,Hyderabad
18816,Delhi
18817,Bengaluru
18818,Delhi
18819,Hyderabad
18820,Bengaluru
18821,Delhi
18822,Bengaluru
18823,Pune
18824,Pune
18825,Mumbai
18826,Hyderabad
18827,Mumbai
18828,Hyderabad
18829,Pune
18830,Pune
18831,Mumbai
18832,Bengaluru
18833,Delhi
18834,Mumbai
18835,Delhi
18836,Delhi
18837,Bengaluru
18838,Pune
18839,Pune
18840,Pune
18841,Hyderabad
18842,Delhi
18843,Pune
18844,Mumbai
18845,Bengaluru
18846,Pune
18847,Mumbai
18848,Pune
18849,Pune
18850,Mumbai
18851,Hyderabad
18852,Mumbai
18853,Delhi
18854,Bengaluru
18855,Hyderabad
18856,Bengaluru
18857,Pune
18858,Pune
18859,Pune
18860,Bengaluru
18861,Mumbai
18862,Hyderabad
18863,Hyderabad
18864,Bengaluru
18865,Delhi
18866,Bengaluru
18867,Pune
18868,Hyderabad
18869,Hyderabad
18870,Delhi
18871,Bengaluru
18872,Mumbai
18873,Mumbai
18874,Mumbai
18875,Pune
18876,Mumbai
18877,Bengaluru
18878,Mumbai
18879,Delhi
18880,Delhi
18881,Mumbai
18882,Mumbai
18883,Delhi
18884,Pune
18885,Bengaluru
18886,Pune
18887,Hyderabad
18888,Bengaluru
18889,Pune
18890,Bengaluru
18891,Mumbai
18892,Mumbai
18893,Bengaluru
18894,Bengaluru
18895,Hyderabad
18896,Mumbai
18897,Bengaluru
18898,Pune
18899,Bengaluru
18900,Mumbai
18901,Pune
18902,Mumbai
18903,Hyderabad
18904,Delhi
18905,Mumbai
18906,Pune
18907,Pune
18908,Hyderabad
18909,Hyderabad
18910,Delhi
18911,Pune
18912,Bengaluru
18913,Mumbai
18914,Mumbai
18915,Pune
18916,Bengaluru
18917,Hyderabad
18918,Delhi
18919,Delhi
18920,Delhi
18921,Hyderabad
18922,Bengaluru
18923,Mumbai
18924,Hyderabad
18925,Delhi
18926,Bengaluru
18927,Mumbai
18928,Pune
18929,Delhi
18930,Hyderabad
18931,Bengaluru
18932,Bengaluru
18933,Pune
18934,Delhi
18935,Delhi
18936,Bengaluru
18937,Mumbai
18938,Pune
18939,Mumbai
18940,Delhi
18941,Bengaluru
18942,Pune
18943,Pune
18944,Hyderabad
18945,Bengaluru
18946,Mumbai
18947,Pune
18948,Pune
18949,Hyderabad
18950,Mumbai
18951,Mumbai
18952,Bengaluru
18953,Bengaluru
18954,Mumbai
18955,Bengaluru
18956,Pune
18957,Hyderabad
18958,Hyderabad
18959,Mumbai
18960,Bengaluru
18961,Mumbai
18962,Delhi
18963,Hyderabad
18964,Pune
18965,Mumbai
18966,Hyderabad
18967,Hyderabad
18968,Delhi
18969,Pune
18970,Hyderabad
18971,Pune
18972,Mumbai
18973,Pune
18974,Mumbai
18975,Hyderabad
18976,Mumbai
18977,Bengaluru
18978,Hyderabad
18979,Mumbai
18980,Hyderabad
18981,Delhi
18982,Pune
18983,Bengaluru
18984,Delhi
18985,Mumbai
18986,Hyderabad
18987,Pune
18988,Bengaluru
18989,Pune
18990,Hyderabad
18991,Hyderabad
18992,Pune
18993,Pune
18994,Bengaluru
18995,Pune
18996,Pune
18997,Bengaluru
18998,Pune
18999,Pune
19000,Mumbai
19001,Pune
19002,Hyderabad
19003,Mumbai
19004,Bengaluru
19005,Delhi
19006,Bengaluru
19007,Pune
19008,Hyderabad
19009,Mumbai
19010,Bengaluru
19011,Mumbai
19012,Mumbai
19013,Mumbai
19014,Delhi
19015,Delhi
19016,Mumbai
19017,Bengaluru
19018,Pune
19019,Delhi
19020,Bengaluru
19021,Delhi
19022,Hyderabad
19023,Pune
19024,Bengaluru
19025,Delhi
19026,Pune
19027,Hyderabad
19028,Mumbai
19029,Bengaluru
19030,Hyderabad
19031,Mumbai
19032,Bengaluru
19033,Hyderabad
19034,Mumbai
19035,Delhi
19036,Hyderabad
19037,Pune
19038,Pune
19039,Hyderabad
19040,Bengaluru
19041,Hyderabad
19042,Hyderabad
19043,Hyderabad
19044,Delhi
19045,Mumbai
19046,Pune
19047,Hyderabad
19048,Hyderabad
19049,Hyderabad
19050,Delhi
19051,Hyderabad
19052,Bengaluru
19053,Mumbai
19054,Mumbai
19055,Bengaluru
19056,Delhi
19057,Bengaluru
19058,Hyderabad
19059,Mumbai
19060,Hyderabad
19061,Pune
19062,Hyderabad
19063,Delhi
19064,Hyderabad
19065,Delhi
19066,Mumbai
19067,Delhi
19068,Hyderabad
19069,Delhi
19070,Hyderabad
19071,Hyderabad
19072,Hyderabad
19073,Bengaluru
19074,Bengaluru
19075,Delhi
19076,Delhi
19077,Pune
19078,Hyderabad
19079,Hyderabad
19080,Pune
19081,Bengaluru
19082,Pune
19083,Bengaluru
19084,Delhi
19085,Mumbai
19086,Mumbai
19087,Hyderabad
19088,Pune
19089,Pune
19090,Pune
19091,Pune
19092,Mumbai
19093,Hyderabad
19094,Mumbai
19095,Bengaluru
19096,Hyderabad
19097,Pune
19098,Delhi
19099,Pune
19100,Bengaluru
19101,Hyderabad
19102,Bengaluru
19103,Pune
19104,Pune
19105,Hyderabad
19106,Hyderabad
19107,Pune
19108,Pune
19109,Hyderabad
19110,Mumbai
19111,Hyderabad
19112,Hyderabad
19113,Pune
19114,Hyderabad
19115,Pune
19116,Mumbai
19117,Mumbai
19118,Delhi
19119,Hyderabad
19120,Hyderabad
19121,Mumbai
19122,Pune
19123,Bengaluru
19124,Hyderabad
19125,Delhi
19126,Hyderabad
19127,Bengaluru
19128,Pune
19129,Mumbai
19130,Mumbai
19131,Delhi
19132,Bengaluru
19133,Delhi
19134,Bengaluru
19135,Delhi
19136,Pune
19137,Pune
19138,Hyderabad
19139,Delhi
19140,Pune
19141,Hyderabad
19142,Bengaluru
19143,Bengaluru
19144,Bengaluru
19145,Mumbai
19146,Delhi
19147,Hyderabad
19148,Mumbai
19149,Delhi
19150,Delhi
19151,Delhi
19152,Delhi
19153,Mumbai
19154,Hyderabad
19155,Pune
19156,Pune
19157,Hyderabad
19158,Pune
19159,Mumbai
19160,Mumbai
19161,Delhi
19162,Hyderabad
19163,Delhi
19164,Mumbai
19165,Mumbai
19166,Mumbai
19167,Hyderabad
19168,Hyderabad
19169,Delhi
19170,Pune
19171,Mumbai
19172,Mumbai
19173,Hyderabad
19174,Hyderabad
19175,Bengaluru
19176,Delhi
19177,Pune
19178,Mumbai
19179,Delhi
19180,Bengaluru
19181,Delhi
19182,Mumbai
19183,Hyderabad
19184,Delhi
19185,Pune
19186,Mumbai
19187,Delhi
19188,Pune
19189,Mumbai
19190,Hyderabad
19191,Mumbai
19192,Pune
19193,Hyderabad
19194,Mumbai
19195,Mumbai
19196,Delhi
19197,Hyderabad
19198,Hyderabad
19199,Delhi
19200,Bengaluru
19201,Mumbai
19202,Hyderabad
19203,Bengaluru
19204,Hyderabad
19205,Pune
19206,Delhi
19207,Delhi
19208,Bengaluru
19209,Pune
19210,Hyderabad
19211,Delhi
19212,Pune
19213,Hyderabad
19214,Delhi
19215,Bengaluru
19216,Hyderabad
19217,Delhi
19218,Pune
19219,Delhi
19220,Delhi
19221,Mumbai
19222,Bengaluru
19223,Mumbai
19224,Delhi
19225,Hyderabad
19226,Bengaluru
19227,Hyderabad
19228,Hyderabad
19229,Bengaluru
19230,Bengaluru
19231,Pune
19232,Hyderabad
19233,Pune
19234,Mumbai
19235,Bengaluru
19236,Mumbai
19237,Hyderabad
19238,Delhi
19239,Hyderabad
19240,Mumbai
19241,Delhi
19242,Bengaluru
19243,Bengaluru
19244,Delhi
19245,Mumbai
19246,Pune
19247,Delhi
19248,Bengaluru
19249,Delhi
19250,Delhi
19251,Pune
19252,Bengaluru
19253,Delhi
19254,Delhi
19255,Mumbai
19256,Bengaluru
19257,Mumbai
19258,Mumbai
19259,Delhi
19260,Hyderabad
19261,Mumbai
19262,Pune
19263,Pune
19264,Hyderabad
19265,Bengaluru
19266,Mumbai
19267,Pune
19268,Pune
19269,Delhi
19270,Bengaluru
19271,Bengaluru
19272,Hyderabad
19273,Delhi
19274,Mumbai
19275,Bengaluru
19276,Delhi
19277,Bengaluru
19278,Bengaluru
19279,Delhi
19280,Mumbai
19281,Pune
19282,Pune
19283,Hyderabad
19284,Hyderabad
19285,Bengaluru
19286,Hyderabad
19287,Hyderabad
19288,Pune
19289,Hyderabad
19290,Bengaluru
19291,Hyderabad
19292,Mumbai
19293,Pune
19294,Bengaluru
19295,Delhi
19296,Delhi
19297,Mumbai
19298,Mumbai
19299,Hyderabad
19300,Hyderabad
19301,Hyderabad
19302,Delhi
19303,Pune
19304,Mumbai
19305,Mumbai
19306,Delhi
19307,Hyderabad
19308,Pune
19309,Pune
19310,Bengaluru
19311,Delhi
19312,Hyderabad
19313,Hyderabad
19314,Pune
19315,Pune
19316,Hyderabad
19317,Pune
19318,Delhi
19319,Delhi
19320,Mumbai
19321,Mumbai
19322,Pune
19323,Delhi
19324,Hyderabad
19325,Delhi
19326,Delhi
19327,Hyderabad
19328,Delhi
19329,Hyderabad
19330,Pune
19331,Delhi
19332,Delhi
19333,Hyderabad
19334,Delhi
19335,Mumbai
19336,Hyderabad
19337,Mumbai
19338,Delhi
19339,Hyderabad
19340,Bengaluru
19341,Bengaluru
19342,Pune
19343,Delhi
19344,Bengaluru
19345,Mumbai
19346,Bengaluru
19347,Bengaluru
19348,Bengaluru
19349,Mumbai
19350,Delhi
19351,Delhi
19352,Mumbai
19353,Hyderabad
19354,Mumbai
19355,Bengaluru
19356,Mumbai
19357,Mumbai
19358,Bengaluru
19359,Delhi
19360,Delhi
19361,Bengaluru
19362,Mumbai
19363,Bengaluru
19364,Delhi
19365,Delhi
19366,Pune
19367,Bengaluru
19368,Hyderabad
19369,Mumbai
19370,Pune
19371,Hyderabad
19372,Mumbai
19373,Bengaluru
19374,Delhi
19375,Delhi
19376,Delhi
19377,Hyderabad
19378,Hyderabad
19379,Hyderabad
19380,Pune
19381,Pune
19382,Hyderabad
19383,Hyderabad
19384,Pune
19385,Mumbai
19386,Pune
19387,Mumbai
19388,Pune
19389,Pune
19390,Pune
19391,Delhi
19392,Pune
19393,Mumbai
19394,Bengaluru
19395,Mumbai
19396,Delhi
19397,Hyderabad
19398,Mumbai
19399,Delhi
19400,Delhi
19401,Mumbai
19402,Bengaluru
19403,Hyderabad
19404,Mumbai
19405,Mumbai
19406,Hyderabad
19407,Bengaluru
19408,Mumbai
19409,Mumbai
19410,Bengaluru
19411,Mumbai
19412,Mumbai
19413,Hyderabad
19414,Mumbai
19415,Bengaluru
19416,Delhi
19417,Hyderabad
19418,Bengaluru
19419,Bengaluru
19420,Pune
19421,Bengaluru
19422,Bengaluru
19423,Hyderabad
19424,Mumbai
19425,Pune
19426,Delhi
19427,Pune
19428,Mumbai
19429,Mumbai
19430,Hyderabad
19431,Pune
19432,Delhi
19433,Bengaluru
19434,Hyderabad
19435,Mumbai
19436,Pune
19437,Pune
19438,Hyderabad
19439,Bengaluru
19440,Pune
19441,Mumbai
19442,Mumbai
19443,Delhi
19444,Pune
19445,Pune
19446,Delhi
19447,Delhi
19448,Delhi
19449,Hyderabad
19450,Delhi
19451,Pune
19452,Mumbai
19453,Pune
19454,Mumbai
19455,Hyderabad
19456,Bengaluru
19457,Delhi
19458,Mumbai
19459,Hyderabad
19460,Bengaluru
19461,Hyderabad
19462,Pune
19463,Pune
19464,Hyderabad
19465,Mumbai
19466,Bengaluru
19467,Pune
19468,Bengaluru
19469,Hyderabad
19470,Mumbai
19471,Pune
19472,Bengaluru
19473,Pune
19474,Mumbai
19475,Bengaluru
19476,Pune
19477,Mumbai
19478,Mumbai
19479,Pune
19480,Mumbai
19481,Hyderabad
19482,Hyderabad
19483,Mumbai
19484,Bengaluru
19485,Delhi
19486,Mumbai
19487,Mumbai
19488,Mumbai
19489,Hyderabad
19490,Hyderabad
19491,Hyderabad
19492,Mumbai
19493,Pune
19494,Mumbai
19495,Bengaluru
19496,Pune
19497,Delhi
19498,Hyderabad
19499,Bengaluru
19500,Delhi
19501,Mumbai
19502,Hyderabad
19503,Hyderabad
19504,Mumbai
19505,Mumbai
19506,Mumbai
19507,Delhi
19508,Delhi
19509,Mumbai
19510,Hyderabad
19511,Hyderabad
19512,Mumbai
19513,Delhi
19514,Hyderabad
19515,Delhi
19516,Delhi
19517,Pune
19518,Bengaluru
19519,Pune
19520,Pune
19521,Pune
19522,Mumbai
19523,Mumbai
19524,Pune
19525,Delhi
19526,Mumbai
19527,Bengaluru
19528,Hyderabad
19529,Delhi
19530,Delhi
19531,Delhi
19532,Hyderabad
19533,Pune
19534,Hyderabad
19535,Bengaluru
19536,Mumbai
19537,Pune
19538,Hyderabad
19539,Hyderabad
19540,Pune
19541,Bengaluru
19542,Mumbai
19543,Hyderabad
19544,Mumbai
19545,Pune
19546,Bengaluru
19547,Mumbai
19548,Bengaluru
19549,Delhi
19550,Mumbai
19551,Hyderabad
19552,Pune
19553,Hyderabad
19554,Pune
19555,Bengaluru
19556,Mumbai
19557,Pune
19558,Delhi
19559,Mumbai
19560,Hyderabad
19561,Hyderabad
19562,Hyderabad
19563,Mumbai
19564,Mumbai
19565,Mumbai
19566,Bengaluru
19567,Bengaluru
19568,Mumbai
19569,Delhi
19570,Pune
19571,Bengaluru
19572,Hyderabad
19573,Mumbai
19574,Mumbai
19575,Bengaluru
19576,Bengaluru
19577,Delhi
19578,Hyderabad
19579,Pune
19580,Hyderabad
19581,Pune
19582,Hyderabad
19583,Hyderabad
19584,Hyderabad
19585,Hyderabad
19586,Pune
19587,Delhi
19588,Mumbai
19589,Delhi
19590,Hyderabad
19591,Delhi
19592,Mumbai
19593,Mumbai
19594,Hyderabad
19595,Pune
19596,Bengaluru
19597,Bengaluru
19598,Mumbai
19599,Bengaluru
19600,Delhi
19601,Delhi
19602,Mumbai
19603,Pune
19604,Bengaluru
19605,Hyderabad
19606,Hyderabad
19607,Delhi
19608,Bengaluru
19609,Pune
19610,Bengaluru
19611,Delhi
19612,Mumbai
19613,Mumbai
19614,Hyderabad
19615,Bengaluru
19616,Bengaluru
19617,Mumbai
19618,Hyderabad
19619,Mumbai
19620,Hyderabad
19621,Delhi
19622,Bengaluru
19623,Bengaluru
19624,Delhi
19625,Mumbai
19626,Pune
19627,Delhi
19628,Hyderabad
19629,Mumbai
19630,Bengaluru
19631,Hyderabad
19632,Mumbai
19633,Bengaluru
19634,Hyderabad
19635,Pune
19636,Pune
19637,Bengaluru
19638,Mumbai
19639,Hyderabad
19640,Pune
19641,Bengaluru
19642,Hyderabad
19643,Bengaluru
19644,Mumbai
19645,Pune
19646,Bengaluru
19647,Mumbai
19648,Mumbai
19649,Bengaluru
19650,Mumbai
19651,Mumbai
19652,Bengaluru
19653,Pune
19654,Pune
19655,Pune
19656,Mumbai
19657,Bengaluru
19658,Bengaluru
19659,Hyderabad
19660,Bengaluru
19661,Bengaluru
19662,Bengaluru
19663,Pune
19664,Pune
19665,Bengaluru
19666,Mumbai
19667,Mumbai
19668,Bengaluru
19669,Bengaluru
19670,Hyderabad
19671,Bengaluru
19672,Pune
19673,Mumbai
19674,Delhi
19675,Hyderabad
19676,Pune
19677,Mumbai
19678,Mumbai
19679,Hyderabad
19680,Mumbai
19681,Bengaluru
19682,Delhi
19683,Hyderabad
19684,Mumbai
19685,Pune
19686,Pune
19687,Delhi
19688,Mumbai
19689,Hyderabad
19690,Bengaluru
19691,Mumbai
19692,Pune
19693,Delhi
19694,Hyderabad
19695,Bengaluru
19696,Mumbai
19697,Delhi
19698,Mumbai
19699,Bengaluru
19700,Bengaluru
19701,Delhi
19702,Bengaluru
19703,Hyderabad
19704,Pune
19705,Hyderabad
19706,Mumbai
19707,Delhi
19708,Bengaluru
19709,Hyderabad
19710,Delhi
19711,Mumbai
19712,Mumbai
19713,Hyderabad
19714,Delhi
19715,Pune
19716,Mumbai
19717,Bengaluru
19718,Hyderabad
19719,Mumbai
19720,Delhi
19721,Delhi
19722,Pune
19723,Bengaluru
19724,Bengaluru
19725,Mumbai
19726,Hyderabad
19727,Hyderabad
19728,Delhi
19729,Mumbai
19730,Hyderabad
19731,Pune
19732,Bengaluru
19733,Bengaluru
19734,Mumbai
19735,Pune
19736,Bengaluru
19737,Mumbai
19738,Delhi
19739,Mumbai
19740,Pune
19741,Delhi
19742,Hyderabad
19743,Delhi
19744,Hyderabad
19745,Delhi
19746,Pune
19747,Delhi
19748,Mumbai
19749,Mumbai
19750,Bengaluru
19751,Delhi
19752,Bengaluru
19753,Mumbai
19754,Bengaluru
19755,Mumbai
19756,Pune
19757,Bengaluru
19758,Pune
19759,Bengaluru
19760,Delhi
19761,Hyderabad
19762,Mumbai
19763,Pune
19764,Mumbai
19765,Hyderabad
19766,Pune
19767,Delhi
19768,Bengaluru
19769,Mumbai
19770,Hyderabad
19771,Hyderabad
19772,Bengaluru
19773,Pune
19774,Bengaluru
19775,Pune
19776,Pune
19777,Hyderabad
19778,Bengaluru
19779,Pune
19780,Mumbai
19781,Mumbai
19782,Mumbai
19783,Delhi
19784,Hyderabad
19785,Bengaluru
19786,Delhi
19787,Delhi
19788,Delhi
19789,Mumbai
19790,Bengaluru
19791,Mumbai
19792,Delhi
19793,Bengaluru
19794,Mumbai
19795,Bengaluru
19796,Bengaluru
19797,Bengaluru
19798,Hyderabad
19799,Delhi
19800,Pune
19801,Pune
19802,Hyderabad
19803,Pune
19804,Delhi
19805,Pune
19806,Delhi
19807,Hyderabad
19808,Bengaluru
19809,Delhi
19810,Pune
19811,Hyderabad
19812,Delhi
19813,Delhi
19814,Delhi
19815,Pune
19816,Mumbai
19817,Mumbai
19818,Delhi
19819,Pune
19820,Bengaluru
19821,Mumbai
19822,Delhi
19823,Pune
19824,Pune
19825,Bengaluru
19826,Bengaluru
19827,Bengaluru
19828,Hyderabad
19829,Bengaluru
19830,Bengaluru
19831,Hyderabad
19832,Bengaluru
19833,Bengaluru
19834,Mumbai
19835,Bengaluru
19836,Pune
19837,Hyderabad
19838,Mumbai
19839,Bengaluru
19840,Pune
19841,Pune
19842,Delhi
19843,Bengaluru
19844,Pune
19845,Mumbai
19846,Pune
19847,Hyderabad
19848,Bengaluru
19849,Hyderabad
19850,Bengaluru
19851,Hyderabad
19852,Bengaluru
19853,Delhi
19854,Pune
19855,Bengaluru
19856,Mumbai
19857,Hyderabad
19858,Bengaluru
19859,Bengaluru
19860,Delhi
19861,Bengaluru
19862,Pune
19863,Bengaluru
19864,Mumbai
19865,Hyderabad
19866,Bengaluru
19867,Pune
19868,Pune
19869,Bengaluru
19870,Mumbai
19871,Bengaluru
19872,Pune
19873,Mumbai
19874,Delhi
19875,Bengaluru
19876,Bengaluru
19877,Delhi
19878,Delhi
19879,Hyderabad
19880,Delhi
19881,Pune
19882,Delhi
19883,Mumbai
19884,Pune
19885,Mumbai
19886,Bengaluru
19887,Mumbai
19888,Bengaluru
19889,Bengaluru
19890,Hyderabad
19891,Pune
19892,Mumbai
19893,Delhi
19894,Hyderabad
19895,Hyderabad
19896,Delhi
19897,Pune
19898,Pune
19899,Pune
19900,Hyderabad
19901,Delhi
19902,Pune
19903,Bengaluru
19904,Mumbai
19905,Bengaluru
19906,Hyderabad
19907,Bengaluru
19908,Delhi
19909,Mumbai
19910,Mumbai
19911,Hyderabad
19912,Pune
19913,Mumbai
19914,Pune
19915,Delhi
19916,Pune
19917,Pune
19918,Pune
19919,Mumbai
19920,Bengaluru
19921,Delhi
19922,Hyderabad
19923,Bengaluru
19924,Hyderabad
19925,Mumbai
19926,Mumbai
19927,Pune
19928,Bengaluru
19929,Bengaluru
19930,Bengaluru
19931,Delhi
19932,Pune
19933,Pune
19934,Pune
19935,Bengaluru
19936,Delhi
19937,Delhi
19938,Hyderabad
19939,Bengaluru
19940,Bengaluru
19941,Bengaluru
19942,Bengaluru
19943,Pune
19944,Hyderabad
19945,Pune
19946,Pune
19947,Bengaluru
19948,Delhi
19949,Bengaluru
19950,Bengaluru
19951,Delhi
19952,Hyderabad
19953,Mumbai
19954,Hyderabad
19955,Hyderabad
19956,Bengaluru
19957,Hyderabad
19958,Delhi
19959,Hyderabad
19960,Bengaluru
19961,Delhi
19962,Mumbai
19963,Bengaluru
19964,Delhi
19965,Mumbai
19966,Bengaluru
19967,Delhi
19968,Hyderabad
19969,Hyderabad
19970,Hyderabad
19971,Bengaluru
19972,Hyderabad
19973,Delhi
19974,Hyderabad
19975,Pune
19976,Pune
19977,Hyderabad
19978,Hyderabad
19979,Pune
19980,Mumbai
19981,Bengaluru
19982,Mumbai
19983,Pune
19984,Hyderabad
19985,Pune
19986,Bengaluru
19987,Pune
19988,Pune
19989,Hyderabad
19990,Hyderabad
19991,Delhi
19992,Bengaluru
19993,Pune
19994,Pune
19995,Bengaluru
19996,Mumbai
19997,Mumbai
19998,Pune
19999,Delhi
20000,Bengaluru
20001,Pune
20002,Pune
20003,Hyderabad
20004,Delhi
20005,Mumbai
20006,Mumbai
20007,Mumbai
20008,Delhi
20009,Pune
20010,Mumbai
20011,Mumbai
20012,Hyderabad
20013,Hyderabad
20014,Hyderabad
20015,Delhi
20016,Hyderabad
20017,Hyderabad
20018,Bengaluru
20019,Hyderabad
20020,Pune
20021,Bengaluru
20022,Bengaluru
20023,Delhi
20024,Mumbai
20025,Pune
20026,Mumbai
20027,Bengaluru
20028,Mumbai
20029,Pune
20030,Bengaluru
20031,Hyderabad
20032,Pune
20033,Hyderabad
20034,Mumbai
20035,Bengaluru
20036,Bengaluru
20037,Pune
20038,Bengaluru
20039,Mumbai
20040,Bengaluru
20041,Delhi
20042,Bengaluru
20043,Hyderabad
20044,Bengaluru
20045,Mumbai
20046,Delhi
20047,Hyderabad
20048,Hyderabad
20049,Hyderabad
20050,Hyderabad
20051,Hyderabad
20052,Hyderabad
20053,Pune
20054,Mumbai
20055,Bengaluru
20056,Bengaluru
20057,Pune
20058,Bengaluru
20059,Hyderabad
20060,Hyderabad
20061,Hyderabad
20062,Delhi
20063,Hyderabad
20064,Bengaluru
20065,Bengaluru
20066,Hyderabad
20067,Pune
20068,Delhi
20069,Delhi
20070,Hyderabad
20071,Mumbai
20072,Mumbai
20073,Bengaluru
20074,Pune
20075,Delhi
20076,Hyderabad
20077,Hyderabad
20078,Mumbai
20079,Hyderabad
20080,Pune
20081,Hyderabad
20082,Delhi
20083,Pune
20084,Bengaluru
20085,Hyderabad
20086,Mumbai
20087,Bengaluru
20088,Bengaluru
20089,Delhi
20090,Hyderabad
20091,Bengaluru
20092,Pune
20093,Pune
20094,Delhi
20095,Pune
20096,Bengaluru
20097,Mumbai
20098,Mumbai
20099,Pune
20100,Hyderabad
20101,Bengaluru
20102,Delhi
20103,Hyderabad
20104,Pune
20105,Bengaluru
20106,Bengaluru
20107,Mumbai
20108,Hyderabad
20109,Pune
20110,Hyderabad
20111,Delhi
20112,Mumbai
20113,Hyderabad
20114,Pune
20115,Hyderabad
20116,Hyderabad
20117,Mumbai
20118,Pune
20119,Pune
20120,Hyderabad
20121,Pune
20122,Bengaluru
20123,Delhi
20124,Bengaluru
20125,Hyderabad
20126,Delhi
20127,Mumbai
20128,Bengaluru
20129,Delhi
20130,Bengaluru
20131,Hyderabad
20132,Pune
20133,Bengaluru
20134,Delhi
20135,Pune
20136,Bengaluru
20137,Pune
20138,Hyderabad
20139,Mumbai
20140,Mumbai
20141,Pune
20142,Delhi
20143,Hyderabad
20144,Hyderabad
20145,Mumbai
20146,Delhi
20147,Pune
20148,Delhi
20149,Bengaluru
20150,Pune
20151,Hyderabad
20152,Pune
20153,Mumbai
20154,Delhi
20155,Bengaluru
20156,Hyderabad
20157,Pune
20158,Delhi
20159,Hyderabad
20160,Pune
20161,Pune
20162,Hyderabad
20163,Mumbai
20164,Delhi
20165,Hyderabad
20166,Pune
20167,Bengaluru
20168,Delhi
20169,Pune
20170,Hyderabad
20171,Delhi
20172,Mumbai
20173,Bengaluru
20174,Pune
20175,Bengaluru
20176,Mumbai
20177,Hyderabad
20178,Delhi
20179,Bengaluru
20180,Pune
20181,Mumbai
20182,Mumbai
20183,Delhi
20184,Hyderabad
20185,Mumbai
20186,Pune
20187,Delhi
20188,Hyderabad
20189,Hyderabad
20190,Mumbai
20191,Bengaluru
20192,Hyderabad
20193,Hyderabad
20194,Mumbai
20195,Delhi
20196,Hyderabad
20197,Pune
20198,Hyderabad
20199,Hyderabad
20200,Mumbai
20201,Hyderabad
20202,Bengaluru
20203,Pune
20204,Mumbai
20205,Delhi
20206,Pune
20207,Pune
20208,Mumbai
20209,Hyderabad
20210,Pune
20211,Hyderabad
20212,Hyderabad
20213,Bengaluru
20214,Pune
20215,Bengaluru
20216,Hyderabad
20217,Bengaluru
20218,Bengaluru
20219,Delhi
20220,Bengaluru
20221,Mumbai
20222,Bengaluru
20223,Hyderabad
20224,Mumbai
20225,Delhi
20226,Hyderabad
20227,Mumbai
20228,Mumbai
20229,Pune
20230,Bengaluru
20231,Mumbai
20232,Mumbai
20233,Pune
20234,Pune
20235,Bengaluru
20236,Delhi
20237,Mumbai
20238,Mumbai
20239,Bengaluru
20240,Delhi
20241,Delhi
20242,Hyderabad
20243,Hyderabad
20244,Bengaluru
20245,Pune
20246,Delhi
20247,Bengaluru
20248,Mumbai
20249,Delhi
20250,Delhi
20251,Delhi
20252,Pune
20253,Mumbai
20254,Delhi
20255,Bengaluru
20256,Hyderabad
20257,Bengaluru
20258,Pune
20259,Delhi
20260,Bengaluru
20261,Mumbai
20262,Delhi
20263,Delhi
20264,Bengaluru
20265,Hyderabad
20266,Pune
20267,Pune
20268,Bengaluru
20269,Pune
20270,Pune
20271,Bengaluru
20272,Hyderabad
20273,Mumbai
20274,Delhi
20275,Hyderabad
20276,Hyderabad
20277,Hyderabad
20278,Hyderabad
20279,Bengaluru
20280,Hyderabad
20281,Hyderabad
20282,Bengaluru
20283,Pune
20284,Pune
20285,Hyderabad
20286,Mumbai
20287,Bengaluru
20288,Delhi
20289,Bengaluru
20290,Pune
20291,Delhi
20292,Pune
20293,Hyderabad
20294,Bengaluru
20295,Mumbai
20296,Delhi
20297,Hyderabad
20298,Mumbai
20299,Pune
20300,Pune
20301,Delhi
20302,Hyderabad
20303,Pune
20304,Hyderabad
20305,Hyderabad
20306,Hyderabad
20307,Mumbai
20308,Hyderabad
20309,Pune
20310,Hyderabad
20311,Hyderabad
20312,Pune
20313,Delhi
20314,Hyderabad
20315,Pune
20316,Hyderabad
20317,Delhi
20318,Bengaluru
20319,Delhi
20320,Delhi
20321,Hyderabad
20322,Delhi
20323,Delhi
20324,Bengaluru
20325,Bengaluru
20326,Bengaluru
20327,Hyderabad
20328,Mumbai
20329,Hyderabad
20330,Mumbai
20331,Bengaluru
20332,Pune
20333,Delhi
20334,Mumbai
20335,Pune
20336,Bengaluru
20337,Delhi
20338,Bengaluru
20339,Bengaluru
20340,Pune
20341,Bengaluru
20342,Pune
20343,Bengaluru
20344,Mumbai
20345,Hyderabad
20346,Hyderabad
20347,Hyderabad
20348,Pune
20349,Mumbai
20350,Pune
20351,Delhi
20352,Mumbai
20353,Pune
20354,Mumbai
20355,Bengaluru
20356,Hyderabad
20357,Hyderabad
20358,Delhi
20359,Delhi
20360,Delhi
20361,Hyderabad
20362,Bengaluru
20363,Pune
20364,Pune
20365,Bengaluru
20366,Bengaluru
20367,Bengaluru
20368,Hyderabad
20369,Hyderabad
20370,Delhi
20371,Mumbai
20372,Delhi
20373,Hyderabad
20374,Hyderabad
20375,Delhi
20376,Mumbai
20377,Bengaluru
20378,Delhi
20379,Pune
20380,Pune
20381,Delhi
20382,Hyderabad
20383,Hyderabad
20384,Pune
20385,Pune
20386,Pune
20387,Pune
20388,Bengaluru
20389,Delhi
20390,Pune
20391,Delhi
20392,Mumbai
20393,Bengaluru
20394,Delhi
20395,Delhi
20396,Pune
20397,Delhi
20398,Pune
20399,Pune
20400,Delhi
20401,Hyderabad
20402,Bengaluru
20403,Hyderabad
20404,Pune
20405,Delhi
20406,Delhi
20407,Mumbai
20408,Mumbai
20409,Hyderabad
20410,Hyderabad
20411,Bengaluru
20412,Pune
20413,Mumbai
20414,Mumbai
20415,Delhi
20416,Delhi
20417,Pune
20418,Pune
20419,Mumbai
20420,Mumbai
20421,Pune
20422,Delhi
20423,Delhi
20424,Bengaluru
20425,Bengaluru
20426,Pune
20427,Delhi
20428,Hyderabad
20429,Hyderabad
20430,Delhi
20431,Mumbai
20432,Bengaluru
20433,Bengaluru
20434,Pune
20435,Mumbai
20436,Mumbai
20437,Bengaluru
20438,Mumbai
20439,Mumbai
20440,Delhi
20441,Mumbai
20442,Pune
20443,Pune
20444,Pune
20445,Pune
20446,Delhi
20447,Pune
20448,Mumbai
20449,Delhi
20450,Hyderabad
20451,Bengaluru
20452,Pune
20453,Bengaluru
20454,Bengaluru
20455,Bengaluru
20456,Mumbai
20457,Delhi
20458,Bengaluru
20459,Bengaluru
20460,Delhi
20461,Hyderabad
20462,Delhi
20463,Hyderabad
20464,Hyderabad
20465,Pune
20466,Bengaluru
20467,Bengaluru
20468,Hyderabad
20469,Bengaluru
20470,Bengaluru
20471,Pune
20472,Hyderabad
20473,Hyderabad
20474,Pune
20475,Pune
20476,Pune
20477,Hyderabad
20478,Mumbai
20479,Mumbai
20480,Bengaluru
20481,Mumbai
20482,Hyderabad
20483,Hyderabad
20484,Delhi
20485,Pune
20486,Bengaluru
20487,Delhi
20488,Pune
20489,Mumbai
20490,Pune
20491,Delhi
20492,Mumbai
20493,Pune
20494,Bengaluru
20495,Mumbai
20496,Bengaluru
20497,Mumbai
20498,Bengaluru
20499,Mumbai
20500,Hyderabad
20501,Delhi
20502,Mumbai
20503,Pune
20504,Delhi
20505,Mumbai
20506,Pune
20507,Delhi
20508,Hyderabad
20509,Pune
20510,Hyderabad
20511,Bengaluru
20512,Pune
20513,Hyderabad
20514,Delhi
20515,Mumbai
20516,Delhi
20517,Delhi
20518,Hyderabad
20519,Mumbai
20520,Delhi
20521,Mumbai
20522,Bengaluru
20523,Hyderabad
20524,Mumbai
20525,Hyderabad
20526,Delhi
20527,Delhi
20528,Delhi
20529,Delhi
20530,Bengaluru
20531,Bengaluru
20532,Pune
20533,Delhi
20534,Delhi
20535,Delhi
20536,Delhi
20537,Pune
20538,Delhi
20539,Mumbai
20540,Mumbai
20541,Bengaluru
20542,Bengaluru
20543,Mumbai
20544,Mumbai
20545,Mumbai
20546,Pune
20547,Delhi
20548,Hyderabad
20549,Hyderabad
20550,Pune
20551,Hyderabad
20552,Bengaluru
20553,Pune
20554,Pune
20555,Pune
20556,Mumbai
20557,Mumbai
20558,Delhi
20559,Mumbai
20560,Pune
20561,Mumbai
20562,Bengaluru
20563,Mumbai
20564,Hyderabad
20565,Hyderabad
20566,Pune
20567,Mumbai
20568,Bengaluru
20569,Pune
20570,Delhi
20571,Bengaluru
20572,Hyderabad
20573,Bengaluru
20574,Bengaluru
20575,Hyderabad
20576,Pune
20577,Mumbai
20578,Bengaluru
20579,Delhi
20580,Delhi
20581,Mumbai
20582,Bengaluru
20583,Pune
20584,Hyderabad
20585,Mumbai
20586,Delhi
20587,Hyderabad
20588,Hyderabad
20589,Mumbai
20590,Delhi
20591,Hyderabad
20592,Mumbai
20593,Delhi
20594,Mumbai
20595,Delhi
20596,Bengaluru
20597,Bengaluru
20598,Bengaluru
20599,Hyderabad
20600,Bengaluru
20601,Pune
20602,Pune
20603,Pune
20604,Hyderabad
20605,Delhi
20606,Hyderabad
20607,Bengaluru
20608,Pune
20609,Delhi
20610,Mumbai
20611,Delhi
20612,Delhi
20613,Delhi
20614,Delhi
20615,Delhi
20616,Delhi
20617,Pune
20618,Bengaluru
20619,Hyderabad
20620,Mumbai
20621,Hyderabad
20622,Delhi
20623,Bengaluru
20624,Pune
20625,Hyderabad
20626,Hyderabad
20627,Mumbai
20628,Pune
20629,Hyderabad
20630,Bengaluru
20631,Bengaluru
20632,Delhi
20633,Mumbai
20634,Hyderabad
20635,Bengaluru
20636,Mumbai
20637,Hyderabad
20638,Pune
20639,Hyderabad
20640,Hyderabad
20641,Delhi
20642,Hyderabad
20643,Pune
20644,Hyderabad
20645,Hyderabad
20646,Hyderabad
20647,Pune
20648,Hyderabad
20649,Hyderabad
20650,Hyderabad
20651,Mumbai
20652,Hyderabad
20653,Bengaluru
20654,Delhi
20655,Delhi
20656,Pune
20657,Hyderabad
20658,Mumbai
20659,Pune
20660,Bengaluru
20661,Delhi
20662,Pune
20663,Mumbai
20664,Delhi
20665,Pune
20666,Mumbai
20667,Bengaluru
20668,Bengaluru
20669,Hyderabad
20670,Hyderabad
20671,Pune
20672,Delhi
20673,Mumbai
20674,Delhi
20675,Mumbai
20676,Mumbai
20677,Hyderabad
20678,Mumbai
20679,Hyderabad
20680,Pune
20681,Mumbai
20682,Hyderabad
20683,Mumbai
20684,Mumbai
20685,Hyderabad
20686,Bengaluru
20687,Mumbai
20688,Bengaluru
20689,Hyderabad
20690,Pune
20691,Bengaluru
20692,Pune
20693,Mumbai
20694,Hyderabad
20695,Mumbai
20696,Mumbai
20697,Hyderabad
20698,Hyderabad
20699,Bengaluru
20700,Hyderabad
20701,Hyderabad
20702,Mumbai
20703,Mumbai
20704,Mumbai
20705,Bengaluru
20706,Bengaluru
20707,Bengaluru
20708,Bengaluru
20709,Mumbai
20710,Mumbai
20711,Mumbai
20712,Bengaluru
20713,Bengaluru
20714,Bengaluru
20715,Hyderabad
20716,Pune
20717,Pune
20718,Pune
20719,Pune
20720,Bengaluru
20721,Bengaluru
20722,Bengaluru
20723,Hyderabad
20724,Hyderabad
20725,Hyderabad
20726,Pune
20727,Pune
20728,Bengaluru
20729,Bengaluru
20730,Hyderabad
20731,Bengaluru
20732,Delhi
20733,Mumbai
20734,Delhi
20735,Pune
20736,Bengaluru
20737,Delhi
20738,Bengaluru
20739,Mumbai
20740,Hyderabad
20741,Delhi
20742,Delhi
20743,Mumbai
20744,Bengaluru
20745,Hyderabad
20746,Hyderabad
20747,Bengaluru
20748,Pune
20749,Delhi
20750,Pune
20751,Hyderabad
20752,Mumbai
20753,Mumbai
20754,Delhi
20755,Delhi
20756,Pune
20757,Hyderabad
20758,Delhi
20759,Bengaluru
20760,Bengaluru
20761,Bengaluru
20762,Mumbai
20763,Bengaluru
20764,Pune
20765,Pune
20766,Mumbai
20767,Bengaluru
20768,Delhi
20769,Delhi
20770,Delhi
20771,Hyderabad
20772,Pune
20773,Pune
20774,Bengaluru
20775,Delhi
20776,Bengaluru
20777,Bengaluru
20778,Pune
20779,Pune
20780,Pune
20781,Pune
20782,Delhi
20783,Bengaluru
20784,Bengaluru
20785,Bengaluru
20786,Pune
20787,Delhi
20788,Delhi
20789,Bengaluru
20790,Bengaluru
20791,Mumbai
20792,Delhi
20793,Bengaluru
20794,Pune
20795,Hyderabad
20796,Delhi
20797,Bengaluru
20798,Pune
20799,Hyderabad
20800,Hyderabad
20801,Delhi
20802,Hyderabad
20803,Pune
20804,Bengaluru
20805,Hyderabad
20806,Hyderabad
20807,Bengaluru
20808,Delhi
20809,Hyderabad
20810,Mumbai
20811,Pune
20812,Pune
20813,Hyderabad
20814,Mumbai
20815,Delhi
20816,Hyderabad
20817,Mumbai
20818,Pune
20819,Hyderabad
20820,Hyderabad
20821,Hyderabad
20822,Hyderabad
20823,Pune
20824,Mumbai
20825,Pune
20826,Hyderabad
20827,Pune
20828,Bengaluru
20829,Hyderabad
20830,Mumbai
20831,Hyderabad
20832,Pune
20833,Hyderabad
20834,Hyderabad
20835,Hyderabad
20836,Hyderabad
20837,Bengaluru
20838,Pune
20839,Hyderabad
20840,Pune
20841,Hyderabad
20842,Bengaluru
20843,Delhi
20844,Bengaluru
20845,Delhi
20846,Hyderabad
20847,Pune
20848,Mumbai
20849,Delhi
20850,Pune
20851,Bengaluru
20852,Hyderabad
20853,Pune
20854,Pune
20855,Bengaluru
20856,Hyderabad
20857,Mumbai
20858,Mumbai
20859,Bengaluru
20860,Bengaluru
20861,Mumbai
20862,Pune
20863,Delhi
20864,Pune
20865,Hyderabad
20866,Hyderabad
20867,Hyderabad
20868,Mumbai
20869,Pune
20870,Bengaluru
20871,Delhi
20872,Bengaluru
20873,Hyderabad
20874,Bengaluru
20875,Hyderabad
20876,Delhi
20877,Mumbai
20878,Bengaluru
20879,Pune
20880,Delhi
20881,Delhi
20882,Hyderabad
20883,Delhi
20884,Bengaluru
20885,Pune
20886,Pune
20887,Pune
20888,Delhi
20889,Bengaluru
20890,Mumbai
20891,Pune
20892,Delhi
20893,Pune
20894,Hyderabad
20895,Mumbai
20896,Bengaluru
20897,Bengaluru
20898,Hyderabad
20899,Hyderabad
20900,Mumbai
20901,Delhi
20902,Bengaluru
20903,Hyderabad
20904,Hyderabad
20905,Pune
20906,Mumbai
20907,Pune
20908,Delhi
20909,Mumbai
20910,Mumbai
20911,Mumbai
20912,Hyderabad
20913,Pune
20914,Delhi
20915,Hyderabad
20916,Hyderabad
20917,Bengaluru
20918,Pune
20919,Bengaluru
20920,Delhi
20921,Delhi
20922,Delhi
20923,Mumbai
20924,Bengaluru
20925,Hyderabad
20926,Delhi
20927,Delhi
20928,Delhi
20929,Pune
20930,Bengaluru
20931,Delhi
20932,Pune
20933,Hyderabad
20934,Mumbai
20935,Bengaluru
20936,Hyderabad
20937,Mumbai
20938,Mumbai
20939,Delhi
20940,Pune
20941,Bengaluru
20942,Hyderabad
20943,Bengaluru
20944,Bengaluru
20945,Bengaluru
20946,Pune
20947,Mumbai
20948,Delhi
20949,Pune
20950,Delhi
20951,Bengaluru
20952,Pune
20953,Mumbai
20954,Mumbai
20955,Mumbai
20956,Delhi
20957,Pune
20958,Mumbai
20959,Hyderabad
20960,Mumbai
20961,Hyderabad
20962,Hyderabad
20963,Delhi
20964,Delhi
20965,Bengaluru
20966,Bengaluru
20967,Bengaluru
20968,Pune
20969,Hyderabad
20970,Hyderabad
20971,Mumbai
20972,Mumbai
20973,Delhi
20974,Pune
20975,Mumbai
20976,Bengaluru
20977,Mumbai
20978,Pune
20979,Bengaluru
20980,Pune
20981,Hyderabad
20982,Delhi
20983,Bengaluru
20984,Pune
20985,Bengaluru
20986,Bengaluru
20987,Delhi
20988,Hyderabad
20989,Bengaluru
20990,Bengaluru
20991,Bengaluru
20992,Hyderabad
20993,Delhi
20994,Bengaluru
20995,Hyderabad
20996,Mumbai
20997,Pune
20998,Bengaluru
20999,Bengaluru
21000,Delhi
21001,Mumbai
21002,Pune
21003,Bengaluru
21004,Bengaluru
21005,Delhi
21006,Mumbai
21007,Pune
21008,Bengaluru
21009,Hyderabad
21010,Mumbai
21011,Mumbai
21012,Bengaluru
21013,Bengaluru
21014,Pune
21015,Bengaluru
21016,Pune
21017,Hyderabad
21018,Delhi
21019,Bengaluru
21020,Bengaluru
21021,Pune
21022,Delhi
21023,Bengaluru
21024,Hyderabad
21025,Hyderabad
21026,Delhi
21027,Hyderabad
21028,Delhi
21029,Delhi
21030,Mumbai
21031,Mumbai
21032,Hyderabad
21033,Hyderabad
21034,Pune
21035,Pune
21036,Hyderabad
21037,Hyderabad
21038,Hyderabad
21039,Mumbai
21040,Pune
21041,Delhi
21042,Mumbai
21043,Hyderabad
21044,Delhi
21045,Delhi
21046,Pune
21047,Bengaluru
21048,Pune
21049,Bengaluru
21050,Hyderabad
21051,Hyderabad
21052,Mumbai
21053,Pune
21054,Mumbai
21055,Delhi
21056,Hyderabad
21057,Bengaluru
21058,Mumbai
21059,Bengaluru
21060,Bengaluru
21061,Delhi
21062,Delhi
21063,Bengaluru
21064,Mumbai
21065,Delhi
21066,Hyderabad
21067,Hyderabad
21068,Pune
21069,Mumbai
21070,Mumbai
21071,Bengaluru
21072,Pune
21073,Delhi
21074,Mumbai
21075,Delhi
21076,Pune
21077,Delhi
21078,Hyderabad
21079,Mumbai
21080,Delhi
21081,Mumbai
21082,Pune
21083,Hyderabad
21084,Bengaluru
21085,Pune
21086,Delhi
21087,Hyderabad
21088,Pune
21089,Bengaluru
21090,Pune
21091,Pune
21092,Mumbai
21093,Hyderabad
21094,Hyderabad
21095,Mumbai
21096,Delhi
21097,Delhi
21098,Hyderabad
21099,Hyderabad
21100,Mumbai
21101,Hyderabad
21102,Delhi
21103,Mumbai
21104,Delhi
21105,Mumbai
21106,Pune
21107,Delhi
21108,Pune
21109,Mumbai
21110,Hyderabad
21111,Bengaluru
21112,Delhi
21113,Delhi
21114,Bengaluru
21115,Pune
21116,Pune
21117,Delhi
21118,Bengaluru
21119,Pune
21120,Delhi
21121,Pune
21122,Hyderabad
21123,Delhi
21124,Delhi
21125,Bengaluru
21126,Delhi
21127,Pune
21128,Mumbai
21129,Mumbai
21130,Hyderabad
21131,Mumbai
21132,Bengaluru
21133,Hyderabad
21134,Bengaluru
21135,Hyderabad
21136,Delhi
21137,Delhi
21138,Bengaluru
21139,Bengaluru
21140,Pune
21141,Delhi
21142,Bengaluru
21143,Hyderabad
21144,Bengaluru
21145,Mumbai
21146,Bengaluru
21147,Bengaluru
21148,Bengaluru
21149,Pune
21150,Hyderabad
21151,Pune
21152,Bengaluru
21153,Hyderabad
21154,Bengaluru
21155,Mumbai
21156,Delhi
21157,Delhi
21158,Pune
21159,Pune
21160,Bengaluru
21161,Mumbai
21162,Mumbai
21163,Bengaluru
21164,Pune
21165,Hyderabad
21166,Delhi
21167,Mumbai
21168,Delhi
21169,Delhi
21170,Bengaluru
21171,Mumbai
21172,Bengaluru
21173,Bengaluru
21174,Mumbai
21175,Mumbai
21176,Pune
21177,Delhi
21178,Hyderabad
21179,Delhi
21180,Bengaluru
21181,Bengaluru
21182,Mumbai
21183,Pune
21184,Bengaluru
21185,Bengaluru
21186,Delhi
21187,Bengaluru
21188,Delhi
21189,Mumbai
21190,Mumbai
21191,Delhi
21192,Hyderabad
21193,Delhi
21194,Pune
21195,Hyderabad
21196,Delhi
21197,Bengaluru
21198,Pune
21199,Delhi
21200,Bengaluru
21201,Pune
21202,Bengaluru
21203,Pune
21204,Mumbai
21205,Mumbai
21206,Pune
21207,Hyderabad
21208,Hyderabad
21209,Bengaluru
21210,Delhi
21211,Hyderabad
21212,Delhi
21213,Bengaluru
21214,Mumbai
21215,Bengaluru
21216,Bengaluru
21217,Bengaluru
21218,Pune
21219,Delhi
21220,Hyderabad
21221,Mumbai
21222,Delhi
21223,Bengaluru
21224,Mumbai
21225,Hyderabad
21226,Bengaluru
21227,Bengaluru
21228,Delhi
21229,Delhi
21230,Mumbai
21231,Bengaluru
21232,Mumbai
21233,Pune
21234,Bengaluru
21235,Hyderabad
21236,Hyderabad
21237,Delhi
21238,Bengaluru
21239,Bengaluru
21240,Hyderabad
21241,Delhi
21242,Hyderabad
21243,Bengaluru
21244,Mumbai
21245,Delhi
21246,Hyderabad
21247,Hyderabad
21248,Mumbai
21249,Hyderabad
21250,Delhi
21251,Delhi
21252,Mumbai
21253,Delhi
21254,Hyderabad
21255,Delhi
21256,Mumbai
21257,Bengaluru
21258,Delhi
21259,Pune
21260,Bengaluru
21261,Bengaluru
21262,Bengaluru
21263,Pune
21264,Pune
21265,Hyderabad
21266,Hyderabad
21267,Bengaluru
21268,Bengaluru
21269,Pune
21270,Hyderabad
21271,Pune
21272,Hyderabad
21273,Bengaluru
21274,Bengaluru
21275,Hyderabad
21276,Pune
21277,Pune
21278,Pune
21279,Delhi
21280,Bengaluru
21281,Mumbai
21282,Pune
21283,Hyderabad
21284,Delhi
21285,Mumbai
21286,Mumbai
21287,Mumbai
21288,Hyderabad
21289,Delhi
21290,Delhi
21291,Hyderabad
21292,Delhi
21293,Mumbai
21294,Bengaluru
21295,Bengaluru
21296,Pune
21297,Pune
21298,Pune
21299,Pune
21300,Mumbai
21301,Delhi
21302,Delhi
21303,Bengaluru
21304,Mumbai
21305,Mumbai
21306,Delhi
21307,Bengaluru
21308,Bengaluru
21309,Pune
21310,Mumbai
21311,Pune
21312,Delhi
21313,Delhi
21314,Mumbai
21315,Pune
21316,Mumbai
21317,Delhi
21318,Bengaluru
21319,Pune
21320,Hyderabad
21321,Delhi
21322,Mumbai
21323,Hyderabad
21324,Bengaluru
21325,Mumbai
21326,Hyderabad
21327,Mumbai
21328,Mumbai
21329,Mumbai
21330,Delhi
21331,Delhi
21332,Bengaluru
21333,Bengaluru
21334,Bengaluru
21335,Bengaluru
21336,Hyderabad
21337,Bengaluru
21338,Pune
21339,Bengaluru
21340,Delhi
21341,Mumbai
21342,Bengaluru
21343,Hyderabad
21344,Hyderabad
21345,Pune
21346,Hyderabad
21347,Delhi
21348,Mumbai
21349,Bengaluru
21350,Mumbai
21351,Bengaluru
21352,Bengaluru
21353,Pune
21354,Pune
21355,Pune
21356,Mumbai
21357,Mumbai
21358,Hyderabad
21359,Bengaluru
21360,Delhi
21361,Delhi
21362,Pune
21363,Delhi
21364,Hyderabad
21365,Hyderabad
21366,Hyderabad
21367,Pune
21368,Delhi
21369,Hyderabad
21370,Mumbai
21371,Bengaluru
21372,Mumbai
21373,Hyderabad
21374,Hyderabad
21375,Pune
21376,Delhi
21377,Mumbai
21378,Pune
21379,Bengaluru
21380,Mumbai
21381,Mumbai
21382,Pune
21383,Mumbai
21384,Bengaluru
21385,Mumbai
21386,Pune
21387,Delhi
21388,Delhi
21389,Hyderabad
21390,Mumbai
21391,Bengaluru
21392,Delhi
21393,Pune
21394,Pune
21395,Bengaluru
21396,Hyderabad
21397,Mumbai
21398,Bengaluru
21399,Pune
21400,Bengaluru
21401,Bengaluru
21402,Delhi
21403,Mumbai
21404,Mumbai
21405,Hyderabad
21406,Bengaluru
21407,Mumbai
21408,Mumbai
21409,Pune
21410,Mumbai
21411,Bengaluru
21412,Hyderabad
21413,Mumbai
21414,Bengaluru
21415,Delhi
21416,Hyderabad
21417,Bengaluru
21418,Hyderabad
21419,Hyderabad
21420,Pune
21421,Bengaluru
21422,Delhi
21423,Hyderabad
21424,Bengaluru
21425,Pune
21426,Bengaluru
21427,Bengaluru
21428,Hyderabad
21429,Pune
21430,Mumbai
21431,Hyderabad
21432,Delhi
21433,Delhi
21434,Hyderabad
21435,Hyderabad
21436,Bengaluru
21437,Hyderabad
21438,Delhi
21439,Hyderabad
21440,Pune
21441,Pune
21442,Mumbai
21443,Bengaluru
21444,Pune
21445,Hyderabad
21446,Hyderabad
21447,Bengaluru
21448,Bengaluru
21449,Delhi
21450,Mumbai
21451,Pune
21452,Hyderabad
21453,Hyderabad
21454,Mumbai
21455,Bengaluru
21456,Hyderabad
21457,Pune
21458,Hyderabad
21459,Mumbai
21460,Hyderabad
21461,Hyderabad
21462,Pune
21463,Mumbai
21464,Hyderabad
21465,Delhi
21466,Delhi
21467,Delhi
21468,Bengaluru
21469,Bengaluru
21470,Hyderabad
21471,Mumbai
21472,Mumbai
21473,Pune
21474,Mumbai
21475,Bengaluru
21476,Bengaluru
21477,Mumbai
21478,Hyderabad
21479,Mumbai
21480,Hyderabad
21481,Delhi
21482,Hyderabad
21483,Mumbai
21484,Mumbai
21485,Mumbai
21486,Mumbai
21487,Bengaluru
21488,Delhi
21489,Bengaluru
21490,Delhi
21491,Delhi
21492,Pune
21493,Delhi
21494,Mumbai
21495,Mumbai
21496,Hyderabad
21497,Bengaluru
21498,Bengaluru
21499,Pune
21500,Delhi
21501,Hyderabad
21502,Hyderabad
21503,Mumbai
21504,Bengaluru
21505,Mumbai
21506,Bengaluru
21507,Mumbai
21508,Bengaluru
21509,Mumbai
21510,Bengaluru
21511,Delhi
21512,Mumbai
21513,Mumbai
21514,Mumbai
21515,Mumbai
21516,Pune
21517,Pune
21518,Delhi
21519,Mumbai
21520,Bengaluru
21521,Mumbai
21522,Delhi
21523,Mumbai
21524,Bengaluru
21525,Mumbai
21526,Hyderabad
21527,Bengaluru
21528,Pune
21529,Delhi
21530,Bengaluru
21531,Pune
21532,Delhi
21533,Pune
21534,Mumbai
21535,Bengaluru
21536,Bengaluru
21537,Delhi
21538,Hyderabad
21539,Mumbai
21540,Pune
21541,Pune
21542,Pune
21543,Delhi
21544,Pune
21545,Hyderabad
21546,Bengaluru
21547,Hyderabad
21548,Hyderabad
21549,Mumbai
21550,Mumbai
21551,Bengaluru
21552,Bengaluru
21553,Mumbai
21554,Hyderabad
21555,Bengaluru
21556,Pune
21557,Bengaluru
21558,Pune
21559,Delhi
21560,Pune
21561,Hyderabad
21562,Bengaluru
21563,Mumbai
21564,Hyderabad
21565,Hyderabad
21566,Mumbai
21567,Bengaluru
21568,Bengaluru
21569,Delhi
21570,Mumbai
21571,Hyderabad
21572,Delhi
21573,Bengaluru
21574,Hyderabad
21575,Pune
21576,Pune
21577,Mumbai
21578,Mumbai
21579,Hyderabad
21580,Bengaluru
21581,Mumbai
21582,Bengaluru
21583,Pune
21584,Pune
21585,Bengaluru
21586,Hyderabad
21587,Bengaluru
21588,Delhi
21589,Pune
21590,Hyderabad
21591,Delhi
21592,Pune
21593,Pune
21594,Pune
21595,Bengaluru
21596,Pune
21597,Mumbai
21598,Pune
21599,Mumbai
21600,Bengaluru
21601,Hyderabad
21602,Hyderabad
21603,Pune
21604,Delhi
21605,Delhi
21606,Bengaluru
21607,Delhi
21608,Hyderabad
21609,Delhi
21610,Delhi
21611,Delhi
21612,Bengaluru
21613,Pune
21614,Pune
21615,Pune
21616,Mumbai
21617,Delhi
21618,Hyderabad
21619,Mumbai
21620,Mumbai
21621,Hyderabad
21622,Pune
21623,Delhi
21624,Bengaluru
21625,Delhi
21626,Hyderabad
21627,Pune
21628,Mumbai
21629,Pune
21630,Mumbai
21631,Mumbai
21632,Mumbai
21633,Pune
21634,Mumbai
21635,Pune
21636,Bengaluru
21637,Bengaluru
21638,Delhi
21639,Mumbai
21640,Delhi
21641,Mumbai
21642,Pune
21643,Mumbai
21644,Delhi
21645,Hyderabad
21646,Delhi
21647,Delhi
21648,Mumbai
21649,Bengaluru
21650,Hyderabad
21651,Hyderabad
21652,Bengaluru
21653,Hyderabad
21654,Pune
21655,Hyderabad
21656,Hyderabad
21657,Bengaluru
21658,Hyderabad
21659,Pune
21660,Mumbai
21661,Mumbai
21662,Delhi
21663,Bengaluru
21664,Hyderabad
21665,Hyderabad
21666,Pune
21667,Delhi
21668,Mumbai
21669,Mumbai
21670,Hyderabad
21671,Delhi
21672,Mumbai
21673,Mumbai
21674,Delhi
21675,Pune
21676,Mumbai
21677,Delhi
21678,Bengaluru
21679,Delhi
21680,Hyderabad
21681,Mumbai
21682,Mumbai
21683,Mumbai
21684,Delhi
21685,Mumbai
21686,Bengaluru
21687,Mumbai
21688,Bengaluru
21689,Bengaluru
21690,Delhi
21691,Hyderabad
21692,Pune
21693,Pune
21694,Bengaluru
21695,Delhi
21696,Delhi
21697,Delhi
21698,Pune
21699,Pune
21700,Hyderabad
21701,Delhi
21702,Pune
21703,Delhi
21704,Pune
21705,Pune
21706,Hyderabad
21707,Delhi
21708,Delhi
21709,Mumbai
21710,Delhi
21711,Mumbai
21712,Pune
21713,Delhi
21714,Hyderabad
21715,Pune
21716,Delhi
21717,Pune
21718,Pune
21719,Hyderabad
21720,Hyderabad
21721,Pune
21722,Bengaluru
21723,Pune
21724,Mumbai
21725,Delhi
21726,Mumbai
21727,Bengaluru
21728,Mumbai
21729,Delhi
21730,Delhi
21731,Delhi
21732,Bengaluru
21733,Hyderabad
21734,Bengaluru
21735,Hyderabad
21736,Delhi
21737,Hyderabad
21738,Delhi
21739,Hyderabad
21740,Bengaluru
21741,Delhi
21742,Mumbai
21743,Pune
21744,Hyderabad
21745,Mumbai
21746,Delhi
21747,Delhi
21748,Hyderabad
21749,Pune
21750,Pune
21751,Delhi
21752,Pune
21753,Mumbai
21754,Bengaluru
21755,Mumbai
21756,Bengaluru
21757,Pune
21758,Delhi
21759,Mumbai
21760,Mumbai
21761,Delhi
21762,Hyderabad
21763,Bengaluru
21764,Delhi
21765,Mumbai
21766,Pune
21767,Bengaluru
21768,Delhi
21769,Bengaluru
21770,Delhi
21771,Hyderabad
21772,Hyderabad
21773,Mumbai
21774,Mumbai
21775,Mumbai
21776,Pune
21777,Bengaluru
21778,Delhi
21779,Delhi
21780,Delhi
21781,Mumbai
21782,Bengaluru
21783,Pune
21784,Hyderabad
21785,Pune
21786,Mumbai
21787,Pune
21788,Mumbai
21789,Bengaluru
21790,Bengaluru
21791,Bengaluru
21792,Hyderabad
21793,Bengaluru
21794,Pune
21795,Hyderabad
21796,Delhi
21797,Mumbai
21798,Mumbai
21799,Bengaluru
21800,Bengaluru
21801,Delhi
21802,Hyderabad
21803,Pune
21804,Bengaluru
21805,Hyderabad
21806,Delhi
21807,Delhi
21808,Mumbai
21809,Mumbai
21810,Delhi
21811,Delhi
21812,Mumbai
21813,Pune
21814,Hyderabad
21815,Pune
21816,Delhi
21817,Delhi
21818,Pune
21819,Bengaluru
21820,Bengaluru
21821,Pune
21822,Mumbai
21823,Mumbai
21824,Bengaluru
21825,Hyderabad
21826,Pune
21827,Delhi
21828,Mumbai
21829,Mumbai
21830,Pune
21831,Pune
21832,Pune
21833,Mumbai
21834,Hyderabad
21835,Pune
21836,Pune
21837,Delhi
21838,Pune
21839,Mumbai
21840,Mumbai
21841,Pune
21842,Bengaluru
21843,Bengaluru
21844,Delhi
21845,Bengaluru
21846,Bengaluru
21847,Delhi
21848,Mumbai
21849,Pune
21850,Hyderabad
21851,Bengaluru
21852,Bengaluru
21853,Delhi
21854,Delhi
21855,Hyderabad
21856,Bengaluru
21857,Bengaluru
21858,Bengaluru
21859,Mumbai
21860,Pune
21861,Mumbai
21862,Mumbai
21863,Bengaluru
21864,Delhi
21865,Mumbai
21866,Delhi
21867,Pune
21868,Mumbai
21869,Bengaluru
21870,Pune
21871,Bengaluru
21872,Hyderabad
21873,Delhi
21874,Mumbai
21875,Hyderabad
21876,Bengaluru
21877,Mumbai
21878,Pune
21879,Hyderabad
21880,Bengaluru
21881,Pune
21882,Mumbai
21883,Bengaluru
21884,Mumbai
21885,Bengaluru
21886,Mumbai
21887,Pune
21888,Hyderabad
21889,Delhi
21890,Delhi
21891,Mumbai
21892,Hyderabad
21893,Pune
21894,Mumbai
21895,Bengaluru
21896,Hyderabad
21897,Mumbai
21898,Hyderabad
21899,Pune
21900,Mumbai
21901,Delhi
21902,Mumbai
21903,Delhi
21904,Hyderabad
21905,Delhi
21906,Mumbai
21907,Mumbai
21908,Mumbai
21909,Mumbai
21910,Mumbai
21911,Pune
21912,Mumbai
21913,Hyderabad
21914,Mumbai
21915,Hyderabad
21916,Hyderabad
21917,Hyderabad
21918,Mumbai
21919,Bengaluru
21920,Delhi
21921,Delhi
21922,Pune
21923,Mumbai
21924,Delhi
21925,Mumbai
21926,Mumbai
21927,Mumbai
21928,Pune
21929,Pune
21930,Bengaluru
21931,Hyderabad
21932,Delhi
21933,Bengaluru
21934,Pune
21935,Pune
21936,Bengaluru
21937,Bengaluru
21938,Hyderabad
21939,Pune
21940,Bengaluru
21941,Hyderabad
21942,Mumbai
21943,Pune
21944,Hyderabad
21945,Pune
21946,Bengaluru
21947,Hyderabad
21948,Mumbai
21949,Mumbai
21950,Pune
21951,Bengaluru
21952,Bengaluru
21953,Bengaluru
21954,Pune
21955,Bengaluru
21956,Mumbai
21957,Pune
21958,Bengaluru
21959,Delhi
21960,Hyderabad
21961,Mumbai
21962,Hyderabad
21963,Hyderabad
21964,Mumbai
21965,Bengaluru
21966,Pune
21967,Pune
21968,Delhi
21969,Hyderabad
21970,Delhi
21971,Pune
21972,Pune
21973,Mumbai
21974,Delhi
21975,Pune
21976,Delhi
21977,Mumbai
21978,Mumbai
21979,Mumbai
21980,Mumbai
21981,Mumbai
21982,Mumbai
21983,Mumbai
21984,Hyderabad
21985,Bengaluru
21986,Bengaluru
21987,Hyderabad
21988,Delhi
21989,Delhi
21990,Mumbai
21991,Delhi
21992,Hyderabad
21993,Hyderabad
21994,Mumbai
21995,Mumbai
21996,Mumbai
21997,Delhi
21998,Pune
21999,Bengaluru
22000,Pune
22001,Mumbai
22002,Hyderabad
22003,Delhi
22004,Mumbai
22005,Delhi
22006,Bengaluru
22007,Pune
22008,Mumbai
22009,Pune
22010,Mumbai
22011,Bengaluru
22012,Bengaluru
22013,Hyderabad
22014,Bengaluru
22015,Delhi
22016,Pune
22017,Pune
22018,Delhi
22019,Bengaluru
22020,Mumbai
22021,Bengaluru
22022,Pune
22023,Delhi
22024,Mumbai
22025,Hyderabad
22026,Delhi
22027,Bengaluru
22028,Hyderabad
22029,Delhi
22030,Mumbai
22031,Bengaluru
22032,Bengaluru
22033,Mumbai
22034,Pune
22035,Mumbai
22036,Pune
22037,Bengaluru
22038,Hyderabad
22039,Delhi
22040,Pune
22041,Mumbai
22042,Hyderabad
22043,Pune
22044,Delhi
22045,Pune
22046,Bengaluru
22047,Delhi
22048,Delhi
22049,Pune
22050,Bengaluru
22051,Delhi
22052,Delhi
22053,Delhi
22054,Hyderabad
22055,Bengaluru
22056,Mumbai
22057,Bengaluru
22058,Delhi
22059,Bengaluru
22060,Pune
22061,Delhi
22062,Bengaluru
22063,Bengaluru
22064,Hyderabad
22065,Delhi
22066,Delhi
22067,Pune
22068,Delhi
22069,Bengaluru
22070,Hyderabad
22071,Bengaluru
22072,Hyderabad
22073,Pune
22074,Hyderabad
22075,Mumbai
22076,Hyderabad
22077,Delhi
22078,Pune
22079,Hyderabad
22080,Pune
22081,Delhi
22082,Mumbai
22083,Bengaluru
22084,Pune
22085,Bengaluru
22086,Mumbai
22087,Bengaluru
22088,Delhi
22089,Mumbai
22090,Pune
22091,Mumbai
22092,Bengaluru
22093,Bengaluru
22094,Hyderabad
22095,Pune
22096,Bengaluru
22097,Mumbai
22098,Bengaluru
22099,Mumbai
22100,Delhi
22101,Bengaluru
22102,Mumbai
22103,Hyderabad
22104,Mumbai
22105,Pune
22106,Hyderabad
22107,Pune
22108,Pune
22109,Hyderabad
22110,Hyderabad
22111,Pune
22112,Pune
22113,Bengaluru
22114,Hyderabad
22115,Hyderabad
22116,Pune
22117,Mumbai
22118,Bengaluru
22119,Mumbai
22120,Pune
22121,Pune
22122,Pune
22123,Mumbai
22124,Bengaluru
22125,Hyderabad
22126,Mumbai
22127,Mumbai
22128,Pune
22129,Pune
22130,Bengaluru
22131,Pune
22132,Delhi
22133,Hyderabad
22134,Hyderabad
22135,Hyderabad
22136,Hyderabad
22137,Pune
22138,Hyderabad
22139,Pune
22140,Delhi
22141,Mumbai
22142,Mumbai
22143,Hyderabad
22144,Delhi
22145,Mumbai
22146,Bengaluru
22147,Hyderabad
22148,Bengaluru
22149,Pune
22150,Delhi
22151,Delhi
22152,Mumbai
22153,Bengaluru
22154,Hyderabad
22155,Hyderabad
22156,Delhi
22157,Mumbai
22158,Mumbai
22159,Bengaluru
22160,Mumbai
22161,Bengaluru
22162,Mumbai
22163,Bengaluru
22164,Hyderabad
22165,Bengaluru
22166,Delhi
22167,Bengaluru
22168,Delhi
22169,Pune
22170,Pune
22171,Delhi
22172,Delhi
22173,Hyderabad
22174,Pune
22175,Delhi
22176,Pune
22177,Bengaluru
22178,Bengaluru
22179,Bengaluru
22180,Mumbai
22181,Pune
22182,Hyderabad
22183,Pune
22184,Pune
22185,Delhi
22186,Delhi
22187,Hyderabad
22188,Pune
22189,Pune
22190,Pune
22191,Delhi
22192,Hyderabad
22193,Pune
22194,Hyderabad
22195,Pune
22196,Delhi
22197,Bengaluru
22198,Pune
22199,Mumbai
22200,Pune
22201,Delhi
22202,Pune
22203,Bengaluru
22204,Delhi
22205,Delhi
22206,Bengaluru
22207,Bengaluru
22208,Pune
22209,Mumbai
22210,Delhi
22211,Delhi
22212,Mumbai
22213,Pune
22214,Mumbai
22215,Bengaluru
22216,Hyderabad
22217,Pune
22218,Delhi
22219,Hyderabad
22220,Pune
22221,Hyderabad
22222,Mumbai
22223,Pune
22224,Pune
22225,Bengaluru
22226,Bengaluru
22227,Hyderabad
22228,Delhi
22229,Mumbai
22230,Hyderabad
22231,Pune
22232,Mumbai
22233,Delhi
22234,Mumbai
22235,Bengaluru
22236,Delhi
22237,Hyderabad
22238,Pune
22239,Bengaluru
22240,Mumbai
22241,Delhi
22242,Delhi
22243,Bengaluru
22244,Mumbai
22245,Hyderabad
22246,Mumbai
22247,Pune
22248,Pune
22249,Mumbai
22250,Pune
22251,Delhi
22252,Mumbai
22253,Bengaluru
22254,Delhi
22255,Hyderabad
22256,Delhi
22257,Hyderabad
22258,Hyderabad
22259,Hyderabad
22260,Hyderabad
22261,Delhi
22262,Hyderabad
22263,Pune
22264,Delhi
22265,Delhi
22266,Pune
22267,Pune
22268,Mumbai
22269,Delhi
22270,Delhi
22271,Delhi
22272,Delhi
22273,Mumbai
22274,Delhi
22275,Delhi
22276,Bengaluru
22277,Delhi
22278,Hyderabad
22279,Bengaluru
22280,Pune
22281,Hyderabad
22282,Hyderabad
22283,Hyderabad
22284,Mumbai
22285,Hyderabad
22286,Mumbai
22287,Delhi
22288,Delhi
22289,Hyderabad
22290,Pune
22291,Delhi
22292,Mumbai
22293,Hyderabad
22294,Delhi
22295,Pune
22296,Delhi
22297,Bengaluru
22298,Hyderabad
22299,Hyderabad
22300,Mumbai
22301,Mumbai
22302,Mumbai
22303,Bengaluru
22304,Hyderabad
22305,Delhi
22306,Hyderabad
22307,Pune
22308,Mumbai
22309,Hyderabad
22310,Pune
22311,Mumbai
22312,Hyderabad
22313,Hyderabad
22314,Hyderabad
22315,Hyderabad
22316,Delhi
22317,Bengaluru
22318,Mumbai
22319,Mumbai
22320,Bengaluru
22321,Bengaluru
22322,Hyderabad
22323,Pune
22324,Mumbai
22325,Bengaluru
22326,Mumbai
22327,Bengaluru
22328,Pune
22329,Bengaluru
22330,Pune
22331,Delhi
22332,Delhi
22333,Hyderabad
22334,Delhi
22335,Mumbai
22336,Delhi
22337,Pune
22338,Delhi
22339,Delhi
22340,Pune
22341,Hyderabad
22342,Mumbai
22343,Mumbai
22344,Bengaluru
22345,Mumbai
22346,Bengaluru
22347,Bengaluru
22348,Delhi
22349,Delhi
22350,Hyderabad
22351,Pune
22352,Delhi
22353,Pune
22354,Bengaluru
22355,Mumbai
22356,Hyderabad
22357,Mumbai
22358,Hyderabad
22359,Bengaluru
22360,Bengaluru
22361,Mumbai
22362,Delhi
22363,Bengaluru
22364,Mumbai
22365,Bengaluru
22366,Mumbai
22367,Pune
22368,Delhi
22369,Pune
22370,Delhi
22371,Hyderabad
22372,Hyderabad
22373,Pune
22374,Mumbai
22375,Delhi
22376,Hyderabad
22377,Delhi
22378,Pune
22379,Bengaluru
22380,Hyderabad
22381,Pune
22382,Bengaluru
22383,Hyderabad
22384,Hyderabad
22385,Mumbai
22386,Bengaluru
22387,Delhi
22388,Delhi
22389,Hyderabad
22390,Delhi
22391,Mumbai
22392,Delhi
22393,Delhi
22394,Pune
22395,Pune
22396,Mumbai
22397,Bengaluru
22398,Bengaluru
22399,Mumbai
22400,Hyderabad
22401,Hyderabad
22402,Delhi
22403,Bengaluru
22404,Mumbai
22405,Delhi
22406,Mumbai
22407,Mumbai
22408,Pune
22409,Mumbai
22410,Mumbai
22411,Bengaluru
22412,Mumbai
22413,Mumbai
22414,Delhi
22415,Pune
22416,Delhi
22417,Mumbai
22418,Delhi
22419,Pune
22420,Mumbai
22421,Bengaluru
22422,Bengaluru
22423,Delhi
22424,Mumbai
22425,Pune
22426,Hyderabad
22427,Pune
22428,Hyderabad
22429,Pune
22430,Hyderabad
22431,Bengaluru
22432,Bengaluru
22433,Hyderabad
22434,Delhi
22435,Mumbai
22436,Hyderabad
22437,Delhi
22438,Pune
22439,Hyderabad
22440,Bengaluru
22441,Mumbai
22442,Bengaluru
22443,Pune
22444,Pune
22445,Delhi
22446,Bengaluru
22447,Pune
22448,Delhi
22449,Mumbai
22450,Bengaluru
22451,Delhi
22452,Mumbai
22453,Delhi
22454,Bengaluru
22455,Mumbai
22456,Mumbai
22457,Hyderabad
22458,Delhi
22459,Bengaluru
22460,Mumbai
22461,Mumbai
22462,Hyderabad
22463,Hyderabad
22464,Delhi
22465,Pune
22466,Pune
22467,Delhi
22468,Mumbai
22469,Pune
22470,Delhi
22471,Mumbai
22472,Mumbai
22473,Mumbai
22474,Mumbai
22475,Hyderabad
22476,Mumbai
22477,Hyderabad
22478,Mumbai
22479,Bengaluru
22480,Mumbai
22481,Bengaluru
22482,Mumbai
22483,Delhi
22484,Pune
22485,Hyderabad
22486,Bengaluru
22487,Mumbai
22488,Mumbai
22489,Bengaluru
22490,Mumbai
22491,Bengaluru
22492,Mumbai
22493,Mumbai
22494,Delhi
22495,Pune
22496,Pune
22497,Pune
22498,Bengaluru
22499,Bengaluru
22500,Pune
22501,Pune
22502,Delhi
22503,Bengaluru
22504,Pune
22505,Pune
22506,Mumbai
22507,Pune
22508,Hyderabad
22509,Hyderabad
22510,Delhi
22511,Delhi
22512,Mumbai
22513,Bengaluru
22514,Mumbai
22515,Delhi
22516,Delhi
22517,Mumbai
22518,Bengaluru
22519,Bengaluru
22520,Mumbai
22521,Mumbai
22522,Hyderabad
22523,Hyderabad
22524,Delhi
22525,Pune
22526,Mumbai
22527,Mumbai
22528,Bengaluru
22529,Mumbai
22530,Delhi
22531,Mumbai
22532,Bengaluru
22533,Mumbai
22534,Hyderabad
22535,Delhi
22536,Pune
22537,Bengaluru
22538,Hyderabad
22539,Bengaluru
22540,Bengaluru
22541,Pune
22542,Mumbai
22543,Mumbai
22544,Mumbai
22545,Delhi
22546,Bengaluru
22547,Delhi
22548,Bengaluru
22549,Pune
22550,Pune
22551,Delhi
22552,Hyderabad
22553,Pune
22554,Bengaluru
22555,Pune
22556,Pune
22557,Delhi
22558,Delhi
22559,Pune
22560,Bengaluru
22561,Hyderabad
22562,Hyderabad
22563,Mumbai
22564,Delhi
22565,Bengaluru
22566,Pune
22567,Delhi
22568,Hyderabad
22569,Mumbai
22570,Hyderabad
22571,Pune
22572,Mumbai
22573,Pune
22574,Mumbai
22575,Delhi
22576,Hyderabad
22577,Bengaluru
22578,Mumbai
22579,Mumbai
22580,Delhi
22581,Hyderabad
22582,Bengaluru
22583,Hyderabad
22584,Delhi
22585,Pune
22586,Pune
22587,Hyderabad
22588,Delhi
22589,Delhi
22590,Hyderabad
22591,Mumbai
22592,Mumbai
22593,Pune
22594,Mumbai
22595,Mumbai
22596,Pune
22597,Hyderabad
22598,Bengaluru
22599,Mumbai
22600,Bengaluru
22601,Mumbai
22602,Bengaluru
22603,Bengaluru
22604,Bengaluru
22605,Bengaluru
22606,Hyderabad
22607,Pune
22608,Hyderabad
22609,Bengaluru
22610,Mumbai
22611,Delhi
22612,Hyderabad
22613,Pune
22614,Hyderabad
22615,Bengaluru
22616,Bengaluru
22617,Pune
22618,Bengaluru
22619,Pune
22620,Delhi
22621,Bengaluru
22622,Mumbai
22623,Hyderabad
22624,Mumbai
22625,Delhi
22626,Bengaluru
22627,Hyderabad
22628,Hyderabad
22629,Hyderabad
22630,Delhi
22631,Delhi
22632,Mumbai
22633,Hyderabad
22634,Delhi
22635,Bengaluru
22636,Pune
22637,Bengaluru
22638,Mumbai
22639,Mumbai
22640,Mumbai
22641,Pune
22642,Pune
22643,Delhi
22644,Mumbai
22645,Mumbai
22646,Hyderabad
22647,Pune
22648,Mumbai
22649,Mumbai
22650,Bengaluru
22651,Delhi
22652,Delhi
22653,Mumbai
22654,Mumbai
22655,Bengaluru
22656,Pune
22657,Mumbai
22658,Pune
22659,Delhi
22660,Delhi
22661,Hyderabad
22662,Pune
22663,Mumbai
22664,Mumbai
22665,Bengaluru
22666,Hyderabad
22667,Mumbai
22668,Mumbai
22669,Delhi
22670,Delhi
22671,Delhi
22672,Pune
22673,Bengaluru
22674,Delhi
22675,Hyderabad
22676,Hyderabad
22677,Pune
22678,Hyderabad
22679,Hyderabad
22680,Hyderabad
22681,Delhi
22682,Bengaluru
22683,Delhi
22684,Pune
22685,Bengaluru
22686,Mumbai
22687,Bengaluru
22688,Delhi
22689,Hyderabad
22690,Pune
22691,Hyderabad
22692,Delhi
22693,Bengaluru
22694,Hyderabad
22695,Delhi
22696,Mumbai
22697,Pune
22698,Pune
22699,Delhi
22700,Hyderabad
22701,Mumbai
22702,Pune
22703,Pune
22704,Mumbai
22705,Mumbai
22706,Hyderabad
22707,Delhi
22708,Pune
22709,Mumbai
22710,Delhi
22711,Mumbai
22712,Pune
22713,Pune
22714,Pune
22715,Delhi
22716,Mumbai
22717,Mumbai
22718,Delhi
22719,Hyderabad
22720,Mumbai
22721,Bengaluru
22722,Pune
22723,Bengaluru
22724,Pune
22725,Delhi
22726,Hyderabad
22727,Bengaluru
22728,Mumbai
22729,Hyderabad
22730,Mumbai
22731,Bengaluru
22732,Delhi
22733,Hyderabad
22734,Mumbai
22735,Mumbai
22736,Hyderabad
22737,Delhi
22738,Bengaluru
22739,Bengaluru
22740,Delhi
22741,Pune
22742,Mumbai
22743,Bengaluru
22744,Mumbai
22745,Hyderabad
22746,Delhi
22747,Delhi
22748,Hyderabad
22749,Pune
22750,Mumbai
22751,Pune
22752,Mumbai
22753,Pune
22754,Mumbai
22755,Pune
22756,Mumbai
22757,Hyderabad
22758,Delhi
22759,Mumbai
22760,Bengaluru
22761,Pune
22762,Pune
22763,Bengaluru
22764,Delhi
22765,Delhi
22766,Hyderabad
22767,Hyderabad
22768,Bengaluru
22769,Hyderabad
22770,Delhi
22771,Bengaluru
22772,Mumbai
22773,Mumbai
22774,Bengaluru
22775,Mumbai
22776,Hyderabad
22777,Bengaluru
22778,Bengaluru
22779,Delhi
22780,Hyderabad
22781,Hyderabad
22782,Mumbai
22783,Mumbai
22784,Bengaluru
22785,Bengaluru
22786,Mumbai
22787,Mumbai
22788,Bengaluru
22789,Mumbai
22790,Bengaluru
22791,Delhi
22792,Delhi
22793,Hyderabad
22794,Bengaluru
22795,Delhi
22796,Hyderabad
22797,Mumbai
22798,Pune
22799,Hyderabad
22800,Pune
22801,Hyderabad
22802,Pune
22803,Pune
22804,Delhi
22805,Bengaluru
22806,Bengaluru
22807,Hyderabad
22808,Bengaluru
22809,Hyderabad
22810,Delhi
22811,Delhi
22812,Hyderabad
22813,Hyderabad
22814,Bengaluru
22815,Pune
22816,Delhi
22817,Delhi
22818,Mumbai
22819,Bengaluru
22820,Bengaluru
22821,Pune
22822,Mumbai
22823,Hyderabad
22824,Hyderabad
22825,Pune
22826,Pune
22827,Hyderabad
22828,Pune
22829,Mumbai
22830,Delhi
22831,Hyderabad
22832,Delhi
22833,Pune
22834,Pune
22835,Delhi
22836,Pune
22837,Delhi
22838,Bengaluru
22839,Hyderabad
22840,Pune
22841,Mumbai
22842,Mumbai
22843,Delhi
22844,Mumbai
22845,Bengaluru
22846,Hyderabad
22847,Mumbai
22848,Pune
22849,Mumbai
22850,Mumbai
22851,Bengaluru
22852,Mumbai
22853,Mumbai
22854,Bengaluru
22855,Delhi
22856,Bengaluru
22857,Bengaluru
22858,Delhi
22859,Mumbai
22860,Hyderabad
22861,Delhi
22862,Hyderabad
22863,Mumbai
22864,Bengaluru
22865,Delhi
22866,Pune
22867,Hyderabad
22868,Hyderabad
22869,Bengaluru
22870,Bengaluru
22871,Pune
22872,Hyderabad
22873,Pune
22874,Mumbai
22875,Pune
22876,Hyderabad
22877,Hyderabad
22878,Hyderabad
22879,Hyderabad
22880,Delhi
22881,Hyderabad
22882,Hyderabad
22883,Bengaluru
22884,Mumbai
22885,Hyderabad
22886,Mumbai
22887,Bengaluru
22888,Hyderabad
22889,Bengaluru
22890,Bengaluru
22891,Mumbai
22892,Pune
22893,Pune
22894,Pune
22895,Bengaluru
22896,Mumbai
22897,Bengaluru
22898,Bengaluru
22899,Bengaluru
22900,Delhi
22901,Mumbai
22902,Mumbai
22903,Hyderabad
22904,Delhi
22905,Mumbai
22906,Hyderabad
22907,Pune
22908,Mumbai
22909,Bengaluru
22910,Bengaluru
22911,Delhi
22912,Bengaluru
22913,Delhi
22914,Mumbai
22915,Delhi
22916,Mumbai
22917,Hyderabad
22918,Mumbai
22919,Hyderabad
22920,Bengaluru
22921,Delhi
22922,Hyderabad
22923,Mumbai
22924,Pune
22925,Hyderabad
22926,Mumbai
22927,Hyderabad
22928,Hyderabad
22929,Bengaluru
22930,Bengaluru
22931,Pune
22932,Pune
22933,Hyderabad
22934,Pune
22935,Mumbai
22936,Pune
22937,Pune
22938,Mumbai
22939,Mumbai
22940,Mumbai
22941,Hyderabad
22942,Mumbai
22943,Hyderabad
22944,Hyderabad
22945,Pune
22946,Mumbai
22947,Mumbai
22948,Pune
22949,Pune
22950,Bengaluru
22951,Hyderabad
22952,Delhi
22953,Bengaluru
22954,Hyderabad
22955,Pune
22956,Mumbai
22957,Pune
22958,Pune
22959,Bengaluru
22960,Mumbai
22961,Pune
22962,Hyderabad
22963,Delhi
22964,Bengaluru
22965,Bengaluru
22966,Bengaluru
22967,Mumbai
22968,Mumbai
22969,Hyderabad
22970,Mumbai
22971,Mumbai
22972,Mumbai
22973,Hyderabad
22974,Mumbai
22975,Bengaluru
22976,Hyderabad
22977,Hyderabad
22978,Mumbai
22979,Delhi
22980,Mumbai
22981,Pune
22982,Hyderabad
22983,Bengaluru
22984,Hyderabad
22985,Pune
22986,Delhi
22987,Bengaluru
22988,Pune
22989,Pune
22990,Pune
22991,Pune
22992,Bengaluru
22993,Bengaluru
22994,Pune
22995,Delhi
22996,Hyderabad
22997,Mumbai
22998,Bengaluru
22999,Hyderabad
23000,Hyderabad
23001,Bengaluru
23002,Delhi
23003,Mumbai
23004,Bengaluru
23005,Hyderabad
23006,Mumbai
23007,Pune
23008,Hyderabad
23009,Pune
23010,Pune
23011,Bengaluru
23012,Pune
23013,Hyderabad
23014,Bengaluru
23015,Delhi
23016,Hyderabad
23017,Pune
23018,Hyderabad
23019,Hyderabad
23020,Mumbai
23021,Hyderabad
23022,Delhi
23023,Delhi
23024,Pune
23025,Mumbai
23026,Bengaluru
23027,Mumbai
23028,Pune
23029,Pune
23030,Delhi
23031,Pune
23032,Hyderabad
23033,Pune
23034,Mumbai
23035,Hyderabad
23036,Delhi
23037,Hyderabad
23038,Bengaluru
23039,Mumbai
23040,Delhi
23041,Pune
23042,Mumbai
23043,Delhi
23044,Hyderabad
23045,Hyderabad
23046,Hyderabad
23047,Hyderabad
23048,Mumbai
23049,Delhi
23050,Delhi
23051,Mumbai
23052,Hyderabad
23053,Delhi
23054,Pune
23055,Bengaluru
23056,Pune
23057,Delhi
23058,Mumbai
23059,Hyderabad
23060,Hyderabad
23061,Bengaluru
23062,Pune
23063,Delhi
23064,Pune
23065,Mumbai
23066,Hyderabad
23067,Pune
23068,Pune
23069,Hyderabad
23070,Delhi
23071,Bengaluru
23072,Pune
23073,Hyderabad
23074,Hyderabad
23075,Pune
23076,Pune
23077,Bengaluru
23078,Hyderabad
23079,Bengaluru
23080,Hyderabad
23081,Hyderabad
23082,Pune
23083,Delhi
23084,Pune
23085,Delhi
23086,Hyderabad
23087,Delhi
23088,Hyderabad
23089,Hyderabad
23090,Delhi
23091,Pune
23092,Delhi
23093,Bengaluru
23094,Hyderabad
23095,Mumbai
23096,Hyderabad
23097,Hyderabad
23098,Delhi
23099,Bengaluru
23100,Pune
23101,Pune
23102,Mumbai
23103,Delhi
23104,Pune
23105,Hyderabad
23106,Delhi
23107,Mumbai
23108,Pune
23109,Hyderabad
23110,Hyderabad
23111,Hyderabad
23112,Bengaluru
23113,Pune
23114,Delhi
23115,Hyderabad
23116,Hyderabad
23117,Bengaluru
23118,Delhi
23119,Delhi
23120,Delhi
23121,Bengaluru
23122,Hyderabad
23123,Mumbai
23124,Hyderabad
23125,Pune
23126,Bengaluru
23127,Delhi
23128,Mumbai
23129,Bengaluru
23130,Bengaluru
23131,Mumbai
23132,Pune
23133,Mumbai
23134,Pune
23135,Bengaluru
23136,Pune
23137,Pune
23138,Delhi
23139,Hyderabad
23140,Hyderabad
23141,Bengaluru
23142,Bengaluru
23143,Hyderabad
23144,Mumbai
23145,Delhi
23146,Hyderabad
23147,Delhi
23148,Delhi
23149,Hyderabad
23150,Bengaluru
23151,Mumbai
23152,Bengaluru
23153,Hyderabad
23154,Hyderabad
23155,Hyderabad
23156,Hyderabad
23157,Mumbai
23158,Bengaluru
23159,Delhi
23160,Pune
23161,Delhi
23162,Hyderabad
23163,Hyderabad
23164,Mumbai
23165,Hyderabad
23166,Hyderabad
23167,Pune
23168,Delhi
23169,Bengaluru
23170,Hyderabad
23171,Delhi
23172,Pune
23173,Mumbai
23174,Bengaluru
23175,Mumbai
23176,Pune
23177,Delhi
23178,Bengaluru
23179,Bengaluru
23180,Bengaluru
23181,Mumbai
23182,Bengaluru
23183,Delhi
23184,Pune
23185,Pune
23186,Bengaluru
23187,Hyderabad
23188,Hyderabad
23189,Delhi
23190,Mumbai
23191,Bengaluru
23192,Delhi
23193,Pune
23194,Delhi
23195,Bengaluru
23196,Hyderabad
23197,Delhi
23198,Hyderabad
23199,Mumbai
23200,Pune
23201,Hyderabad
23202,Delhi
23203,Pune
23204,Pune
23205,Hyderabad
23206,Bengaluru
23207,Hyderabad
23208,Pune
23209,Bengaluru
23210,Bengaluru
23211,Hyderabad
23212,Pune
23213,Mumbai
23214,Pune
23215,Bengaluru
23216,Bengaluru
23217,Bengaluru
23218,Mumbai
23219,Pune
23220,Delhi
23221,Bengaluru
23222,Bengaluru
23223,Mumbai
23224,Delhi
23225,Delhi
23226,Delhi
23227,Delhi
23228,Mumbai
23229,Hyderabad
23230,Hyderabad
23231,Bengaluru
23232,Pune
23233,Pune
23234,Delhi
23235,Delhi
23236,Pune
23237,Hyderabad
23238,Pune
23239,Delhi
23240,Mumbai
23241,Delhi
23242,Bengaluru
23243,Pune
23244,Mumbai
23245,Mumbai
23246,Bengaluru
23247,Delhi
23248,Delhi
23249,Hyderabad
23250,Hyderabad
23251,Pune
23252,Pune
23253,Mumbai
23254,Delhi
23255,Pune
23256,Mumbai
23257,Mumbai
23258,Mumbai
23259,Bengaluru
23260,Hyderabad
23261,Bengaluru
23262,Delhi
23263,Mumbai
23264,Mumbai
23265,Delhi
23266,Pune
23267,Bengaluru
23268,Delhi
23269,Pune
23270,Delhi
23271,Pune
23272,Pune
23273,Delhi
23274,Hyderabad
23275,Delhi
23276,Delhi
23277,Delhi
23278,Hyderabad
23279,Mumbai
23280,Hyderabad
23281,Pune
23282,Delhi
23283,Mumbai
23284,Bengaluru
23285,Mumbai
23286,Hyderabad
23287,Mumbai
23288,Delhi
23289,Bengaluru
23290,Pune
23291,Bengaluru
23292,Mumbai
23293,Delhi
23294,Delhi
23295,Delhi
23296,Mumbai
23297,Bengaluru
23298,Mumbai
23299,Hyderabad
23300,Bengaluru
23301,Bengaluru
23302,Mumbai
23303,Pune
23304,Mumbai
23305,Mumbai
23306,Bengaluru
23307,Bengaluru
23308,Pune
23309,Mumbai
23310,Mumbai
23311,Pune
23312,Pune
23313,Mumbai
23314,Pune
23315,Delhi
23316,Hyderabad
23317,Hyderabad
23318,Mumbai
23319,Hyderabad
23320,Delhi
23321,Hyderabad
23322,Delhi
23323,Delhi
23324,Hyderabad
23325,Delhi
23326,Mumbai
23327,Mumbai
23328,Hyderabad
23329,Delhi
23330,Mumbai
23331,Delhi
23332,Mumbai
23333,Delhi
23334,Bengaluru
23335,Pune
23336,Bengaluru
23337,Hyderabad
23338,Delhi
23339,Pune
23340,Delhi
23341,Hyderabad
23342,Bengaluru
23343,Pune
23344,Bengaluru
23345,Bengaluru
23346,Delhi
23347,Bengaluru
23348,Hyderabad
23349,Bengaluru
23350,Delhi
23351,Delhi
23352,Hyderabad
23353,Bengaluru
23354,Delhi
23355,Pune
23356,Pune
23357,Delhi
23358,Delhi
23359,Pune
23360,Mumbai
23361,Delhi
23362,Mumbai
23363,Delhi
23364,Mumbai
23365,Delhi
23366,Pune
23367,Hyderabad
23368,Delhi
23369,Bengaluru
23370,Pune
23371,Bengaluru
23372,Delhi
23373,Hyderabad
23374,Delhi
23375,Hyderabad
23376,Pune
23377,Mumbai
23378,Delhi
23379,Delhi
23380,Hyderabad
23381,Mumbai
23382,Bengaluru
23383,Delhi
23384,Mumbai
23385,Pune
23386,Hyderabad
23387,Hyderabad
23388,Bengaluru
23389,Mumbai
23390,Mumbai
23391,Bengaluru
23392,Hyderabad
23393,Mumbai
23394,Pune
23395,Bengaluru
23396,Bengaluru
23397,Mumbai
23398,Mumbai
23399,Hyderabad
23400,Hyderabad
23401,Mumbai
23402,Pune
23403,Bengaluru
23404,Hyderabad
23405,Pune
23406,Hyderabad
23407,Hyderabad
23408,Mumbai
23409,Hyderabad
23410,Bengaluru
23411,Delhi
23412,Mumbai
23413,Pune
23414,Hyderabad
23415,Pune
23416,Mumbai
23417,Bengaluru
23418,Delhi
23419,Hyderabad
23420,Pune
23421,Mumbai
23422,Delhi
23423,Bengaluru
23424,Delhi
23425,Mumbai
23426,Bengaluru
23427,Pune
23428,Delhi
23429,Pune
23430,Delhi
23431,Mumbai
23432,Delhi
23433,Mumbai
23434,Pune
23435,Hyderabad
23436,Bengaluru
23437,Bengaluru
23438,Hyderabad
23439,Hyderabad
23440,Bengaluru
23441,Delhi
23442,Pune
23443,Pune
23444,Mumbai
23445,Delhi
23446,Delhi
23447,Pune
23448,Pune
23449,Bengaluru
23450,Pune
23451,Pune
23452,Pune
23453,Mumbai
23454,Hyderabad
23455,Pune
23456,Hyderabad
23457,Bengaluru
23458,Delhi
23459,Mumbai
23460,Mumbai
23461,Pune
23462,Mumbai
23463,Hyderabad
23464,Hyderabad
23465,Hyderabad
23466,Delhi
23467,Pune
23468,Pune
23469,Delhi
23470,Delhi
23471,Bengaluru
23472,Hyderabad
23473,Hyderabad
23474,Hyderabad
23475,Hyderabad
23476,Bengaluru
23477,Bengaluru
23478,Bengaluru
23479,Bengaluru
23480,Hyderabad
23481,Hyderabad
23482,Hyderabad
23483,Delhi
23484,Pune
23485,Mumbai
23486,Hyderabad
23487,Bengaluru
23488,Hyderabad
23489,Mumbai
23490,Delhi
23491,Mumbai
23492,Bengaluru
23493,Bengaluru
23494,Hyderabad
23495,Hyderabad
23496,Pune
23497,Hyderabad
23498,Delhi
23499,Delhi
23500,Mumbai
23501,Delhi
23502,Pune
23503,Delhi
23504,Hyderabad
23505,Hyderabad
23506,Delhi
23507,Hyderabad
23508,Hyderabad
23509,Pune
23510,Hyderabad
23511,Delhi
23512,Pune
23513,Mumbai
23514,Hyderabad
23515,Delhi
23516,Pune
23517,Delhi
23518,Hyderabad
23519,Delhi
23520,Hyderabad
23521,Mumbai
23522,Hyderabad
23523,Bengaluru
23524,Hyderabad
23525,Bengaluru
23526,Mumbai
23527,Mumbai
23528,Bengaluru
23529,Pune
23530,Hyderabad
23531,Pune
23532,Hyderabad
23533,Hyderabad
23534,Bengaluru
23535,Mumbai
23536,Delhi
23537,Hyderabad
23538,Hyderabad
23539,Mumbai
23540,Hyderabad
23541,Pune
23542,Bengaluru
23543,Pune
23544,Bengaluru
23545,Delhi
23546,Hyderabad
23547,Hyderabad
23548,Delhi
23549,Delhi
23550,Delhi
23551,Bengaluru
23552,Delhi
23553,Mumbai
23554,Pune
23555,Pune
23556,Mumbai
23557,Hyderabad
23558,Pune
23559,Hyderabad
23560,Bengaluru
23561,Bengaluru
23562,Mumbai
23563,Mumbai
23564,Bengaluru
23565,Mumbai
23566,Hyderabad
23567,Hyderabad
23568,Delhi
23569,Pune
23570,Hyderabad
23571,Bengaluru
23572,Bengaluru
23573,Hyderabad
23574,Mumbai
23575,Hyderabad
23576,Pune
23577,Hyderabad
23578,Bengaluru
23579,Delhi
23580,Delhi
23581,Hyderabad
23582,Bengaluru
23583,Bengaluru
23584,Hyderabad
23585,Hyderabad
23586,Mumbai
23587,Bengaluru
23588,Pune
23589,Pune
23590,Hyderabad
23591,Bengaluru
23592,Delhi
23593,Delhi
23594,Mumbai
23595,Hyderabad
23596,Pune
23597,Pune
23598,Hyderabad
23599,Mumbai
23600,Mumbai
23601,Delhi
23602,Bengaluru
23603,Delhi
23604,Hyderabad
23605,Hyderabad
23606,Bengaluru
23607,Pune
23608,Bengaluru
23609,Delhi
23610,Mumbai
23611,Mumbai
23612,Pune
23613,Bengaluru
23614,Bengaluru
23615,Bengaluru
23616,Hyderabad
23617,Mumbai
23618,Hyderabad
23619,Bengaluru
23620,Bengaluru
23621,Mumbai
23622,Hyderabad
23623,Mumbai
23624,Hyderabad
23625,Pune
23626,Delhi
23627,Mumbai
23628,Delhi
23629,Delhi
23630,Bengaluru
23631,Mumbai
23632,Pune
23633,Bengaluru
23634,Hyderabad
23635,Bengaluru
23636,Hyderabad
23637,Delhi
23638,Hyderabad
23639,Bengaluru
23640,Hyderabad
23641,Bengaluru
23642,Bengaluru
23643,Delhi
23644,Delhi
23645,Bengaluru
23646,Mumbai
23647,Delhi
23648,Mumbai
23649,Pune
23650,Mumbai
23651,Pune
23652,Bengaluru
23653,Delhi
23654,Hyderabad
23655,Pune
23656,Mumbai
23657,Pune
23658,Pune
23659,Mumbai
23660,Pune
23661,Bengaluru
23662,Mumbai
23663,Delhi
23664,Hyderabad
23665,Hyderabad
23666,Pune
23667,Hyderabad
23668,Mumbai
23669,Mumbai
23670,Delhi
23671,Mumbai
23672,Hyderabad
23673,Bengaluru
23674,Bengaluru
23675,Delhi
23676,Hyderabad
23677,Delhi
23678,Pune
23679,Bengaluru
23680,Delhi
23681,Delhi
23682,Pune
23683,Mumbai
23684,Bengaluru
23685,Delhi
23686,Pune
23687,Pune
23688,Mumbai
23689,Hyderabad
23690,Pune
23691,Hyderabad
23692,Mumbai
23693,Delhi
23694,Delhi
23695,Bengaluru
23696,Bengaluru
23697,Pune
23698,Delhi
23699,Mumbai
23700,Pune
23701,Hyderabad
23702,Bengaluru
23703,Mumbai
23704,Hyderabad
23705,Mumbai
23706,Pune
23707,Pune
23708,Mumbai
23709,Pune
23710,Bengaluru
23711,Mumbai
23712,Hyderabad
23713,Hyderabad
23714,Pune
23715,Pune
23716,Pune
23717,Bengaluru
23718,Delhi
23719,Mumbai
23720,Delhi
23721,Mumbai
23722,Hyderabad
23723,Bengaluru
23724,Pune
23725,Delhi
23726,Delhi
23727,Bengaluru
23728,Pune
23729,Bengaluru
23730,Bengaluru
23731,Bengaluru
23732,Hyderabad
23733,Pune
23734,Delhi
23735,Mumbai
23736,Delhi
23737,Hyderabad
23738,Delhi
23739,Pune
23740,Delhi
23741,Bengaluru
23742,Delhi
23743,Bengaluru
23744,Bengaluru
23745,Mumbai
23746,Hyderabad
23747,Hyderabad
23748,Bengaluru
23749,Mumbai
23750,Pune
23751,Mumbai
23752,Bengaluru
23753,Delhi
23754,Mumbai
23755,Pune
23756,Pune
23757,Mumbai
23758,Pune
23759,Mumbai
23760,Hyderabad
23761,Bengaluru
23762,Delhi
23763,Delhi
23764,Delhi
23765,Pune
23766,Bengaluru
23767,Hyderabad
23768,Hyderabad
23769,Mumbai
23770,Hyderabad
23771,Delhi
23772,Mumbai
23773,Bengaluru
23774,Hyderabad
23775,Pune
23776,Hyderabad
23777,Bengaluru
23778,Pune
23779,Pune
23780,Pune
23781,Delhi
23782,Hyderabad
23783,Bengaluru
23784,Hyderabad
23785,Mumbai
23786,Mumbai
23787,Hyderabad
23788,Hyderabad
23789,Delhi
23790,Hyderabad
23791,Hyderabad
23792,Pune
23793,Delhi
23794,Delhi
23795,Delhi
23796,Bengaluru
23797,Mumbai
23798,Delhi
23799,Hyderabad
23800,Pune
23801,Mumbai
23802,Pune
23803,Bengaluru
23804,Pune
23805,Delhi
23806,Mumbai
23807,Bengaluru
23808,Pune
23809,Hyderabad
23810,Hyderabad
23811,Bengaluru
23812,Bengaluru
23813,Pune
23814,Delhi
23815,Bengaluru
23816,Mumbai
23817,Delhi
23818,Mumbai
23819,Hyderabad
23820,Hyderabad
23821,Hyderabad
23822,Bengaluru
23823,Hyderabad
23824,Pune
23825,Mumbai
23826,Hyderabad
23827,Pune
23828,Pune
23829,Delhi
23830,Hyderabad
23831,Mumbai
23832,Mumbai
23833,Mumbai
23834,Pune
23835,Delhi
23836,Pune
23837,Pune
23838,Bengaluru
23839,Delhi
23840,Bengaluru
23841,Mumbai
23842,Bengaluru
23843,Hyderabad
23844,Bengaluru
23845,Hyderabad
23846,Bengaluru
23847,Delhi
23848,Mumbai
23849,Hyderabad
23850,Pune
23851,Bengaluru
23852,Mumbai
23853,Hyderabad
23854,Mumbai
23855,Pune
23856,Mumbai
23857,Delhi
23858,Delhi
23859,Mumbai
23860,Bengaluru
23861,Delhi
23862,Bengaluru
23863,Mumbai
23864,Mumbai
23865,Bengaluru
23866,Hyderabad
23867,Bengaluru
23868,Delhi
23869,Pune
23870,Pune
23871,Mumbai
23872,Bengaluru
23873,Delhi
23874,Delhi
23875,Bengaluru
23876,Bengaluru
23877,Bengaluru
23878,Pune
23879,Hyderabad
23880,Delhi
23881,Bengaluru
23882,Hyderabad
23883,Mumbai
23884,Mumbai
23885,Delhi
23886,Delhi
23887,Mumbai
23888,Hyderabad
23889,Bengaluru
23890,Bengaluru
23891,Hyderabad
23892,Pune
23893,Hyderabad
23894,Delhi
23895,Bengaluru
23896,Mumbai
23897,Mumbai
23898,Delhi
23899,Hyderabad
23900,Pune
23901,Bengaluru
23902,Hyderabad
23903,Hyderabad
23904,Pune
23905,Mumbai
23906,Pune
23907,Delhi
23908,Hyderabad
23909,Pune
23910,Mumbai
23911,Mumbai
23912,Mumbai
23913,Delhi
23914,Bengaluru
23915,Pune
23916,Delhi
23917,Mumbai
23918,Mumbai
23919,Delhi
23920,Bengaluru
23921,Delhi
23922,Mumbai
23923,Mumbai
23924,Pune
23925,Bengaluru
23926,Bengaluru
23927,Hyderabad
23928,Hyderabad
23929,Bengaluru
23930,Bengaluru
23931,Mumbai
23932,Delhi
23933,Pune
23934,Hyderabad
23935,Pune
23936,Bengaluru
23937,Pune
23938,Mumbai
23939,Bengaluru
23940,Pune
23941,Bengaluru
23942,Mumbai
23943,Hyderabad
23944,Pune
23945,Pune
23946,Mumbai
23947,Bengaluru
23948,Mumbai
23949,Bengaluru
23950,Bengaluru
23951,Hyderabad
23952,Delhi
23953,Mumbai
23954,Pune
23955,Pune
23956,Mumbai
23957,Bengaluru
23958,Hyderabad
23959,Delhi
23960,Mumbai
23961,Pune
23962,Hyderabad
23963,Hyderabad
23964,Bengaluru
23965,Bengaluru
23966,Delhi
23967,Pune
23968,Pune
23969,Hyderabad
23970,Delhi
23971,Bengaluru
23972,Bengaluru
23973,Bengaluru
23974,Pune
23975,Mumbai
23976,Mumbai
23977,Delhi
23978,Hyderabad
23979,Bengaluru
23980,Bengaluru
23981,Pune
23982,Mumbai
23983,Hyderabad
23984,Pune
23985,Bengaluru
23986,Mumbai
23987,Bengaluru
23988,Pune
23989,Mumbai
23990,Mumbai
23991,Bengaluru
23992,Bengaluru
23993,Mumbai
23994,Hyderabad
23995,Pune
23996,Hyderabad
23997,Bengaluru
23998,Hyderabad
23999,Pune
24000,Bengaluru
24001,Pune
24002,Pune
24003,Mumbai
24004,Mumbai
24005,Bengaluru
24006,Bengaluru
24007,Delhi
24008,Delhi
24009,Delhi
24010,Pune
24011,Bengaluru
24012,Pune
24013,Bengaluru
24014,Hyderabad
24015,Mumbai
24016,Hyderabad
24017,Bengaluru
24018,Pune
24019,Bengaluru
24020,Pune
24021,Delhi
24022,Delhi
24023,Mumbai
24024,Pune
24025,Bengaluru
24026,Mumbai
24027,Mumbai
24028,Delhi
24029,Delhi
24030,Mumbai
24031,Mumbai
24032,Delhi
24033,Mumbai
24034,Bengaluru
24035,Pune
24036,Bengaluru
24037,Mumbai
24038,Delhi
24039,Mumbai
24040,Mumbai
24041,Hyderabad
24042,Delhi
24043,Bengaluru
24044,Mumbai
24045,Bengaluru
24046,Hyderabad
24047,Delhi
24048,Delhi
24049,Pune
24050,Pune
24051,Mumbai
24052,Pune
24053,Hyderabad
24054,Bengaluru
24055,Mumbai
24056,Mumbai
24057,Pune
24058,Delhi
24059,Delhi
24060,Bengaluru
24061,Mumbai
24062,Mumbai
24063,Pune
24064,Pune
24065,Bengaluru
24066,Pune
24067,Hyderabad
24068,Delhi
24069,Hyderabad
24070,Bengaluru
24071,Mumbai
24072,Delhi
24073,Delhi
24074,Delhi
24075,Hyderabad
24076,Hyderabad
24077,Delhi
24078,Bengaluru
24079,Pune
24080,Bengaluru
24081,Mumbai
24082,Bengaluru
24083,Bengaluru
24084,Hyderabad
24085,Bengaluru
24086,Delhi
24087,Hyderabad
24088,Hyderabad
24089,Bengaluru
24090,Mumbai
24091,Pune
24092,Hyderabad
24093,Pune
24094,Delhi
24095,Hyderabad
24096,Hyderabad
24097,Pune
24098,Delhi
24099,Pune
24100,Hyderabad
24101,Pune
24102,Hyderabad
24103,Pune
24104,Mumbai
24105,Mumbai
24106,Pune
24107,Pune
24108,Bengaluru
24109,Bengaluru
24110,Hyderabad
24111,Hyderabad
24112,Delhi
24113,Delhi
24114,Pune
24115,Delhi
24116,Bengaluru
24117,Hyderabad
24118,Mumbai
24119,Pune
24120,Hyderabad
24121,Bengaluru
24122,Hyderabad
24123,Bengaluru
24124,Hyderabad
24125,Bengaluru
24126,Pune
24127,Delhi
24128,Hyderabad
24129,Hyderabad
24130,Mumbai
24131,Bengaluru
24132,Pune
24133,Delhi
24134,Bengaluru
24135,Bengaluru
24136,Pune
24137,Hyderabad
24138,Hyderabad
24139,Mumbai
24140,Pune
24141,Hyderabad
24142,Mumbai
24143,Mumbai
24144,Delhi
24145,Mumbai
24146,Delhi
24147,Hyderabad
24148,Delhi
24149,Hyderabad
24150,Pune
24151,Delhi
24152,Pune
24153,Bengaluru
24154,Hyderabad
24155,Mumbai
24156,Bengaluru
24157,Mumbai
24158,Hyderabad
24159,Hyderabad
24160,Pune
24161,Delhi
24162,Delhi
24163,Pune
24164,Mumbai
24165,Mumbai
24166,Bengaluru
24167,Mumbai
24168,Bengaluru
24169,Mumbai
24170,Mumbai
24171,Pune
24172,Mumbai
24173,Bengaluru
24174,Delhi
24175,Delhi
24176,Bengaluru
24177,Mumbai
24178,Mumbai
24179,Bengaluru
24180,Bengaluru
24181,Bengaluru
24182,Bengaluru
24183,Hyderabad
24184,Hyderabad
24185,Pune
24186,Mumbai
24187,Delhi
24188,Pune
24189,Pune
24190,Mumbai
24191,Hyderabad
24192,Bengaluru
24193,Hyderabad
24194,Bengaluru
24195,Bengaluru
24196,Hyderabad
24197,Hyderabad
24198,Hyderabad
24199,Hyderabad
24200,Bengaluru
24201,Bengaluru
24202,Delhi
24203,Bengaluru
24204,Pune
24205,Bengaluru
24206,Bengaluru
24207,Hyderabad
24208,Bengaluru
24209,Pune
24210,Hyderabad
24211,Mumbai
24212,Mumbai
24213,Mumbai
24214,Pune
24215,Mumbai
24216,Pune
24217,Hyderabad
24218,Hyderabad
24219,Hyderabad
24220,Pune
24221,Hyderabad
24222,Bengaluru
24223,Pune
24224,Bengaluru
24225,Hyderabad
24226,Delhi
24227,Delhi
24228,Hyderabad
24229,Bengaluru
24230,Hyderabad
24231,Pune
24232,Pune
24233,Delhi
24234,Pune
24235,Mumbai
24236,Bengaluru
24237,Bengaluru
24238,Bengaluru
24239,Hyderabad
24240,Hyderabad
24241,Hyderabad
24242,Delhi
24243,Mumbai
24244,Mumbai
24245,Pune
24246,Bengaluru
24247,Bengaluru
24248,Mumbai
24249,Pune
24250,Bengaluru
24251,Bengaluru
24252,Hyderabad
24253,Bengaluru
24254,Delhi
24255,Bengaluru
24256,Hyderabad
24257,Hyderabad
24258,Delhi
24259,Delhi
24260,Delhi
24261,Hyderabad
24262,Mumbai
24263,Hyderabad
24264,Delhi
24265,Mumbai
24266,Bengaluru
24267,Mumbai
24268,Delhi
24269,Bengaluru
24270,Bengaluru
24271,Delhi
24272,Mumbai
24273,Delhi
24274,Mumbai
24275,Delhi
24276,Pune
24277,Pune
24278,Bengaluru
24279,Pune
24280,Delhi
24281,Pune
24282,Hyderabad
24283,Hyderabad
24284,Hyderabad
24285,Delhi
24286,Delhi
24287,Hyderabad
24288,Delhi
24289,Pune
24290,Pune
24291,Pune
24292,Mumbai
24293,Bengaluru
24294,Bengaluru
24295,Bengaluru
24296,Hyderabad
24297,Mumbai
24298,Delhi
24299,Bengaluru
24300,Mumbai
24301,Hyderabad
24302,Bengaluru
24303,Hyderabad
24304,Mumbai
24305,Mumbai
24306,Mumbai
24307,Hyderabad
24308,Pune
24309,Hyderabad
24310,Delhi
24311,Bengaluru
24312,Mumbai
24313,Pune
24314,Mumbai
24315,Bengaluru
24316,Hyderabad
24317,Delhi
24318,Hyderabad
24319,Bengaluru
24320,Pune
24321,Delhi
24322,Delhi
24323,Mumbai
24324,Pune
24325,Mumbai
24326,Delhi
24327,Mumbai
24328,Pune
24329,Delhi
24330,Mumbai
24331,Mumbai
24332,Delhi
24333,Pune
24334,Bengaluru
24335,Bengaluru
24336,Delhi
24337,Bengaluru
24338,Mumbai
24339,Hyderabad
24340,Bengaluru
24341,Hyderabad
24342,Mumbai
24343,Hyderabad
24344,Delhi
24345,Bengaluru
24346,Hyderabad
24347,Bengaluru
24348,Pune
24349,Bengaluru
24350,Mumbai
24351,Delhi
24352,Delhi
24353,Hyderabad
24354,Bengaluru
24355,Delhi
24356,Pune
24357,Bengaluru
24358,Bengaluru
24359,Bengaluru
24360,Pune
24361,Hyderabad
24362,Mumbai
24363,Mumbai
24364,Bengaluru
24365,Delhi
24366,Pune
24367,Pune
24368,Bengaluru
24369,Bengaluru
24370,Bengaluru
24371,Mumbai
24372,Hyderabad
24373,Mumbai
24374,Hyderabad
24375,Mumbai
24376,Pune
24377,Bengaluru
24378,Bengaluru
24379,Bengaluru
24380,Mumbai
24381,Mumbai
24382,Mumbai
24383,Hyderabad
24384,Pune
24385,Bengaluru
24386,Delhi
24387,Bengaluru
24388,Mumbai
24389,Bengaluru
24390,Delhi
24391,Hyderabad
24392,Delhi
24393,Bengaluru
24394,Pune
24395,Pune
24396,Pune
24397,Delhi
24398,Mumbai
24399,Delhi
24400,Delhi
24401,Pune
24402,Bengaluru
24403,Delhi
24404,Mumbai
24405,Mumbai
24406,Pune
24407,Pune
24408,Mumbai
24409,Delhi
24410,Pune
24411,Bengaluru
24412,Bengaluru
24413,Hyderabad
24414,Bengaluru
24415,Delhi
24416,Mumbai
24417,Bengaluru
24418,Delhi
24419,Pune
24420,Mumbai
24421,Delhi
24422,Pune
24423,Mumbai
24424,Delhi
24425,Mumbai
24426,Delhi
24427,Hyderabad
24428,Pune
24429,Bengaluru
24430,Pune
24431,Pune
24432,Hyderabad
24433,Mumbai
24434,Mumbai
24435,Delhi
24436,Bengaluru
24437,Mumbai
24438,Pune
24439,Mumbai
24440,Pune
24441,Pune
24442,Bengaluru
24443,Hyderabad
24444,Pune
24445,Pune
24446,Pune
24447,Delhi
24448,Pune
24449,Mumbai
24450,Mumbai
24451,Delhi
24452,Bengaluru
24453,Hyderabad
24454,Pune
24455,Pune
24456,Hyderabad
24457,Pune
24458,Hyderabad
24459,Delhi
24460,Hyderabad
24461,Delhi
24462,Pune
24463,Pune
24464,Bengaluru
24465,Mumbai
24466,Hyderabad
24467,Bengaluru
24468,Mumbai
24469,Delhi
24470,Bengaluru
24471,Bengaluru
24472,Pune
24473,Bengaluru
24474,Hyderabad
24475,Delhi
24476,Hyderabad
24477,Hyderabad
24478,Pune
24479,Delhi
24480,Mumbai
24481,Mumbai
24482,Mumbai
24483,Delhi
24484,Delhi
24485,Mumbai
24486,Delhi
24487,Bengaluru
24488,Delhi
24489,Pune
24490,Pune
24491,Hyderabad
24492,Mumbai
24493,Bengaluru
24494,Mumbai
24495,Bengaluru
24496,Delhi
24497,Pune
24498,Delhi
24499,Hyderabad
24500,Delhi
24501,Mumbai
24502,Delhi
24503,Delhi
24504,Hyderabad
24505,Mumbai
24506,Bengaluru
24507,Pune
24508,Delhi
24509,Delhi
24510,Bengaluru
24511,Bengaluru
24512,Bengaluru
24513,Hyderabad
24514,Pune
24515,Mumbai
24516,Hyderabad
24517,Hyderabad
24518,Bengaluru
24519,Hyderabad
24520,Mumbai
24521,Pune
24522,Mumbai
24523,Bengaluru
24524,Pune
24525,Mumbai
24526,Delhi
24527,Mumbai
24528,Delhi
24529,Hyderabad
24530,Delhi
24531,Hyderabad
24532,Hyderabad
24533,Mumbai
24534,Bengaluru
24535,Hyderabad
24536,Hyderabad
24537,Delhi
24538,Hyderabad
24539,Pune
24540,Hyderabad
24541,Bengaluru
24542,Pune
24543,Pune
24544,Delhi
24545,Bengaluru
24546,Delhi
24547,Bengaluru
24548,Bengaluru
24549,Bengaluru
24550,Mumbai
24551,Bengaluru
24552,Mumbai
24553,Delhi
24554,Delhi
24555,Mumbai
24556,Delhi
24557,Bengaluru
24558,Mumbai
24559,Mumbai
24560,Bengaluru
24561,Bengaluru
24562,Pune
24563,Bengaluru
24564,Delhi
24565,Hyderabad
24566,Hyderabad
24567,Pune
24568,Bengaluru
24569,Mumbai
24570,Pune
24571,Mumbai
24572,Bengaluru
24573,Hyderabad
24574,Pune
24575,Bengaluru
24576,Bengaluru
24577,Mumbai
24578,Mumbai
24579,Bengaluru
24580,Mumbai
24581,Bengaluru
24582,Hyderabad
24583,Pune
24584,Hyderabad
24585,Hyderabad
24586,Hyderabad
24587,Hyderabad
24588,Bengaluru
24589,Bengaluru
24590,Bengaluru
24591,Delhi
24592,Bengaluru
24593,Bengaluru
24594,Mumbai
24595,Delhi
24596,Pune
24597,Bengaluru
24598,Mumbai
24599,Bengaluru
24600,Pune
24601,Bengaluru
24602,Hyderabad
24603,Pune
24604,Hyderabad
24605,Pune
24606,Bengaluru
24607,Bengaluru
24608,Pune
24609,Mumbai
24610,Delhi
24611,Hyderabad
24612,Bengaluru
24613,Hyderabad
24614,Delhi
24615,Bengaluru
24616,Hyderabad
24617,Delhi
24618,Pune
24619,Hyderabad
24620,Delhi
24621,Delhi
24622,Bengaluru
24623,Bengaluru
24624,Bengaluru
24625,Mumbai
24626,Pune
24627,Delhi
24628,Mumbai
24629,Delhi
24630,Hyderabad
24631,Mumbai
24632,Bengaluru
24633,Bengaluru
24634,Pune
24635,Mumbai
24636,Hyderabad
24637,Hyderabad
24638,Pune
24639,Hyderabad
24640,Bengaluru
24641,Pune
24642,Mumbai
24643,Pune
24644,Hyderabad
24645,Bengaluru
24646,Mumbai
24647,Pune
24648,Bengaluru
24649,Pune
24650,Bengaluru
24651,Pune
24652,Bengaluru
24653,Hyderabad
24654,Hyderabad
24655,Bengaluru
24656,Hyderabad
24657,Pune
24658,Mumbai
24659,Mumbai
24660,Mumbai
24661,Hyderabad
24662,Hyderabad
24663,Pune
24664,Delhi
24665,Pune
24666,Pune
24667,Bengaluru
24668,Hyderabad
24669,Mumbai
24670,Pune
24671,Delhi
24672,Mumbai
24673,Bengaluru
24674,Pune
24675,Pune
24676,Hyderabad
24677,Bengaluru
24678,Bengaluru
24679,Mumbai
24680,Delhi
24681,Hyderabad
24682,Bengaluru
24683,Hyderabad
24684,Delhi
24685,Delhi
24686,Pune
24687,Hyderabad
24688,Bengaluru
24689,Bengaluru
24690,Mumbai
24691,Delhi
24692,Delhi
24693,Mumbai
24694,Mumbai
24695,Mumbai
24696,Pune
24697,Mumbai
24698,Mumbai
24699,Bengaluru
24700,Pune
24701,Hyderabad
24702,Bengaluru
24703,Pune
24704,Hyderabad
24705,Pune
24706,Hyderabad
24707,Delhi
24708,Pune
24709,Delhi
24710,Pune
24711,Pune
24712,Bengaluru
24713,Pune
24714,Pune
24715,Delhi
24716,Bengaluru
24717,Pune
24718,Hyderabad
24719,Bengaluru
24720,Mumbai
24721,Hyderabad
24722,Delhi
24723,Mumbai
24724,Bengaluru
24725,Delhi
24726,Bengaluru
24727,Bengaluru
24728,Pune
24729,Delhi
24730,Mumbai
24731,Pune
24732,Bengaluru
24733,Bengaluru
24734,Pune
24735,Bengaluru
24736,Mumbai
24737,Mumbai
24738,Delhi
24739,Bengaluru
24740,Hyderabad
24741,Delhi
24742,Mumbai
24743,Delhi
24744,Mumbai
24745,Bengaluru
24746,Hyderabad
24747,Hyderabad
24748,Mumbai
24749,Hyderabad
24750,Mumbai
24751,Delhi
24752,Hyderabad
24753,Delhi
24754,Hyderabad
24755,Bengaluru
24756,Mumbai
24757,Bengaluru
24758,Bengaluru
24759,Delhi
24760,Bengaluru
24761,Pune
24762,Hyderabad
24763,Bengaluru
24764,Bengaluru
24765,Delhi
24766,Mumbai
24767,Bengaluru
24768,Mumbai
24769,Bengaluru
24770,Delhi
24771,Bengaluru
24772,Pune
24773,Pune
24774,Delhi
24775,Hyderabad
24776,Pune
24777,Delhi
24778,Pune
24779,Mumbai
24780,Mumbai
24781,Hyderabad
24782,Delhi
24783,Mumbai
24784,Delhi
24785,Hyderabad
24786,Bengaluru
24787,Bengaluru
24788,Bengaluru
24789,Delhi
24790,Bengaluru
24791,Bengaluru
24792,Delhi
24793,Pune
24794,Pune
24795,Delhi
24796,Mumbai
24797,Pune
24798,Hyderabad
24799,Hyderabad
24800,Pune
24801,Bengaluru
24802,Delhi
24803,Pune
24804,Mumbai
24805,Hyderabad
24806,Delhi
24807,Delhi
24808,Bengaluru
24809,Mumbai
24810,Hyderabad
24811,Bengaluru
24812,Pune
24813,Pune
24814,Delhi
24815,Bengaluru
24816,Mumbai
24817,Mumbai
24818,Hyderabad
24819,Delhi
24820,Hyderabad
24821,Pune
24822,Hyderabad
24823,Bengaluru
24824,Delhi
24825,Delhi
24826,Delhi
24827,Mumbai
24828,Pune
24829,Bengaluru
24830,Hyderabad
24831,Pune
24832,Mumbai
24833,Mumbai
24834,Pune
24835,Bengaluru
24836,Mumbai
24837,Delhi
24838,Delhi
24839,Pune
24840,Delhi
24841,Delhi
24842,Pune
24843,Pune
24844,Pune
24845,Mumbai
24846,Bengaluru
24847,Delhi
24848,Bengaluru
24849,Pune
24850,Bengaluru
24851,Bengaluru
24852,Pune
24853,Mumbai
24854,Bengaluru
24855,Hyderabad
24856,Pune
24857,Bengaluru
24858,Delhi
24859,Pune
24860,Delhi
24861,Pune
24862,Hyderabad
24863,Mumbai
24864,Pune
24865,Bengaluru
24866,Mumbai
24867,Bengaluru
24868,Pune
24869,Delhi
24870,Delhi
24871,Mumbai
24872,Hyderabad
24873,Bengaluru
24874,Mumbai
24875,Pune
24876,Delhi
24877,Bengaluru
24878,Delhi
24879,Hyderabad
24880,Delhi
24881,Pune
24882,Mumbai
24883,Pune
24884,Bengaluru
24885,Mumbai
24886,Hyderabad
24887,Mumbai
24888,Delhi
24889,Delhi
24890,Pune
24891,Hyderabad
24892,Pune
24893,Mumbai
24894,Pune
24895,Mumbai
24896,Hyderabad
24897,Hyderabad
24898,Delhi
24899,Bengaluru
24900,Pune
24901,Pune
24902,Pune
24903,Delhi
24904,Mumbai
24905,Bengaluru
24906,Pune
24907,Pune
24908,Mumbai
24909,Mumbai
24910,Pune
24911,Bengaluru
24912,Mumbai
24913,Delhi
24914,Mumbai
24915,Hyderabad
24916,Pune
24917,Pune
24918,Pune
24919,Mumbai
24920,Delhi
24921,Hyderabad
24922,Mumbai
24923,Mumbai
24924,Hyderabad
24925,Pune
24926,Hyderabad
24927,Pune
24928,Hyderabad
24929,Bengaluru
24930,Pune
24931,Bengaluru
24932,Delhi
24933,Hyderabad
24934,Hyderabad
24935,Pune
24936,Hyderabad
24937,Mumbai
24938,Mumbai
24939,Bengaluru
24940,Delhi
24941,Delhi
24942,Mumbai
24943,Delhi
24944,Bengaluru
24945,Delhi
24946,Bengaluru
24947,Hyderabad
24948,Hyderabad
24949,Mumbai
24950,Pune
24951,Mumbai
24952,Hyderabad
24953,Pune
24954,Bengaluru
24955,Delhi
24956,Hyderabad
24957,Pune
24958,Pune
24959,Delhi
24960,Bengaluru
24961,Delhi
24962,Mumbai
24963,Delhi
24964,Pune
24965,Pune
24966,Bengaluru
24967,Pune
24968,Hyderabad
24969,Hyderabad
24970,Pune
24971,Pune
24972,Delhi
24973,Delhi
24974,Delhi
24975,Mumbai
24976,Pune
24977,Bengaluru
24978,Hyderabad
24979,Bengaluru
24980,Mumbai
24981,Hyderabad
24982,Delhi
24983,Mumbai
24984,Mumbai
24985,Pune
24986,Mumbai
24987,Pune
24988,Mumbai
24989,Pune
24990,Mumbai
24991,Mumbai
24992,Bengaluru
24993,Mumbai
24994,Mumbai
24995,Mumbai
24996,Pune
24997,Bengaluru
24998,Bengaluru
24999,Bengaluru
25000,Pune
25001,Delhi
25002,Pune
25003,Pune
25004,Hyderabad
25005,Bengaluru
25006,Pune
25007,Bengaluru
25008,Pune
25009,Mumbai
25010,Bengaluru
25011,Delhi
25012,Mumbai
25013,Hyderabad
25014,Hyderabad
25015,Delhi
25016,Bengaluru
25017,Delhi
25018,Delhi
25019,Hyderabad
25020,Pune
25021,Hyderabad
25022,Hyderabad
25023,Mumbai
25024,Bengaluru
25025,Delhi
25026,Mumbai
25027,Bengaluru
25028,Pune
25029,Hyderabad
25030,Bengaluru
25031,Mumbai
25032,Hyderabad
25033,Mumbai
25034,Mumbai
25035,Bengaluru
25036,Mumbai
25037,Pune
25038,Hyderabad
25039,Hyderabad
25040,Bengaluru
25041,Bengaluru
25042,Delhi
25043,Mumbai
25044,Pune
25045,Delhi
25046,Pune
25047,Bengaluru
25048,Bengaluru
25049,Pune
25050,Hyderabad
25051,Bengaluru
25052,Bengaluru
25053,Pune
25054,Pune
25055,Bengaluru
25056,Mumbai
25057,Bengaluru
25058,Pune
25059,Mumbai
25060,Pune
25061,Bengaluru
25062,Delhi
25063,Bengaluru
25064,Bengaluru
25065,Delhi
25066,Hyderabad
25067,Mumbai
25068,Mumbai
25069,Mumbai
25070,Pune
25071,Pune
25072,Mumbai
25073,Delhi
25074,Delhi
25075,Pune
25076,Hyderabad
25077,Mumbai
25078,Bengaluru
25079,Pune
25080,Mumbai
25081,Hyderabad
25082,Delhi
25083,Pune
25084,Pune
25085,Mumbai
25086,Hyderabad
25087,Bengaluru
25088,Hyderabad
25089,Mumbai
25090,Hyderabad
25091,Bengaluru
25092,Pune
25093,Delhi
25094,Delhi
25095,Bengaluru
25096,Mumbai
25097,Delhi
25098,Hyderabad
25099,Hyderabad
25100,Hyderabad
25101,Delhi
25102,Bengaluru
25103,Hyderabad
25104,Mumbai
25105,Hyderabad
25106,Mumbai
25107,Mumbai
25108,Pune
25109,Mumbai
25110,Pune
25111,Mumbai
25112,Hyderabad
25113,Bengaluru
25114,Mumbai
25115,Hyderabad
25116,Bengaluru
25117,Pune
25118,Mumbai
25119,Delhi
25120,Bengaluru
25121,Delhi
25122,Hyderabad
25123,Pune
25124,Bengaluru
25125,Mumbai
25126,Pune
25127,Pune
25128,Pune
25129,Pune
25130,Delhi
25131,Mumbai
25132,Pune
25133,Mumbai
25134,Hyderabad
25135,Delhi
25136,Delhi
25137,Mumbai
25138,Hyderabad
25139,Pune
25140,Delhi
25141,Hyderabad
25142,Hyderabad
25143,Delhi
25144,Bengaluru
25145,Pune
25146,Bengaluru
25147,Hyderabad
25148,Hyderabad
25149,Pune
25150,Delhi
25151,Bengaluru
25152,Pune
25153,Pune
25154,Delhi
25155,Pune
25156,Bengaluru
25157,Mumbai
25158,Bengaluru
25159,Hyderabad
25160,Bengaluru
25161,Bengaluru
25162,Hyderabad
25163,Mumbai
25164,Hyderabad
25165,Bengaluru
25166,Mumbai
25167,Mumbai
25168,Bengaluru
25169,Delhi
25170,Delhi
25171,Mumbai
25172,Hyderabad
25173,Bengaluru
25174,Delhi
25175,Delhi
25176,Hyderabad
25177,Hyderabad
25178,Bengaluru
25179,Hyderabad
25180,Mumbai
25181,Mumbai
25182,Mumbai
25183,Delhi
25184,Mumbai
25185,Mumbai
25186,Mumbai
25187,Mumbai
25188,Bengaluru
25189,Mumbai
25190,Mumbai
25191,Delhi
25192,Bengaluru
25193,Bengaluru
25194,Mumbai
25195,Delhi
25196,Delhi
25197,Delhi
25198,Bengaluru
25199,Bengaluru
25200,Hyderabad
25201,Mumbai
25202,Delhi
25203,Delhi
25204,Delhi
25205,Bengaluru
25206,Mumbai
25207,Pune
25208,Hyderabad
25209,Hyderabad
25210,Hyderabad
25211,Hyderabad
25212,Delhi
25213,Mumbai
25214,Hyderabad
25215,Mumbai
25216,Mumbai
25217,Mumbai
25218,Mumbai
25219,Delhi
25220,Mumbai
25221,Pune
25222,Mumbai
25223,Hyderabad
25224,Pune
25225,Mumbai
25226,Bengaluru
25227,Hyderabad
25228,Bengaluru
25229,Delhi
25230,Hyderabad
25231,Hyderabad
25232,Mumbai
25233,Bengaluru
25234,Mumbai
25235,Delhi
25236,Delhi
25237,Bengaluru
25238,Mumbai
25239,Hyderabad
25240,Bengaluru
25241,Pune
25242,Delhi
25243,Hyderabad
25244,Pune
25245,Delhi
25246,Hyderabad
25247,Hyderabad
25248,Hyderabad
25249,Mumbai
25250,Bengaluru
25251,Bengaluru
25252,Mumbai
25253,Mumbai
25254,Pune
25255,Pune
25256,Mumbai
25257,Bengaluru
25258,Pune
25259,Pune
25260,Delhi
25261,Hyderabad
25262,Delhi
25263,Delhi
25264,Mumbai
25265,Bengaluru
25266,Bengaluru
25267,Pune
25268,Mumbai
25269,Hyderabad
25270,Delhi
25271,Bengaluru
25272,Hyderabad
25273,Mumbai
25274,Pune
25275,Delhi
25276,Hyderabad
25277,Bengaluru
25278,Hyderabad
25279,Mumbai
25280,Mumbai
25281,Pune
25282,Pune
25283,Bengaluru
25284,Mumbai
25285,Bengaluru
25286,Pune
25287,Delhi
25288,Mumbai
25289,Pune
25290,Mumbai
25291,Pune
25292,Delhi
25293,Pune
25294,Delhi
25295,Mumbai
25296,Hyderabad
25297,Pune
25298,Delhi
25299,Pune
25300,Bengaluru
25301,Mumbai
25302,Bengaluru
25303,Hyderabad
25304,Pune
25305,Bengaluru
25306,Pune
25307,Mumbai
25308,Bengaluru
25309,Bengaluru
25310,Hyderabad
25311,Hyderabad
25312,Mumbai
25313,Hyderabad
25314,Delhi
25315,Delhi
25316,Mumbai
25317,Delhi
25318,Bengaluru
25319,Mumbai
25320,Mumbai
25321,Bengaluru
25322,Bengaluru
25323,Delhi
25324,Mumbai
25325,Delhi
25326,Delhi
25327,Bengaluru
25328,Delhi
25329,Bengaluru
25330,Delhi
25331,Mumbai
25332,Mumbai
25333,Bengaluru
25334,Hyderabad
25335,Bengaluru
25336,Delhi
25337,Mumbai
25338,Bengaluru
25339,Hyderabad
25340,Pune
25341,Pune
25342,Hyderabad
25343,Pune
25344,Mumbai
25345,Delhi
25346,Pune
25347,Hyderabad
25348,Mumbai
25349,Delhi
25350,Delhi
25351,Mumbai
25352,Mumbai
25353,Bengaluru
25354,Hyderabad
25355,Hyderabad
25356,Mumbai
25357,Delhi
25358,Delhi
25359,Hyderabad
25360,Bengaluru
25361,Hyderabad
25362,Mumbai
25363,Bengaluru
25364,Delhi
25365,Hyderabad
25366,Pune
25367,Pune
25368,Bengaluru
25369,Pune
25370,Pune
25371,Pune
25372,Hyderabad
25373,Mumbai
25374,Mumbai
25375,Mumbai
25376,Mumbai
25377,Hyderabad
25378,Hyderabad
25379,Hyderabad
25380,Pune
25381,Delhi
25382,Bengaluru
25383,Delhi
25384,Hyderabad
25385,Bengaluru
25386,Mumbai
25387,Delhi
25388,Pune
25389,Hyderabad
25390,Delhi
25391,Pune
25392,Delhi
25393,Bengaluru
25394,Hyderabad
25395,Delhi
25396,Hyderabad
25397,Delhi
25398,Hyderabad
25399,Hyderabad
25400,Mumbai
25401,Hyderabad
25402,Mumbai
25403,Delhi
25404,Pune
25405,Pune
25406,Mumbai
25407,Pune
25408,Mumbai
25409,Bengaluru
25410,Hyderabad
25411,Delhi
25412,Pune
25413,Pune
25414,Mumbai
25415,Hyderabad
25416,Mumbai
25417,Delhi
25418,Delhi
25419,Mumbai
25420,Delhi
25421,Delhi
25422,Bengaluru
25423,Hyderabad
25424,Pune
25425,Mumbai
25426,Hyderabad
25427,Mumbai
25428,Mumbai
25429,Mumbai
25430,Delhi
25431,Bengaluru
25432,Bengaluru
25433,Hyderabad
25434,Mumbai
25435,Delhi
25436,Pune
25437,Mumbai
25438,Delhi
25439,Pune
25440,Mumbai
25441,Hyderabad
25442,Pune
25443,Mumbai
25444,Hyderabad
25445,Delhi
25446,Mumbai
25447,Bengaluru
25448,Bengaluru
25449,Mumbai
25450,Mumbai
25451,Mumbai
25452,Delhi
25453,Bengaluru
25454,Delhi
25455,Hyderabad
25456,Hyderabad
25457,Mumbai
25458,Hyderabad
25459,Bengaluru
25460,Bengaluru
25461,Hyderabad
25462,Pune
25463,Pune
25464,Mumbai
25465,Pune
25466,Bengaluru
25467,Mumbai
25468,Pune
25469,Pune
25470,Bengaluru
25471,Delhi
25472,Delhi
25473,Bengaluru
25474,Hyderabad
25475,Delhi
25476,Pune
25477,Mumbai
25478,Mumbai
25479,Bengaluru
25480,Pune
25481,Delhi
25482,Bengaluru
25483,Bengaluru
25484,Mumbai
25485,Hyderabad
25486,Bengaluru
25487,Bengaluru
25488,Bengaluru
25489,Hyderabad
25490,Mumbai
25491,Mumbai
25492,Delhi
25493,Mumbai
25494,Hyderabad
25495,Hyderabad
25496,Mumbai
25497,Mumbai
25498,Mumbai
25499,Delhi
25500,Pune
25501,Bengaluru
25502,Bengaluru
25503,Hyderabad
25504,Mumbai
25505,Pune
25506,Bengaluru
25507,Bengaluru
25508,Pune
25509,Bengaluru
25510,Hyderabad
25511,Mumbai
25512,Pune
25513,Pune
25514,Bengaluru
25515,Delhi
25516,Pune
25517,Delhi
25518,Pune
25519,Bengaluru
25520,Pune
25521,Bengaluru
25522,Pune
25523,Pune
25524,Mumbai
25525,Pune
25526,Delhi
25527,Mumbai
25528,Hyderabad
25529,Delhi
25530,Bengaluru
25531,Bengaluru
25532,Hyderabad
25533,Delhi
25534,Mumbai
25535,Pune
25536,Mumbai
25537,Mumbai
25538,Delhi
25539,Pune
25540,Bengaluru
25541,Pune
25542,Pune
25543,Mumbai
25544,Mumbai
25545,Bengaluru
25546,Mumbai
25547,Mumbai
25548,Pune
25549,Bengaluru
25550,Bengaluru
25551,Hyderabad
25552,Delhi
25553,Delhi
25554,Bengaluru
25555,Pune
25556,Delhi
25557,Mumbai
25558,Mumbai
25559,Bengaluru
25560,Pune
25561,Delhi
25562,Delhi
25563,Delhi
25564,Bengaluru
25565,Mumbai
25566,Pune
25567,Mumbai
25568,Pune
25569,Pune
25570,Pune
25571,Hyderabad
25572,Delhi
25573,Pune
25574,Pune
25575,Bengaluru
25576,Pune
25577,Mumbai
25578,Delhi
25579,Hyderabad
25580,Delhi
25581,Mumbai
25582,Hyderabad
25583,Bengaluru
25584,Delhi
25585,Pune
25586,Bengaluru
25587,Pune
25588,Delhi
25589,Delhi
25590,Bengaluru
25591,Hyderabad
25592,Hyderabad
25593,Pune
25594,Bengaluru
25595,Bengaluru
25596,Pune
25597,Hyderabad
25598,Hyderabad
25599,Hyderabad
25600,Mumbai
25601,Mumbai
25602,Delhi
25603,Mumbai
25604,Bengaluru
25605,Mumbai
25606,Delhi
25607,Hyderabad
25608,Mumbai
25609,Pune
25610,Delhi
25611,Delhi
25612,Delhi
25613,Bengaluru
25614,Pune
25615,Mumbai
25616,Mumbai
25617,Delhi
25618,Delhi
25619,Pune
25620,Delhi
25621,Mumbai
25622,Hyderabad
25623,Pune
25624,Hyderabad
25625,Delhi
25626,Pune
25627,Hyderabad
25628,Bengaluru
25629,Mumbai
25630,Delhi
25631,Delhi
25632,Hyderabad
25633,Delhi
25634,Mumbai
25635,Pune
25636,Mumbai
25637,Pune
25638,Hyderabad
25639,Hyderabad
25640,Bengaluru
25641,Delhi
25642,Pune
25643,Mumbai
25644,Mumbai
25645,Hyderabad
25646,Pune
25647,Delhi
25648,Bengaluru
25649,Bengaluru
25650,Bengaluru
25651,Hyderabad
25652,Delhi
25653,Mumbai
25654,Hyderabad
25655,Delhi
25656,Delhi
25657,Pune
25658,Delhi
25659,Mumbai
25660,Bengaluru
25661,Pune
25662,Delhi
25663,Mumbai
25664,Delhi
25665,Hyderabad
25666,Hyderabad
25667,Bengaluru
25668,Bengaluru
25669,Hyderabad
25670,Mumbai
25671,Pune
25672,Hyderabad
25673,Bengaluru
25674,Delhi
25675,Pune
25676,Bengaluru
25677,Delhi
25678,Pune
25679,Pune
25680,Bengaluru
25681,Delhi
25682,Mumbai
25683,Pune
25684,Hyderabad
25685,Hyderabad
25686,Delhi
25687,Delhi
25688,Mumbai
25689,Pune
25690,Bengaluru
25691,Pune
25692,Pune
25693,Bengaluru
25694,Hyderabad
25695,Pune
25696,Delhi
25697,Pune
25698,Delhi
25699,Pune
25700,Pune
25701,Mumbai
25702,Pune
25703,Mumbai
25704,Pune
25705,Hyderabad
25706,Bengaluru
25707,Delhi
25708,Delhi
25709,Bengaluru
25710,Hyderabad
25711,Delhi
25712,Hyderabad
25713,Hyderabad
25714,Hyderabad
25715,Bengaluru
25716,Bengaluru
25717,Mumbai
25718,Pune
25719,Pune
25720,Mumbai
25721,Hyderabad
25722,Bengaluru
25723,Bengaluru
25724,Hyderabad
25725,Delhi
25726,Delhi
25727,Bengaluru
25728,Pune
25729,Hyderabad
25730,Pune
25731,Bengaluru
25732,Delhi
25733,Mumbai
25734,Delhi
25735,Pune
25736,Pune
25737,Bengaluru
25738,Delhi
25739,Bengaluru
25740,Mumbai
25741,Mumbai
25742,Pune
25743,Delhi
25744,Pune
25745,Hyderabad
25746,Hyderabad
25747,Mumbai
25748,Mumbai
25749,Bengaluru
25750,Pune
25751,Pune
25752,Pune
25753,Mumbai
25754,Bengaluru
25755,Pune
25756,Pune
25757,Bengaluru
25758,Hyderabad
25759,Mumbai
25760,Mumbai
25761,Mumbai
25762,Pune
25763,Pune
25764,Pune
25765,Hyderabad
25766,Delhi
25767,Bengaluru
25768,Hyderabad
25769,Bengaluru
25770,Hyderabad
25771,Pune
25772,Hyderabad
25773,Hyderabad
25774,Pune
25775,Delhi
25776,Mumbai
25777,Hyderabad
25778,Delhi
25779,Hyderabad
25780,Bengaluru
25781,Pune
25782,Pune
25783,Mumbai
25784,Hyderabad
25785,Pune
25786,Mumbai
25787,Delhi
25788,Mumbai
25789,Hyderabad
25790,Hyderabad
25791,Hyderabad
25792,Pune
25793,Pune
25794,Bengaluru
25795,Delhi
25796,Delhi
25797,Bengaluru
25798,Delhi
25799,Hyderabad
25800,Mumbai
25801,Mumbai
25802,Bengaluru
25803,Pune
25804,Bengaluru
25805,Delhi
25806,Hyderabad
25807,Pune
25808,Bengaluru
25809,Hyderabad
25810,Pune
25811,Pune
25812,Bengaluru
25813,Pune
25814,Pune
25815,Mumbai
25816,Mumbai
25817,Bengaluru
25818,Bengaluru
25819,Pune
25820,Mumbai
25821,Hyderabad
25822,Bengaluru
25823,Pune
25824,Mumbai
25825,Hyderabad
25826,Hyderabad
25827,Mumbai
25828,Hyderabad
25829,Hyderabad
25830,Bengaluru
25831,Hyderabad
25832,Hyderabad
25833,Mumbai
25834,Pune
25835,Bengaluru
25836,Hyderabad
25837,Mumbai
25838,Pune
25839,Delhi
25840,Mumbai
25841,Mumbai
25842,Pune
25843,Bengaluru
25844,Pune
25845,Bengaluru
25846,Hyderabad
25847,Pune
25848,Delhi
25849,Hyderabad
25850,Delhi
25851,Mumbai
25852,Pune
25853,Hyderabad
25854,Delhi
25855,Mumbai
25856,Bengaluru
25857,Mumbai
25858,Hyderabad
25859,Hyderabad
25860,Mumbai
25861,Bengaluru
25862,Mumbai
25863,Delhi
25864,Delhi
25865,Hyderabad
25866,Bengaluru
25867,Bengaluru
25868,Delhi
25869,Delhi
25870,Hyderabad
25871,Hyderabad
25872,Pune
25873,Pune
25874,Bengaluru
25875,Pune
25876,Hyderabad
25877,Mumbai
25878,Bengaluru
25879,Hyderabad
25880,Delhi
25881,Hyderabad
25882,Pune
25883,Mumbai
25884,Bengaluru
25885,Delhi
25886,Delhi
25887,Hyderabad
25888,Hyderabad
25889,Mumbai
25890,Delhi
25891,Mumbai
25892,Hyderabad
25893,Hyderabad
25894,Delhi
25895,Mumbai
25896,Bengaluru
25897,Mumbai
25898,Bengaluru
25899,Pune
25900,Hyderabad
25901,Bengaluru
25902,Pune
25903,Pune
25904,Hyderabad
25905,Bengaluru
25906,Pune
25907,Pune
25908,Delhi
25909,Mumbai
25910,Bengaluru
25911,Delhi
25912,Hyderabad
25913,Hyderabad
25914,Bengaluru
25915,Bengaluru
25916,Pune
25917,Delhi
25918,Hyderabad
25919,Mumbai
25920,Hyderabad
25921,Bengaluru
25922,Delhi
25923,Bengaluru
25924,Mumbai
25925,Pune
25926,Bengaluru
25927,Bengaluru
25928,Pune
25929,Bengaluru
25930,Hyderabad
25931,Mumbai
25932,Pune
25933,Delhi
25934,Bengaluru
25935,Pune
25936,Bengaluru
25937,Mumbai
25938,Bengaluru
25939,Hyderabad
25940,Hyderabad
25941,Bengaluru
25942,Hyderabad
25943,Bengaluru
25944,Pune
25945,Mumbai
25946,Pune
25947,Mumbai
25948,Hyderabad
25949,Mumbai
25950,Hyderabad
25951,Pune
25952,Hyderabad
25953,Mumbai
25954,Delhi
25955,Delhi
25956,Hyderabad
25957,Delhi
25958,Bengaluru
25959,Bengaluru
25960,Pune
25961,Mumbai
25962,Hyderabad
25963,Hyderabad
25964,Hyderabad
25965,Delhi
25966,Hyderabad
25967,Mumbai
25968,Pune
25969,Delhi
25970,Bengaluru
25971,Bengaluru
25972,Pune
25973,Hyderabad
25974,Bengaluru
25975,Pune
25976,Hyderabad
25977,Bengaluru
25978,Hyderabad
25979,Pune
25980,Bengaluru
25981,Mumbai
25982,Pune
25983,Pune
25984,Pune
25985,Mumbai
25986,Bengaluru
25987,Hyderabad
25988,Bengaluru
25989,Hyderabad
25990,Mumbai
25991,Bengaluru
25992,Mumbai
25993,Hyderabad
25994,Bengaluru
25995,Pune
25996,Bengaluru
25997,Mumbai
25998,Pune
25999,Mumbai
26000,Delhi
26001,Delhi
26002,Delhi
26003,Mumbai
26004,Delhi
26005,Hyderabad
26006,Pune
26007,Mumbai
26008,Delhi
26009,Delhi
26010,Hyderabad
26011,Pune
26012,Bengaluru
26013,Bengaluru
26014,Mumbai
26015,Bengaluru
26016,Delhi
26017,Mumbai
26018,Delhi
26019,Mumbai
26020,Delhi
26021,Mumbai
26022,Pune
26023,Hyderabad
26024,Bengaluru
26025,Hyderabad
26026,Bengaluru
26027,Mumbai
26028,Mumbai
26029,Pune
26030,Delhi
26031,Mumbai
26032,Bengaluru
26033,Mumbai
26034,Hyderabad
26035,Delhi
26036,Hyderabad
26037,Pune
26038,Pune
26039,Bengaluru
26040,Mumbai
26041,Hyderabad
26042,Pune
26043,Pune
26044,Bengaluru
26045,Mumbai
26046,Delhi
26047,Mumbai
26048,Pune
26049,Delhi
26050,Mumbai
26051,Delhi
26052,Bengaluru
26053,Delhi
26054,Delhi
26055,Mumbai
26056,Pune
26057,Delhi
26058,Hyderabad
26059,Bengaluru
26060,Hyderabad
26061,Pune
26062,Delhi
26063,Delhi
26064,Bengaluru
26065,Mumbai
26066,Pune
26067,Delhi
26068,Hyderabad
26069,Hyderabad
26070,Mumbai
26071,Bengaluru
26072,Delhi
26073,Hyderabad
26074,Pune
26075,Pune
26076,Mumbai
26077,Hyderabad
26078,Delhi
26079,Delhi
26080,Pune
26081,Pune
26082,Mumbai
26083,Mumbai
26084,Mumbai
26085,Mumbai
26086,Pune
26087,Bengaluru
26088,Pune
26089,Pune
26090,Pune
26091,Hyderabad
26092,Hyderabad
26093,Hyderabad
26094,Pune
26095,Delhi
26096,Hyderabad
26097,Bengaluru
26098,Mumbai
26099,Delhi
26100,Hyderabad
26101,Delhi
26102,Hyderabad
26103,Pune
26104,Mumbai
26105,Mumbai
26106,Bengaluru
26107,Delhi
26108,Mumbai
26109,Hyderabad
26110,Hyderabad
26111,Pune
26112,Mumbai
26113,Mumbai
26114,Pune
26115,Hyderabad
26116,Hyderabad
26117,Mumbai
26118,Bengaluru
26119,Pune
26120,Pune
26121,Pune
26122,Bengaluru
26123,Pune
26124,Hyderabad
26125,Hyderabad
26126,Pune
26127,Mumbai
26128,Mumbai
26129,Delhi
26130,Pune
26131,Hyderabad
26132,Hyderabad
26133,Hyderabad
26134,Mumbai
26135,Hyderabad
26136,Hyderabad
26137,Hyderabad
26138,Mumbai
26139,Mumbai
26140,Delhi
26141,Hyderabad
26142,Pune
26143,Pune
26144,Hyderabad
26145,Hyderabad
26146,Pune
26147,Pune
26148,Pune
26149,Hyderabad
26150,Mumbai
26151,Delhi
26152,Pune
26153,Bengaluru
26154,Delhi
26155,Bengaluru
26156,Mumbai
26157,Delhi
26158,Hyderabad
26159,Mumbai
26160,Bengaluru
26161,Hyderabad
26162,Delhi
26163,Hyderabad
26164,Mumbai
26165,Bengaluru
26166,Delhi
26167,Mumbai
26168,Hyderabad
26169,Hyderabad
26170,Mumbai
26171,Hyderabad
26172,Bengaluru
26173,Mumbai
26174,Mumbai
26175,Pune
26176,Bengaluru
26177,Bengaluru
26178,Bengaluru
26179,Bengaluru
26180,Delhi
26181,Delhi
26182,Bengaluru
26183,Pune
26184,Pune
26185,Mumbai
26186,Hyderabad
26187,Bengaluru
26188,Delhi
26189,Mumbai
26190,Bengaluru
26191,Delhi
26192,Hyderabad
26193,Bengaluru
26194,Mumbai
26195,Delhi
26196,Bengaluru
26197,Bengaluru
26198,Mumbai
26199,Hyderabad
26200,Hyderabad
26201,Pune
26202,Delhi
26203,Mumbai
26204,Hyderabad
26205,Pune
26206,Mumbai
26207,Bengaluru
26208,Hyderabad
26209,Hyderabad
26210,Hyderabad
26211,Pune
26212,Delhi
26213,Pune
26214,Delhi
26215,Mumbai
26216,Mumbai
26217,Delhi
26218,Bengaluru
26219,Delhi
26220,Hyderabad
26221,Mumbai
26222,Bengaluru
26223,Hyderabad
26224,Mumbai
26225,Mumbai
26226,Delhi
26227,Mumbai
26228,Bengaluru
26229,Hyderabad
26230,Pune
26231,Pune
26232,Pune
26233,Hyderabad
26234,Bengaluru
26235,Hyderabad
26236,Delhi
26237,Hyderabad
26238,Hyderabad
26239,Pune
26240,Mumbai
26241,Hyderabad
26242,Hyderabad
26243,Bengaluru
26244,Delhi
26245,Pune
26246,Hyderabad
26247,Mumbai
26248,Bengaluru
26249,Bengaluru
26250,Pune
26251,Delhi
26252,Mumbai
26253,Bengaluru
26254,Pune
26255,Hyderabad
26256,Pune
26257,Pune
26258,Bengaluru
26259,Hyderabad
26260,Pune
26261,Hyderabad
26262,Delhi
26263,Pune
26264,Mumbai
26265,Delhi
26266,Bengaluru
26267,Delhi
26268,Mumbai
26269,Delhi
26270,Pune
26271,Delhi
26272,Bengaluru
26273,Mumbai
26274,Delhi
26275,Mumbai
26276,Bengaluru
26277,Mumbai
26278,Pune
26279,Hyderabad
26280,Delhi
26281,Pune
26282,Bengaluru
26283,Bengaluru
26284,Bengaluru
26285,Pune
26286,Pune
26287,Pune
26288,Mumbai
26289,Mumbai
26290,Bengaluru
26291,Pune
26292,Delhi
26293,Bengaluru
26294,Mumbai
26295,Pune
26296,Bengaluru
26297,Hyderabad
26298,Mumbai
26299,Bengaluru
26300,Mumbai
26301,Delhi
26302,Hyderabad
26303,Hyderabad
26304,Hyderabad
26305,Bengaluru
26306,Hyderabad
26307,Mumbai
26308,Hyderabad
26309,Pune
26310,Mumbai
26311,Mumbai
26312,Pune
26313,Bengaluru
26314,Mumbai
26315,Delhi
26316,Mumbai
26317,Delhi
26318,Delhi
26319,Delhi
26320,Pune
26321,Delhi
26322,Hyderabad
26323,Hyderabad
26324,Bengaluru
26325,Delhi
26326,Pune
26327,Pune
26328,Bengaluru
26329,Pune
26330,Hyderabad
26331,Pune
26332,Mumbai
26333,Mumbai
26334,Delhi
26335,Bengaluru
26336,Bengaluru
26337,Pune
26338,Pune
26339,Delhi
26340,Bengaluru
26341,Hyderabad
26342,Bengaluru
26343,Pune
26344,Bengaluru
26345,Hyderabad
26346,Delhi
26347,Bengaluru
26348,Pune
26349,Mumbai
26350,Mumbai
26351,Hyderabad
26352,Hyderabad
26353,Delhi
26354,Bengaluru
26355,Delhi
26356,Delhi
26357,Pune
26358,Mumbai
26359,Delhi
26360,Bengaluru
26361,Hyderabad
26362,Bengaluru
26363,Hyderabad
26364,Delhi
26365,Hyderabad
26366,Bengaluru
26367,Delhi
26368,Delhi
26369,Hyderabad
26370,Bengaluru
26371,Bengaluru
26372,Delhi
26373,Pune
26374,Delhi
26375,Delhi
26376,Hyderabad
26377,Pune
26378,Delhi
26379,Mumbai
26380,Hyderabad
26381,Bengaluru
26382,Pune
26383,Bengaluru
26384,Pune
26385,Pune
26386,Bengaluru
26387,Bengaluru
26388,Delhi
26389,Bengaluru
26390,Hyderabad
26391,Mumbai
26392,Bengaluru
26393,Delhi
26394,Delhi
26395,Delhi
26396,Bengaluru
26397,Hyderabad
26398,Delhi
26399,Bengaluru
26400,Mumbai
26401,Hyderabad
26402,Hyderabad
26403,Mumbai
26404,Mumbai
26405,Bengaluru
26406,Hyderabad
26407,Bengaluru
26408,Mumbai
26409,Hyderabad
26410,Pune
26411,Pune
26412,Mumbai
26413,Bengaluru
26414,Mumbai
26415,Hyderabad
26416,Delhi
26417,Hyderabad
26418,Hyderabad
26419,Pune
26420,Delhi
26421,Bengaluru
26422,Pune
26423,Hyderabad
26424,Hyderabad
26425,Bengaluru
26426,Mumbai
26427,Pune
26428,Delhi
26429,Mumbai
26430,Hyderabad
26431,Delhi
26432,Bengaluru
26433,Pune
26434,Delhi
26435,Pune
26436,Hyderabad
26437,Mumbai
26438,Mumbai
26439,Mumbai
26440,Delhi
26441,Pune
26442,Mumbai
26443,Mumbai
26444,Bengaluru
26445,Mumbai
26446,Hyderabad
26447,Pune
26448,Delhi
26449,Delhi
26450,Bengaluru
26451,Hyderabad
26452,Hyderabad
26453,Bengaluru
26454,Pune
26455,Pune
26456,Bengaluru
26457,Hyderabad
26458,Hyderabad
26459,Hyderabad
26460,Pune
26461,Bengaluru
26462,Hyderabad
26463,Mumbai
26464,Bengaluru
26465,Bengaluru
26466,Hyderabad
26467,Hyderabad
26468,Bengaluru
26469,Hyderabad
26470,Delhi
26471,Mumbai
26472,Bengaluru
26473,Bengaluru
26474,Mumbai
26475,Mumbai
26476,Pune
26477,Pune
26478,Bengaluru
26479,Bengaluru
26480,Delhi
26481,Hyderabad
26482,Delhi
26483,Hyderabad
26484,Delhi
26485,Hyderabad
26486,Bengaluru
26487,Delhi
26488,Mumbai
26489,Pune
26490,Mumbai
26491,Mumbai
26492,Bengaluru
26493,Bengaluru
26494,Hyderabad
26495,Pune
26496,Bengaluru
26497,Delhi
26498,Pune
26499,Mumbai
26500,Mumbai
26501,Bengaluru
26502,Delhi
26503,Mumbai
26504,Hyderabad
26505,Pune
26506,Bengaluru
26507,Pune
26508,Pune
26509,Delhi
26510,Delhi
26511,Delhi
26512,Delhi
26513,Pune
26514,Bengaluru
26515,Hyderabad
26516,Mumbai
26517,Mumbai
26518,Bengaluru
26519,Pune
26520,Bengaluru
26521,Delhi
26522,Pune
26523,Bengaluru
26524,Hyderabad
26525,Hyderabad
26526,Delhi
26527,Mumbai
26528,Hyderabad
26529,Delhi
26530,Pune
26531,Pune
26532,Pune
26533,Pune
26534,Mumbai
26535,Pune
26536,Mumbai
26537,Mumbai
26538,Delhi
26539,Hyderabad
26540,Pune
26541,Bengaluru
26542,Delhi
26543,Mumbai
26544,Bengaluru
26545,Mumbai
26546,Pune
26547,Bengaluru
26548,Hyderabad
26549,Delhi
26550,Bengaluru
26551,Mumbai
26552,Delhi
26553,Pune
26554,Hyderabad
26555,Pune
26556,Bengaluru
26557,Mumbai
26558,Pune
26559,Hyderabad
26560,Pune
26561,Bengaluru
26562,Delhi
26563,Bengaluru
26564,Pune
26565,Mumbai
26566,Bengaluru
26567,Pune
26568,Pune
26569,Mumbai
26570,Pune
26571,Bengaluru
26572,Delhi
26573,Bengaluru
26574,Mumbai
26575,Hyderabad
26576,Bengaluru
26577,Pune
26578,Delhi
26579,Bengaluru
26580,Hyderabad
26581,Hyderabad
26582,Hyderabad
26583,Bengaluru
26584,Bengaluru
26585,Mumbai
26586,Hyderabad
26587,Bengaluru
26588,Hyderabad
26589,Bengaluru
26590,Mumbai
26591,Bengaluru
26592,Mumbai
26593,Bengaluru
26594,Mumbai
26595,Delhi
26596,Mumbai
26597,Bengaluru
26598,Hyderabad
26599,Delhi
26600,Delhi
26601,Mumbai
26602,Mumbai
26603,Pune
26604,Delhi
26605,Hyderabad
26606,Pune
26607,Hyderabad
26608,Delhi
26609,Mumbai
26610,Bengaluru
26611,Hyderabad
26612,Mumbai
26613,Pune
26614,Bengaluru
26615,Bengaluru
26616,Hyderabad
26617,Hyderabad
26618,Pune
26619,Bengaluru
26620,Mumbai
26621,Pune
26622,Delhi
26623,Pune
26624,Delhi
26625,Delhi
26626,Delhi
26627,Delhi
26628,Hyderabad
26629,Mumbai
26630,Bengaluru
26631,Delhi
26632,Delhi
26633,Hyderabad
26634,Hyderabad
26635,Delhi
26636,Delhi
26637,Delhi
26638,Mumbai
26639,Hyderabad
26640,Bengaluru
26641,Bengaluru
26642,Hyderabad
26643,Bengaluru
26644,Hyderabad
26645,Bengaluru
26646,Hyderabad
26647,Hyderabad
26648,Pune
26649,Delhi
26650,Delhi
26651,Hyderabad
26652,Mumbai
26653,Delhi
26654,Delhi
26655,Delhi
26656,Pune
26657,Pune
26658,Mumbai
26659,Mumbai
26660,Hyderabad
26661,Delhi
26662,Mumbai
26663,Bengaluru
26664,Pune
26665,Hyderabad
26666,Pune
26667,Bengaluru
26668,Delhi
26669,Pune
26670,Pune
26671,Bengaluru
26672,Mumbai
26673,Pune
26674,Bengaluru
26675,Pune
26676,Mumbai
26677,Delhi
26678,Hyderabad
26679,Pune
26680,Bengaluru
26681,Pune
26682,Bengaluru
26683,Delhi
26684,Pune
26685,Mumbai
26686,Pune
26687,Pune
26688,Bengaluru
26689,Mumbai
26690,Mumbai
26691,Delhi
26692,Bengaluru
26693,Delhi
26694,Hyderabad
26695,Delhi
26696,Bengaluru
26697,Bengaluru
26698,Delhi
26699,Mumbai
26700,Bengaluru
26701,Bengaluru
26702,Pune
26703,Mumbai
26704,Bengaluru
26705,Pune
26706,Pune
26707,Bengaluru
26708,Delhi
26709,Pune
26710,Bengaluru
26711,Delhi
26712,Hyderabad
26713,Pune
26714,Hyderabad
26715,Bengaluru
26716,Delhi
26717,Mumbai
26718,Mumbai
26719,Delhi
26720,Delhi
26721,Bengaluru
26722,Mumbai
26723,Mumbai
26724,Hyderabad
26725,Delhi
26726,Delhi
26727,Pune
26728,Hyderabad
26729,Delhi
26730,Bengaluru
26731,Pune
26732,Delhi
26733,Delhi
26734,Mumbai
26735,Bengaluru
26736,Delhi
26737,Pune
26738,Hyderabad
26739,Bengaluru
26740,Delhi
26741,Pune
26742,Bengaluru
26743,Hyderabad
26744,Bengaluru
26745,Hyderabad
26746,Hyderabad
26747,Hyderabad
26748,Pune
26749,Pune
26750,Delhi
26751,Pune
26752,Hyderabad
26753,Mumbai
26754,Pune
26755,Delhi
26756,Pune
26757,Bengaluru
26758,Hyderabad
26759,Mumbai
26760,Mumbai
26761,Delhi
26762,Hyderabad
26763,Pune
26764,Delhi
26765,Hyderabad
26766,Pune
26767,Pune
26768,Hyderabad
26769,Bengaluru
26770,Delhi
26771,Pune
26772,Bengaluru
26773,Mumbai
26774,Mumbai
26775,Pune
26776,Pune
26777,Bengaluru
26778,Hyderabad
26779,Delhi
26780,Mumbai
26781,Bengaluru
26782,Bengaluru
26783,Hyderabad
26784,Mumbai
26785,Mumbai
26786,Bengaluru
26787,Hyderabad
26788,Delhi
26789,Pune
26790,Pune
26791,Mumbai
26792,Mumbai
26793,Mumbai
26794,Mumbai
26795,Hyderabad
26796,Pune
26797,Mumbai
26798,Mumbai
26799,Mumbai
26800,Hyderabad
26801,Pune
26802,Delhi
26803,Delhi
26804,Bengaluru
26805,Mumbai
26806,Hyderabad
26807,Mumbai
26808,Delhi
26809,Mumbai
26810,Mumbai
26811,Pune
26812,Pune
26813,Pune
26814,Hyderabad
26815,Hyderabad
26816,Mumbai
26817,Delhi
26818,Mumbai
26819,Pune
26820,Pune
26821,Mumbai
26822,Hyderabad
26823,Mumbai
26824,Mumbai
26825,Hyderabad
26826,Delhi
26827,Mumbai
26828,Bengaluru
26829,Mumbai
26830,Mumbai
26831,Mumbai
26832,Bengaluru
26833,Hyderabad
26834,Bengaluru
26835,Delhi
26836,Bengaluru
26837,Bengaluru
26838,Pune
26839,Hyderabad
26840,Mumbai
26841,Mumbai
26842,Mumbai
26843,Hyderabad
26844,Delhi
26845,Delhi
26846,Mumbai
26847,Mumbai
26848,Delhi
26849,Pune
26850,Bengaluru
26851,Hyderabad
26852,Hyderabad
26853,Hyderabad
26854,Mumbai
26855,Hyderabad
26856,Bengaluru
26857,Pune
26858,Delhi
26859,Delhi
26860,Bengaluru
26861,Delhi
26862,Delhi
26863,Delhi
26864,Mumbai
26865,Pune
26866,Bengaluru
26867,Pune
26868,Delhi
26869,Pune
26870,Hyderabad
26871,Hyderabad
26872,Hyderabad
26873,Bengaluru
26874,Mumbai
26875,Hyderabad
26876,Mumbai
26877,Bengaluru
26878,Bengaluru
26879,Bengaluru
26880,Pune
26881,Delhi
26882,Mumbai
26883,Mumbai
26884,Mumbai
26885,Mumbai
26886,Pune
26887,Mumbai
26888,Mumbai
26889,Pune
26890,Pune
26891,Pune
26892,Pune
26893,Mumbai
26894,Mumbai
26895,Bengaluru
26896,Pune
26897,Hyderabad
26898,Bengaluru
26899,Pune
26900,Pune
26901,Delhi
26902,Pune
26903,Bengaluru
26904,Pune
26905,Bengaluru
26906,Mumbai
26907,Hyderabad
26908,Delhi
26909,Bengaluru
26910,Mumbai
26911,Pune
26912,Bengaluru
26913,Delhi
26914,Hyderabad
26915,Delhi
26916,Mumbai
26917,Hyderabad
26918,Hyderabad
26919,Delhi
26920,Mumbai
26921,Delhi
26922,Bengaluru
26923,Bengaluru
26924,Pune
26925,Delhi
26926,Bengaluru
26927,Mumbai
26928,Pune
26929,Delhi
26930,Bengaluru
26931,Pune
26932,Pune
26933,Delhi
26934,Hyderabad
26935,Mumbai
26936,Pune
26937,Pune
26938,Pune
26939,Mumbai
26940,Delhi
26941,Hyderabad
26942,Bengaluru
26943,Pune
26944,Mumbai
26945,Bengaluru
26946,Bengaluru
26947,Mumbai
26948,Pune
26949,Mumbai
26950,Hyderabad
26951,Delhi
26952,Pune
26953,Delhi
26954,Pune
26955,Bengaluru
26956,Delhi
26957,Hyderabad
26958,Pune
26959,Delhi
26960,Delhi
26961,Hyderabad
26962,Pune
26963,Hyderabad
26964,Mumbai
26965,Bengaluru
26966,Hyderabad
26967,Mumbai
26968,Hyderabad
26969,Hyderabad
26970,Pune
26971,Hyderabad
26972,Hyderabad
26973,Delhi
26974,Hyderabad
26975,Bengaluru
26976,Delhi
26977,Hyderabad
26978,Hyderabad
26979,Pune
26980,Bengaluru
26981,Hyderabad
26982,Hyderabad
26983,Delhi
26984,Delhi
26985,Bengaluru
26986,Delhi
26987,Hyderabad
26988,Mumbai
26989,Mumbai
26990,Pune
26991,Pune
26992,Delhi
26993,Mumbai
26994,Mumbai
26995,Mumbai
26996,Mumbai
26997,Hyderabad
26998,Delhi
26999,Pune
27000,Bengaluru
27001,Mumbai
27002,Bengaluru
27003,Mumbai
27004,Hyderabad
27005,Hyderabad
27006,Hyderabad
27007,Bengaluru
27008,Bengaluru
27009,Delhi
27010,Hyderabad
27011,Delhi
27012,Hyderabad
27013,Delhi
27014,Mumbai
27015,Delhi
27016,Bengaluru
27017,Bengaluru
27018,Bengaluru
27019,Mumbai
27020,Pune
27021,Pune
27022,Mumbai
27023,Mumbai
27024,Mumbai
27025,Hyderabad
27026,Hyderabad
27027,Delhi
27028,Pune
27029,Delhi
27030,Mumbai
27031,Mumbai
27032,Delhi
27033,Pune
27034,Pune
27035,Hyderabad
27036,Pune
27037,Bengaluru
27038,Hyderabad
27039,Hyderabad
27040,Hyderabad
27041,Mumbai
27042,Mumbai
27043,Mumbai
27044,Pune
27045,Hyderabad
27046,Hyderabad
27047,Pune
27048,Bengaluru
27049,Delhi
27050,Hyderabad
27051,Delhi
27052,Bengaluru
27053,Pune
27054,Hyderabad
27055,Bengaluru
27056,Pune
27057,Bengaluru
27058,Mumbai
27059,Delhi
27060,Hyderabad
27061,Delhi
27062,Pune
27063,Delhi
27064,Pune
27065,Hyderabad
27066,Hyderabad
27067,Hyderabad
27068,Delhi
27069,Pune
27070,Bengaluru
27071,Delhi
27072,Hyderabad
27073,Pune
27074,Pune
27075,Hyderabad
27076,Delhi
27077,Hyderabad
27078,Pune
27079,Mumbai
27080,Hyderabad
27081,Mumbai
27082,Bengaluru
27083,Hyderabad
27084,Pune
27085,Mumbai
27086,Mumbai
27087,Pune
27088,Bengaluru
27089,Bengaluru
27090,Hyderabad
27091,Bengaluru
27092,Hyderabad
27093,Mumbai
27094,Pune
27095,Bengaluru
27096,Pune
27097,Pune
27098,Mumbai
27099,Bengaluru
27100,Bengaluru
27101,Pune
27102,Delhi
27103,Delhi
27104,Delhi
27105,Pune
27106,Hyderabad
27107,Pune
27108,Delhi
27109,Delhi
27110,Pune
27111,Hyderabad
27112,Pune
27113,Delhi
27114,Delhi
27115,Delhi
27116,Pune
27117,Delhi
27118,Bengaluru
27119,Mumbai
27120,Delhi
27121,Pune
27122,Pune
27123,Delhi
27124,Bengaluru
27125,Bengaluru
27126,Bengaluru
27127,Pune
27128,Hyderabad
27129,Pune
27130,Delhi
27131,Hyderabad
27132,Pune
27133,Hyderabad
27134,Mumbai
27135,Delhi
27136,Bengaluru
27137,Delhi
27138,Bengaluru
27139,Pune
27140,Pune
27141,Delhi
27142,Delhi
27143,Delhi
27144,Bengaluru
27145,Mumbai
27146,Mumbai
27147,Delhi
27148,Delhi
27149,Delhi
27150,Bengaluru
27151,Hyderabad
27152,Hyderabad
27153,Hyderabad
27154,Pune
27155,Delhi
27156,Bengaluru
27157,Mumbai
27158,Mumbai
27159,Mumbai
27160,Hyderabad
27161,Pune
27162,Hyderabad
27163,Pune
27164,Bengaluru
27165,Hyderabad
27166,Mumbai
27167,Delhi
27168,Pune
27169,Bengaluru
27170,Bengaluru
27171,Pune
27172,Bengaluru
27173,Mumbai
27174,Pune
27175,Mumbai
27176,Bengaluru
27177,Hyderabad
27178,Delhi
27179,Delhi
27180,Mumbai
27181,Mumbai
27182,Hyderabad
27183,Pune
27184,Bengaluru
27185,Mumbai
27186,Bengaluru
27187,Delhi
27188,Bengaluru
27189,Hyderabad
27190,Hyderabad
27191,Hyderabad
27192,Mumbai
27193,Bengaluru
27194,Hyderabad
27195,Delhi
27196,Bengaluru
27197,Mumbai
27198,Delhi
27199,Hyderabad
27200,Bengaluru
27201,Hyderabad
27202,Pune
27203,Bengaluru
27204,Hyderabad
27205,Pune
27206,Hyderabad
27207,Pune
27208,Hyderabad
27209,Pune
27210,Mumbai
27211,Delhi
27212,Delhi
27213,Mumbai
27214,Hyderabad
27215,Delhi
27216,Bengaluru
27217,Mumbai
27218,Delhi
27219,Pune
27220,Hyderabad
27221,Delhi
27222,Hyderabad
27223,Bengaluru
27224,Delhi
27225,Delhi
27226,Bengaluru
27227,Pune
27228,Mumbai
27229,Delhi
27230,Pune
27231,Pune
27232,Delhi
27233,Hyderabad
27234,Bengaluru
27235,Hyderabad
27236,Delhi
27237,Pune
27238,Mumbai
27239,Hyderabad
27240,Delhi
27241,Bengaluru
27242,Delhi
27243,Hyderabad
27244,Hyderabad
27245,Bengaluru
27246,Mumbai
27247,Pune
27248,Bengaluru
27249,Mumbai
27250,Hyderabad
27251,Delhi
27252,Delhi
27253,Mumbai
27254,Bengaluru
27255,Mumbai
27256,Bengaluru
27257,Delhi
27258,Hyderabad
27259,Hyderabad
27260,Mumbai
27261,Delhi
27262,Hyderabad
27263,Delhi
27264,Hyderabad
27265,Bengaluru
27266,Pune
27267,Mumbai
27268,Delhi
27269,Mumbai
27270,Bengaluru
27271,Mumbai
27272,Bengaluru
27273,Hyderabad
27274,Pune
27275,Pune
27276,Pune
27277,Delhi
27278,Hyderabad
27279,Pune
27280,Pune
27281,Delhi
27282,Hyderabad
27283,Delhi
27284,Bengaluru
27285,Delhi
27286,Bengaluru
27287,Hyderabad
27288,Pune
27289,Delhi
27290,Hyderabad
27291,Mumbai
27292,Mumbai
27293,Bengaluru
27294,Hyderabad
27295,Hyderabad
27296,Mumbai
27297,Hyderabad
27298,Delhi
27299,Hyderabad
27300,Pune
27301,Hyderabad
27302,Delhi
27303,Bengaluru
27304,Hyderabad
27305,Pune
27306,Mumbai
27307,Mumbai
27308,Mumbai
27309,Mumbai
27310,Pune
27311,Bengaluru
27312,Delhi
27313,Hyderabad
27314,Pune
27315,Hyderabad
27316,Delhi
27317,Mumbai
27318,Pune
27319,Pune
27320,Pune
27321,Delhi
27322,Hyderabad
27323,Mumbai
27324,Bengaluru
27325,Pune
27326,Mumbai
27327,Bengaluru
27328,Pune
27329,Pune
27330,Mumbai
27331,Hyderabad
27332,Mumbai
27333,Bengaluru
27334,Delhi
27335,Bengaluru
27336,Hyderabad
27337,Bengaluru
27338,Pune
27339,Hyderabad
27340,Hyderabad
27341,Mumbai
27342,Delhi
27343,Mumbai
27344,Pune
27345,Delhi
27346,Delhi
27347,Hyderabad
27348,Delhi
27349,Pune
27350,Hyderabad
27351,Hyderabad
27352,Hyderabad
27353,Bengaluru
27354,Pune
27355,Mumbai
27356,Mumbai
27357,Mumbai
27358,Pune
27359,Mumbai
27360,Mumbai
27361,Pune
27362,Bengaluru
27363,Pune
27364,Hyderabad
27365,Hyderabad
27366,Hyderabad
27367,Bengaluru
27368,Mumbai
27369,Mumbai
27370,Mumbai
27371,Pune
27372,Hyderabad
27373,Bengaluru
27374,Bengaluru
27375,Pune
27376,Delhi
27377,Delhi
27378,Hyderabad
27379,Pune
27380,Bengaluru
27381,Hyderabad
27382,Delhi
27383,Pune
27384,Pune
27385,Hyderabad
27386,Delhi
27387,Delhi
27388,Bengaluru
27389,Pune
27390,Pune
27391,Pune
27392,Delhi
27393,Delhi
27394,Mumbai
27395,Hyderabad
27396,Hyderabad
27397,Bengaluru
27398,Hyderabad
27399,Hyderabad
27400,Hyderabad
27401,Bengaluru
27402,Pune
27403,Mumbai
27404,Pune
27405,Hyderabad
27406,Bengaluru
27407,Delhi
27408,Hyderabad
27409,Bengaluru
27410,Delhi
27411,Pune
27412,Hyderabad
27413,Bengaluru
27414,Hyderabad
27415,Hyderabad
27416,Delhi
27417,Delhi
27418,Hyderabad
27419,Hyderabad
27420,Pune
27421,Mumbai
27422,Pune
27423,Hyderabad
27424,Mumbai
27425,Hyderabad
27426,Delhi
27427,Hyderabad
27428,Hyderabad
27429,Pune
27430,Pune
27431,Mumbai
27432,Hyderabad
27433,Bengaluru
27434,Mumbai
27435,Bengaluru
27436,Pune
27437,Pune
27438,Bengaluru
27439,Mumbai
27440,Mumbai
27441,Hyderabad
27442,Pune
27443,Bengaluru
27444,Mumbai
27445,Bengaluru
27446,Hyderabad
27447,Bengaluru
27448,Delhi
27449,Bengaluru
27450,Hyderabad
27451,Hyderabad
27452,Bengaluru
27453,Mumbai
27454,Hyderabad
27455,Hyderabad
27456,Hyderabad
27457,Pune
27458,Bengaluru
27459,Hyderabad
27460,Mumbai
27461,Bengaluru
27462,Pune
27463,Bengaluru
27464,Pune
27465,Pune
27466,Hyderabad
27467,Bengaluru
27468,Bengaluru
27469,Bengaluru
27470,Pune
27471,Hyderabad
27472,Mumbai
27473,Mumbai
27474,Pune
27475,Mumbai
27476,Hyderabad
27477,Hyderabad
27478,Mumbai
27479,Pune
27480,Hyderabad
27481,Hyderabad
27482,Mumbai
27483,Mumbai
27484,Delhi
27485,Hyderabad
27486,Pune
27487,Delhi
27488,Hyderabad
27489,Pune
27490,Bengaluru
27491,Mumbai
27492,Delhi
27493,Bengaluru
27494,Pune
27495,Pune
27496,Delhi
27497,Pune
27498,Hyderabad
27499,Hyderabad
27500,Pune
27501,Hyderabad
27502,Mumbai
27503,Mumbai
27504,Delhi
27505,Delhi
27506,Pune
27507,Bengaluru
27508,Pune
27509,Pune
27510,Mumbai
27511,Bengaluru
27512,Mumbai
27513,Mumbai
27514,Bengaluru
27515,Delhi
27516,Delhi
27517,Delhi
27518,Bengaluru
27519,Delhi
27520,Pune
27521,Bengaluru
27522,Delhi
27523,Mumbai
27524,Bengaluru
27525,Hyderabad
27526,Pune
27527,Hyderabad
27528,Hyderabad
27529,Mumbai
27530,Hyderabad
27531,Delhi
27532,Delhi
27533,Delhi
27534,Bengaluru
27535,Delhi
27536,Delhi
27537,Hyderabad
27538,Hyderabad
27539,Mumbai
27540,Bengaluru
27541,Bengaluru
27542,Delhi
27543,Bengaluru
27544,Delhi
27545,Pune
27546,Bengaluru
27547,Bengaluru
27548,Mumbai
27549,Mumbai
27550,Delhi
27551,Bengaluru
27552,Mumbai
27553,Pune
27554,Hyderabad
27555,Pune
27556,Bengaluru
27557,Delhi
27558,Pune
27559,Hyderabad
27560,Hyderabad
27561,Bengaluru
27562,Bengaluru
27563,Hyderabad
27564,Pune
27565,Pune
27566,Hyderabad
27567,Pune
27568,Hyderabad
27569,Bengaluru
27570,Mumbai
27571,Mumbai
27572,Delhi
27573,Delhi
27574,Delhi
27575,Pune
27576,Hyderabad
27577,Delhi
27578,Delhi
27579,Pune
27580,Pune
27581,Hyderabad
27582,Delhi
27583,Bengaluru
27584,Mumbai
27585,Pune
27586,Pune
27587,Delhi
27588,Bengaluru
27589,Bengaluru
27590,Pune
27591,Mumbai
27592,Mumbai
27593,Hyderabad
27594,Delhi
27595,Pune
27596,Mumbai
27597,Pune
27598,Hyderabad
27599,Mumbai
27600,Bengaluru
27601,Delhi
27602,Hyderabad
27603,Pune
27604,Delhi
27605,Pune
27606,Mumbai
27607,Hyderabad
27608,Mumbai
27609,Pune
27610,Mumbai
27611,Bengaluru
27612,Hyderabad
27613,Pune
27614,Hyderabad
27615,Mumbai
27616,Bengaluru
27617,Mumbai
27618,Hyderabad
27619,Bengaluru
27620,Delhi
27621,Hyderabad
27622,Delhi
27623,Delhi
27624,Mumbai
27625,Mumbai
27626,Mumbai
27627,Mumbai
27628,Delhi
27629,Bengaluru
27630,Pune
27631,Delhi
27632,Bengaluru
27633,Hyderabad
27634,Delhi
27635,Delhi
27636,Hyderabad
27637,Mumbai
27638,Hyderabad
27639,Pune
27640,Pune
27641,Bengaluru
27642,Pune
27643,Mumbai
27644,Delhi
27645,Delhi
27646,Pune
27647,Pune
27648,Delhi
27649,Pune
27650,Mumbai
27651,Bengaluru
27652,Delhi
27653,Hyderabad
27654,Delhi
27655,Hyderabad
27656,Delhi
27657,Bengaluru
27658,Pune
27659,Delhi
27660,Hyderabad
27661,Bengaluru
27662,Pune
27663,Bengaluru
27664,Pune
27665,Bengaluru
27666,Delhi
27667,Bengaluru
27668,Mumbai
27669,Mumbai
27670,Bengaluru
27671,Hyderabad
27672,Bengaluru
27673,Pune
27674,Hyderabad
27675,Hyderabad
27676,Bengaluru
27677,Delhi
27678,Bengaluru
27679,Mumbai
27680,Delhi
27681,Delhi
27682,Pune
27683,Pune
27684,Bengaluru
27685,Hyderabad
27686,Delhi
27687,Hyderabad
27688,Mumbai
27689,Pune
27690,Pune
27691,Delhi
27692,Bengaluru
27693,Mumbai
27694,Hyderabad
27695,Mumbai
27696,Hyderabad
27697,Pune
27698,Delhi
27699,Mumbai
27700,Mumbai
27701,Bengaluru
27702,Mumbai
27703,Pune
27704,Delhi
27705,Bengaluru
27706,Hyderabad
27707,Hyderabad
27708,Pune
27709,Mumbai
27710,Bengaluru
27711,Hyderabad
27712,Mumbai
27713,Pune
27714,Pune
27715,Pune
27716,Pune
27717,Bengaluru
27718,Hyderabad
27719,Pune
27720,Pune
27721,Pune
27722,Pune
27723,Bengaluru
27724,Bengaluru
27725,Mumbai
27726,Delhi
27727,Pune
27728,Mumbai
27729,Delhi
27730,Mumbai
27731,Bengaluru
27732,Mumbai
27733,Mumbai
27734,Mumbai
27735,Mumbai
27736,Delhi
27737,Hyderabad
27738,Hyderabad
27739,Hyderabad
27740,Bengaluru
27741,Bengaluru
27742,Mumbai
27743,Pune
27744,Pune
27745,Hyderabad
27746,Mumbai
27747,Pune
27748,Pune
27749,Delhi
27750,Hyderabad
27751,Bengaluru
27752,Bengaluru
27753,Pune
27754,Pune
27755,Hyderabad
27756,Bengaluru
27757,Delhi
27758,Mumbai
27759,Delhi
27760,Delhi
27761,Pune
27762,Bengaluru
27763,Delhi
27764,Delhi
27765,Bengaluru
27766,Hyderabad
27767,Mumbai
27768,Mumbai
27769,Mumbai
27770,Delhi
27771,Bengaluru
27772,Pune
27773,Delhi
27774,Pune
27775,Delhi
27776,Pune
27777,Delhi
27778,Mumbai
27779,Pune
27780,Bengaluru
27781,Bengaluru
27782,Hyderabad
27783,Pune
27784,Mumbai
27785,Pune
27786,Mumbai
27787,Pune
27788,Mumbai
27789,Bengaluru
27790,Hyderabad
27791,Hyderabad
27792,Delhi
27793,Pune
27794,Hyderabad
27795,Delhi
27796,Delhi
27797,Hyderabad
27798,Mumbai
27799,Mumbai
27800,Pune
27801,Pune
27802,Pune
27803,Delhi
27804,Bengaluru
27805,Delhi
27806,Hyderabad
27807,Bengaluru
27808,Bengaluru
27809,Mumbai
27810,Hyderabad
27811,Delhi
27812,Bengaluru
27813,Mumbai
27814,Delhi
27815,Delhi
27816,Bengaluru
27817,Mumbai
27818,Delhi
27819,Delhi
27820,Delhi
27821,Hyderabad
27822,Pune
27823,Pune
27824,Mumbai
27825,Mumbai
27826,Hyderabad
27827,Hyderabad
27828,Mumbai
27829,Hyderabad
27830,Bengaluru
27831,Delhi
27832,Pune
27833,Mumbai
27834,Mumbai
27835,Bengaluru
27836,Delhi
27837,Delhi
27838,Delhi
27839,Pune
27840,Bengaluru
27841,Delhi
27842,Pune
27843,Delhi
27844,Hyderabad
27845,Mumbai
27846,Mumbai
27847,Delhi
27848,Bengaluru
27849,Bengaluru
27850,Delhi
27851,Hyderabad
27852,Pune
27853,Hyderabad
27854,Hyderabad
27855,Pune
27856,Hyderabad
27857,Delhi
27858,Mumbai
27859,Bengaluru
27860,Mumbai
27861,Bengaluru
27862,Delhi
27863,Bengaluru
27864,Hyderabad
27865,Delhi
27866,Delhi
27867,Mumbai
27868,Pune
27869,Pune
27870,Pune
27871,Pune
27872,Bengaluru
27873,Hyderabad
27874,Mumbai
27875,Bengaluru
27876,Hyderabad
27877,Delhi
27878,Hyderabad
27879,Bengaluru
27880,Bengaluru
27881,Bengaluru
27882,Hyderabad
27883,Pune
27884,Mumbai
27885,Bengaluru
27886,Delhi
27887,Mumbai
27888,Hyderabad
27889,Bengaluru
27890,Delhi
27891,Bengaluru
27892,Bengaluru
27893,Delhi
27894,Mumbai
27895,Pune
27896,Pune
27897,Hyderabad
27898,Pune
27899,Mumbai
27900,Bengaluru
27901,Bengaluru
27902,Pune
27903,Hyderabad
27904,Bengaluru
27905,Hyderabad
27906,Pune
27907,Bengaluru
27908,Bengaluru
27909,Hyderabad
27910,Pune
27911,Hyderabad
27912,Delhi
27913,Pune
27914,Delhi
27915,Mumbai
27916,Delhi
27917,Pune
27918,Bengaluru
27919,Pune
27920,Hyderabad
27921,Bengaluru
27922,Mumbai
27923,Pune
27924,Hyderabad
27925,Mumbai
27926,Mumbai
27927,Bengaluru
27928,Delhi
27929,Delhi
27930,Mumbai
27931,Mumbai
27932,Bengaluru
27933,Pune
27934,Bengaluru
27935,Bengaluru
27936,Mumbai
27937,Mumbai
27938,Bengaluru
27939,Mumbai
27940,Hyderabad
27941,Pune
27942,Delhi
27943,Delhi
27944,Bengaluru
27945,Delhi
27946,Mumbai
27947,Mumbai
27948,Delhi
27949,Bengaluru
27950,Bengaluru
27951,Delhi
27952,Mumbai
27953,Bengaluru
27954,Pune
27955,Pune
27956,Pune
27957,Bengaluru
27958,Bengaluru
27959,Delhi
27960,Bengaluru
27961,Delhi
27962,Delhi
27963,Hyderabad
27964,Hyderabad
27965,Mumbai
27966,Bengaluru
27967,Bengaluru
27968,Pune
27969,Pune
27970,Mumbai
27971,Mumbai
27972,Hyderabad
27973,Mumbai
27974,Mumbai
27975,Mumbai
27976,Mumbai
27977,Delhi
27978,Bengaluru
27979,Bengaluru
27980,Delhi
27981,Mumbai
27982,Hyderabad
27983,Mumbai
27984,Mumbai
27985,Mumbai
27986,Bengaluru
27987,Delhi
27988,Pune
27989,Mumbai
27990,Bengaluru
27991,Bengaluru
27992,Hyderabad
27993,Bengaluru
27994,Bengaluru
27995,Bengaluru
27996,Mumbai
27997,Delhi
27998,Hyderabad
27999,Delhi
28000,Mumbai
28001,Mumbai
28002,Hyderabad
28003,Bengaluru
28004,Mumbai
28005,Mumbai
28006,Mumbai
28007,Delhi
28008,Mumbai
28009,Hyderabad
28010,Pune
28011,Bengaluru
28012,Mumbai
28013,Mumbai
28014,Mumbai
28015,Hyderabad
28016,Delhi
28017,Delhi
28018,Pune
28019,Delhi
28020,Delhi
28021,Mumbai
28022,Mumbai
28023,Delhi
28024,Mumbai
28025,Hyderabad
28026,Pune
28027,Delhi
28028,Delhi
28029,Hyderabad
28030,Pune
28031,Pune
28032,Bengaluru
28033,Mumbai
28034,Delhi
28035,Hyderabad
28036,Hyderabad
28037,Pune
28038,Pune
28039,Mumbai
28040,Delhi
28041,Mumbai
28042,Bengaluru
28043,Hyderabad
28044,Delhi
28045,Mumbai
28046,Pune
28047,Pune
28048,Pune
28049,Mumbai
28050,Delhi
28051,Hyderabad
28052,Hyderabad
28053,Delhi
28054,Mumbai
28055,Hyderabad
28056,Pune
28057,Mumbai
28058,Delhi
28059,Pune
28060,Bengaluru
28061,Delhi
28062,Mumbai
28063,Pune
28064,Pune
28065,Delhi
28066,Delhi
28067,Hyderabad
28068,Bengaluru
28069,Delhi
28070,Pune
28071,Pune
28072,Mumbai
28073,Delhi
28074,Mumbai
28075,Hyderabad
28076,Bengaluru
28077,Hyderabad
28078,Pune
28079,Pune
28080,Delhi
28081,Bengaluru
28082,Delhi
28083,Pune
28084,Delhi
28085,Mumbai
28086,Mumbai
28087,Pune
28088,Hyderabad
28089,Delhi
28090,Mumbai
28091,Delhi
28092,Pune
28093,Delhi
28094,Pune
28095,Pune
28096,Delhi
28097,Mumbai
28098,Delhi
28099,Mumbai
28100,Hyderabad
28101,Hyderabad
28102,Pune
28103,Mumbai
28104,Hyderabad
28105,Hyderabad
28106,Delhi
28107,Mumbai
28108,Mumbai
28109,Delhi
28110,Mumbai
28111,Pune
28112,Pune
28113,Hyderabad
28114,Mumbai
28115,Delhi
28116,Bengaluru
28117,Delhi
28118,Pune
28119,Bengaluru
28120,Mumbai
28121,Pune
28122,Pune
28123,Mumbai
28124,Hyderabad
28125,Mumbai
28126,Delhi
28127,Delhi
28128,Mumbai
28129,Delhi
28130,Pune
28131,Hyderabad
28132,Delhi
28133,Hyderabad
28134,Pune
28135,Mumbai
28136,Hyderabad
28137,Bengaluru
28138,Pune
28139,Bengaluru
28140,Pune
28141,Hyderabad
28142,Mumbai
28143,Delhi
28144,Hyderabad
28145,Pune
28146,Hyderabad
28147,Mumbai
28148,Hyderabad
28149,Hyderabad
28150,Hyderabad
28151,Bengaluru
28152,Pune
28153,Bengaluru
28154,Delhi
28155,Mumbai
28156,Hyderabad
28157,Bengaluru
28158,Bengaluru
28159,Pune
28160,Hyderabad
28161,Mumbai
28162,Pune
28163,Bengaluru
28164,Bengaluru
28165,Mumbai
28166,Bengaluru
28167,Pune
28168,Mumbai
28169,Pune
28170,Mumbai
28171,Pune
28172,Bengaluru
28173,Pune
28174,Mumbai
28175,Bengaluru
28176,Bengaluru
28177,Delhi
28178,Hyderabad
28179,Hyderabad
28180,Pune
28181,Pune
28182,Hyderabad
28183,Bengaluru
28184,Hyderabad
28185,Mumbai
28186,Pune
28187,Delhi
28188,Hyderabad
28189,Mumbai
28190,Bengaluru
28191,Mumbai
28192,Bengaluru
28193,Delhi
28194,Pune
28195,Mumbai
28196,Hyderabad
28197,Delhi
28198,Pune
28199,Pune
28200,Mumbai
28201,Delhi
28202,Delhi
28203,Mumbai
28204,Hyderabad
28205,Mumbai
28206,Pune
28207,Delhi
28208,Delhi
28209,Pune
28210,Mumbai
28211,Mumbai
28212,Hyderabad
28213,Bengaluru
28214,Pune
28215,Mumbai
28216,Hyderabad
28217,Hyderabad
28218,Delhi
28219,Bengaluru
28220,Mumbai
28221,Pune
28222,Hyderabad
28223,Delhi
28224,Hyderabad
28225,Bengaluru
28226,Bengaluru
28227,Mumbai
28228,Pune
28229,Pune
28230,Delhi
28231,Hyderabad
28232,Pune
28233,Bengaluru
28234,Hyderabad
28235,Pune
28236,Pune
28237,Bengaluru
28238,Pune
28239,Hyderabad
28240,Mumbai
28241,Mumbai
28242,Delhi
28243,Mumbai
28244,Hyderabad
28245,Bengaluru
28246,Bengaluru
28247,Bengaluru
28248,Pune
28249,Bengaluru
28250,Mumbai
28251,Delhi
28252,Hyderabad
28253,Bengaluru
28254,Bengaluru
28255,Pune
28256,Mumbai
28257,Hyderabad
28258,Hyderabad
28259,Delhi
28260,Hyderabad
28261,Bengaluru
28262,Bengaluru
28263,Mumbai
28264,Mumbai
28265,Mumbai
28266,Delhi
28267,Delhi
28268,Mumbai
28269,Pune
28270,Pune
28271,Pune
28272,Mumbai
28273,Delhi
28274,Hyderabad
28275,Bengaluru
28276,Delhi
28277,Bengaluru
28278,Hyderabad
28279,Hyderabad
28280,Delhi
28281,Bengaluru
28282,Bengaluru
28283,Bengaluru
28284,Pune
28285,Pune
28286,Hyderabad
28287,Mumbai
28288,Bengaluru
28289,Bengaluru
28290,Delhi
28291,Hyderabad
28292,Bengaluru
28293,Bengaluru
28294,Pune
28295,Bengaluru
28296,Delhi
28297,Hyderabad
28298,Hyderabad
28299,Bengaluru
28300,Bengaluru
28301,Bengaluru
28302,Delhi
28303,Mumbai
28304,Bengaluru
28305,Mumbai
28306,Hyderabad
28307,Hyderabad
28308,Pune
28309,Pune
28310,Bengaluru
28311,Pune
28312,Hyderabad
28313,Bengaluru
28314,Bengaluru
28315,Hyderabad
28316,Hyderabad
28317,Bengaluru
28318,Mumbai
28319,Delhi
28320,Mumbai
28321,Bengaluru
28322,Mumbai
28323,Delhi
28324,Hyderabad
28325,Delhi
28326,Delhi
28327,Hyderabad
28328,Delhi
28329,Mumbai
28330,Bengaluru
28331,Mumbai
28332,Delhi
28333,Mumbai
28334,Bengaluru
28335,Pune
28336,Bengaluru
28337,Pune
28338,Hyderabad
28339,Bengaluru
28340,Pune
28341,Hyderabad
28342,Bengaluru
28343,Mumbai
28344,Hyderabad
28345,Pune
28346,Bengaluru
28347,Bengaluru
28348,Delhi
28349,Pune
28350,Bengaluru
28351,Bengaluru
28352,Pune
28353,Bengaluru
28354,Mumbai
28355,Mumbai
28356,Bengaluru
28357,Hyderabad
28358,Delhi
28359,Bengaluru
28360,Mumbai
28361,Delhi
28362,Pune
28363,Bengaluru
28364,Mumbai
28365,Hyderabad
28366,Hyderabad
28367,Bengaluru
28368,Delhi
28369,Bengaluru
28370,Bengaluru
28371,Mumbai
28372,Hyderabad
28373,Pune
28374,Delhi
28375,Delhi
28376,Mumbai
28377,Pune
28378,Bengaluru
28379,Hyderabad
28380,Mumbai
28381,Pune
28382,Pune
28383,Hyderabad
28384,Delhi
28385,Pune
28386,Pune
28387,Delhi
28388,Pune
28389,Mumbai
28390,Hyderabad
28391,Bengaluru
28392,Mumbai
28393,Hyderabad
28394,Bengaluru
28395,Bengaluru
28396,Pune
28397,Delhi
28398,Hyderabad
28399,Bengaluru
28400,Pune
28401,Bengaluru
28402,Hyderabad
28403,Delhi
28404,Mumbai
28405,Mumbai
28406,Mumbai
28407,Bengaluru
28408,Delhi
28409,Delhi
28410,Bengaluru
28411,Bengaluru
28412,Mumbai
28413,Bengaluru
28414,Delhi
28415,Mumbai
28416,Delhi
28417,Bengaluru
28418,Pune
28419,Hyderabad
28420,Pune
28421,Mumbai
28422,Pune
28423,Bengaluru
28424,Pune
28425,Hyderabad
28426,Delhi
28427,Delhi
28428,Delhi
28429,Mumbai
28430,Delhi
28431,Mumbai
28432,Pune
28433,Delhi
28434,Bengaluru
28435,Bengaluru
28436,Mumbai
28437,Delhi
28438,Delhi
28439,Pune
28440,Bengaluru
28441,Pune
28442,Hyderabad
28443,Hyderabad
28444,Hyderabad
28445,Hyderabad
28446,Delhi
28447,Hyderabad
28448,Hyderabad
28449,Delhi
28450,Pune
28451,Pune
28452,Hyderabad
28453,Delhi
28454,Hyderabad
28455,Hyderabad
28456,Hyderabad
28457,Mumbai
28458,Bengaluru
28459,Bengaluru
28460,Delhi
28461,Bengaluru
28462,Hyderabad
28463,Delhi
28464,Pune
28465,Pune
28466,Delhi
28467,Pune
28468,Mumbai
28469,Delhi
28470,Delhi
28471,Hyderabad
28472,Delhi
28473,Mumbai
28474,Mumbai
28475,Pune
28476,Bengaluru
28477,Pune
28478,Mumbai
28479,Pune
28480,Pune
28481,Mumbai
28482,Delhi
28483,Pune
28484,Delhi
28485,Bengaluru
28486,Delhi
28487,Pune
28488,Bengaluru
28489,Pune
28490,Bengaluru
28491,Bengaluru
28492,Bengaluru
28493,Delhi
28494,Delhi
28495,Bengaluru
28496,Mumbai
28497,Bengaluru
28498,Pune
28499,Hyderabad
28500,Pune
28501,Mumbai
28502,Delhi
28503,Bengaluru
28504,Hyderabad
28505,Pune
28506,Bengaluru
28507,Bengaluru
28508,Bengaluru
28509,Pune
28510,Pune
28511,Hyderabad
28512,Hyderabad
28513,Bengaluru
28514,Delhi
28515,Bengaluru
28516,Pune
28517,Mumbai
28518,Hyderabad
28519,Mumbai
28520,Bengaluru
28521,Pune
28522,Pune
28523,Mumbai
28524,Mumbai
28525,Hyderabad
28526,Bengaluru
28527,Bengaluru
28528,Delhi
28529,Mumbai
28530,Mumbai
28531,Mumbai
28532,Mumbai
28533,Hyderabad
28534,Mumbai
28535,Mumbai
28536,Mumbai
28537,Hyderabad
28538,Mumbai
28539,Delhi
28540,Bengaluru
28541,Hyderabad
28542,Delhi
28543,Pune
28544,Delhi
28545,Mumbai
28546,Hyderabad
28547,Mumbai
28548,Delhi
28549,Hyderabad
28550,Hyderabad
28551,Hyderabad
28552,Delhi
28553,Bengaluru
28554,Bengaluru
28555,Delhi
28556,Bengaluru
28557,Bengaluru
28558,Hyderabad
28559,Delhi
28560,Pune
28561,Hyderabad
28562,Bengaluru
28563,Mumbai
28564,Delhi
28565,Bengaluru
28566,Bengaluru
28567,Mumbai
28568,Delhi
28569,Bengaluru
28570,Delhi
28571,Mumbai
28572,Delhi
28573,Pune
28574,Mumbai
28575,Mumbai
28576,Hyderabad
28577,Hyderabad
28578,Mumbai
28579,Bengaluru
28580,Pune
28581,Delhi
28582,Bengaluru
28583,Delhi
28584,Pune
28585,Hyderabad
28586,Bengaluru
28587,Hyderabad
28588,Pune
28589,Hyderabad
28590,Mumbai
28591,Bengaluru
28592,Mumbai
28593,Hyderabad
28594,Bengaluru
28595,Bengaluru
28596,Bengaluru
28597,Delhi
28598,Bengaluru
28599,Hyderabad
28600,Delhi
28601,Delhi
28602,Mumbai
28603,Delhi
28604,Bengaluru
28605,Hyderabad
28606,Delhi
28607,Mumbai
28608,Hyderabad
28609,Bengaluru
28610,Delhi
28611,Delhi
28612,Pune
28613,Hyderabad
28614,Pune
28615,Pune
28616,Delhi
28617,Mumbai
28618,Hyderabad
28619,Bengaluru
28620,Mumbai
28621,Bengaluru
28622,Hyderabad
28623,Hyderabad
28624,Hyderabad
28625,Mumbai
28626,Bengaluru
28627,Pune
28628,Mumbai
28629,Delhi
28630,Pune
28631,Hyderabad
28632,Bengaluru
28633,Mumbai
28634,Pune
28635,Hyderabad
28636,Hyderabad
28637,Bengaluru
28638,Mumbai
28639,Bengaluru
28640,Mumbai
28641,Hyderabad
28642,Pune
28643,Delhi
28644,Mumbai
28645,Pune
28646,Hyderabad
28647,Hyderabad
28648,Bengaluru
28649,Delhi
28650,Delhi
28651,Hyderabad
28652,Delhi
28653,Delhi
28654,Pune
28655,Delhi
28656,Hyderabad
28657,Hyderabad
28658,Delhi
28659,Bengaluru
28660,Hyderabad
28661,Delhi
28662,Mumbai
28663,Hyderabad
28664,Bengaluru
28665,Pune
28666,Hyderabad
28667,Pune
28668,Hyderabad
28669,Bengaluru
28670,Delhi
28671,Delhi
28672,Mumbai
28673,Hyderabad
28674,Hyderabad
28675,Hyderabad
28676,Pune
28677,Bengaluru
28678,Pune
28679,Bengaluru
28680,Bengaluru
28681,Pune
28682,Delhi
28683,Pune
28684,Pune
28685,Mumbai
28686,Mumbai
28687,Pune
28688,Delhi
28689,Delhi
28690,Pune
28691,Bengaluru
28692,Bengaluru
28693,Pune
28694,Delhi
28695,Mumbai
28696,Pune
28697,Pune
28698,Bengaluru
28699,Mumbai
28700,Pune
28701,Hyderabad
28702,Bengaluru
28703,Delhi
28704,Hyderabad
28705,Hyderabad
28706,Bengaluru
28707,Mumbai
28708,Delhi
28709,Mumbai
28710,Bengaluru
28711,Hyderabad
28712,Delhi
28713,Mumbai
28714,Pune
28715,Pune
28716,Hyderabad
28717,Hyderabad
28718,Mumbai
28719,Hyderabad
28720,Pune
28721,Delhi
28722,Delhi
28723,Delhi
28724,Pune
28725,Pune
28726,Mumbai
28727,Delhi
28728,Bengaluru
28729,Hyderabad
28730,Delhi
28731,Mumbai
28732,Mumbai
28733,Mumbai
28734,Delhi
28735,Mumbai
28736,Mumbai
28737,Delhi
28738,Hyderabad
28739,Bengaluru
28740,Bengaluru
28741,Delhi
28742,Bengaluru
28743,Pune
28744,Mumbai
28745,Delhi
28746,Bengaluru
28747,Delhi
28748,Delhi
28749,Mumbai
28750,Pune
28751,Hyderabad
28752,Bengaluru
28753,Delhi
28754,Hyderabad
28755,Delhi
28756,Delhi
28757,Pune
28758,Delhi
28759,Hyderabad
28760,Bengaluru
28761,Pune
28762,Mumbai
28763,Pune
28764,Hyderabad
28765,Pune
28766,Bengaluru
28767,Mumbai
28768,Delhi
28769,Mumbai
28770,Delhi
28771,Pune
28772,Bengaluru
28773,Mumbai
28774,Mumbai
28775,Mumbai
28776,Mumbai
28777,Hyderabad
28778,Delhi
28779,Hyderabad
28780,Delhi
28781,Delhi
28782,Mumbai
28783,Mumbai
28784,Bengaluru
28785,Delhi
28786,Hyderabad
28787,Mumbai
28788,Hyderabad
28789,Pune
28790,Mumbai
28791,Bengaluru
28792,Delhi
28793,Bengaluru
28794,Mumbai
28795,Hyderabad
28796,Pune
28797,Pune
28798,Mumbai
28799,Hyderabad
28800,Hyderabad
28801,Bengaluru
28802,Pune
28803,Mumbai
28804,Bengaluru
28805,Pune
28806,Delhi
28807,Mumbai
28808,Hyderabad
28809,Mumbai
28810,Mumbai
28811,Bengaluru
28812,Delhi
28813,Bengaluru
28814,Pune
28815,Pune
28816,Hyderabad
28817,Mumbai
28818,Bengaluru
28819,Delhi
28820,Mumbai
28821,Hyderabad
28822,Mumbai
28823,Pune
28824,Pune
28825,Hyderabad
28826,Mumbai
28827,Pune
28828,Bengaluru
28829,Pune
28830,Mumbai
28831,Mumbai
28832,Delhi
28833,Bengaluru
28834,Mumbai
28835,Bengaluru
28836,Mumbai
28837,Hyderabad
28838,Mumbai
28839,Hyderabad
28840,Bengaluru
28841,Delhi
28842,Hyderabad
28843,Delhi
28844,Bengaluru
28845,Mumbai
28846,Mumbai
28847,Bengaluru
28848,Pune
28849,Bengaluru
28850,Hyderabad
28851,Bengaluru
28852,Bengaluru
28853,Hyderabad
28854,Mumbai
28855,Mumbai
28856,Mumbai
28857,Delhi
28858,Hyderabad
28859,Mumbai
28860,Pune
28861,Hyderabad
28862,Pune
28863,Bengaluru
28864,Hyderabad
28865,Bengaluru
28866,Bengaluru
28867,Bengaluru
28868,Bengaluru
28869,Mumbai
28870,Hyderabad
28871,Delhi
28872,Pune
28873,Bengaluru
28874,Pune
28875,Mumbai
28876,Mumbai
28877,Delhi
28878,Pune
28879,Delhi
28880,Pune
28881,Bengaluru
28882,Hyderabad
28883,Delhi
28884,Delhi
28885,Hyderabad
28886,Delhi
28887,Bengaluru
28888,Pune
28889,Hyderabad
28890,Hyderabad
28891,Mumbai
28892,Mumbai
28893,Bengaluru
28894,Delhi
28895,Delhi
28896,Mumbai
28897,Mumbai
28898,Mumbai
28899,Bengaluru
28900,Pune
28901,Pune
28902,Pune
28903,Hyderabad
28904,Bengaluru
28905,Delhi
28906,Delhi
28907,Pune
28908,Delhi
28909,Pune
28910,Delhi
28911,Mumbai
28912,Pune
28913,Bengaluru
28914,Bengaluru
28915,Hyderabad
28916,Delhi
28917,Delhi
28918,Mumbai
28919,Hyderabad
28920,Bengaluru
28921,Bengaluru
28922,Pune
28923,Pune
28924,Pune
28925,Pune
28926,Pune
28927,Delhi
28928,Bengaluru
28929,Delhi
28930,Mumbai
28931,Pune
28932,Pune
28933,Bengaluru
28934,Mumbai
28935,Bengaluru
28936,Hyderabad
28937,Mumbai
28938,Hyderabad
28939,Bengaluru
28940,Delhi
28941,Pune
28942,Hyderabad
28943,Bengaluru
28944,Pune
28945,Bengaluru
28946,Hyderabad
28947,Bengaluru
28948,Mumbai
28949,Mumbai
28950,Mumbai
28951,Bengaluru
28952,Bengaluru
28953,Pune
28954,Pune
28955,Hyderabad
28956,Pune
28957,Bengaluru
28958,Pune
28959,Pune
28960,Pune
28961,Mumbai
28962,Delhi
28963,Mumbai
28964,Mumbai
28965,Mumbai
28966,Mumbai
28967,Pune
28968,Bengaluru
28969,Hyderabad
28970,Delhi
28971,Hyderabad
28972,Mumbai
28973,Bengaluru
28974,Mumbai
28975,Pune
28976,Hyderabad
28977,Delhi
28978,Hyderabad
28979,Delhi
28980,Pune
28981,Mumbai
28982,Pune
28983,Bengaluru
28984,Bengaluru
28985,Delhi
28986,Mumbai
28987,Hyderabad
28988,Delhi
28989,Mumbai
28990,Bengaluru
28991,Bengaluru
28992,Bengaluru
28993,Mumbai
28994,Pune
28995,Delhi
28996,Mumbai
28997,Hyderabad
28998,Hyderabad
28999,Hyderabad
29000,Mumbai
29001,Mumbai
29002,Bengaluru
29003,Mumbai
29004,Mumbai
29005,Delhi
29006,Pune
29007,Delhi
29008,Hyderabad
29009,Hyderabad
29010,Pune
29011,Pune
29012,Hyderabad
29013,Mumbai
29014,Mumbai
29015,Pune
29016,Hyderabad
29017,Delhi
29018,Bengaluru
29019,Pune
29020,Hyderabad
29021,Mumbai
29022,Pune
29023,Pune
29024,Delhi
29025,Hyderabad
29026,Bengaluru
29027,Delhi
29028,Mumbai
29029,Hyderabad
29030,Mumbai
29031,Bengaluru
29032,Bengaluru
29033,Bengaluru
29034,Delhi
29035,Bengaluru
29036,Pune
29037,Delhi
29038,Mumbai
29039,Pune
29040,Pune
29041,Delhi
29042,Mumbai
29043,Pune
29044,Pune
29045,Mumbai
29046,Delhi
29047,Bengaluru
29048,Mumbai
29049,Pune
29050,Mumbai
29051,Delhi
29052,Delhi
29053,Delhi
29054,Mumbai
29055,Mumbai
29056,Pune
29057,Delhi
29058,Pune
29059,Delhi
29060,Pune
29061,Hyderabad
29062,Pune
29063,Pune
29064,Delhi
29065,Hyderabad
29066,Pune
29067,Hyderabad
29068,Delhi
29069,Hyderabad
29070,Pune
29071,Mumbai
29072,Mumbai
29073,Delhi
29074,Hyderabad
29075,Delhi
29076,Delhi
29077,Bengaluru
29078,Bengaluru
29079,Delhi
29080,Pune
29081,Mumbai
29082,Delhi
29083,Bengaluru
29084,Pune
29085,Hyderabad
29086,Mumbai
29087,Hyderabad
29088,Pune
29089,Delhi
29090,Pune
29091,Hyderabad
29092,Delhi
29093,Bengaluru
29094,Mumbai
29095,Bengaluru
29096,Pune
29097,Mumbai
29098,Pune
29099,Pune
29100,Pune
29101,Mumbai
29102,Hyderabad
29103,Mumbai
29104,Delhi
29105,Bengaluru
29106,Hyderabad
29107,Pune
29108,Hyderabad
29109,Mumbai
29110,Delhi
29111,Delhi
29112,Mumbai
29113,Bengaluru
29114,Mumbai
29115,Hyderabad
29116,Bengaluru
29117,Delhi
29118,Pune
29119,Delhi
29120,Bengaluru
29121,Mumbai
29122,Mumbai
29123,Mumbai
29124,Delhi
29125,Pune
29126,Pune
29127,Hyderabad
29128,Bengaluru
29129,Delhi
29130,Delhi
29131,Pune
29132,Hyderabad
29133,Pune
29134,Mumbai
29135,Delhi
29136,Bengaluru
29137,Hyderabad
29138,Delhi
29139,Bengaluru
29140,Pune
29141,Bengaluru
29142,Mumbai
29143,Mumbai
29144,Hyderabad
29145,Hyderabad
29146,Mumbai
29147,Bengaluru
29148,Delhi
29149,Pune
29150,Hyderabad
29151,Mumbai
29152,Mumbai
29153,Mumbai
29154,Pune
29155,Mumbai
29156,Bengaluru
29157,Hyderabad
29158,Delhi
29159,Delhi
29160,Bengaluru
29161,Pune
29162,Pune
29163,Pune
29164,Pune
29165,Bengaluru
29166,Pune
29167,Mumbai
29168,Pune
29169,Mumbai
29170,Mumbai
29171,Hyderabad
29172,Pune
29173,Mumbai
29174,Bengaluru
29175,Bengaluru
29176,Bengaluru
29177,Mumbai
29178,Mumbai
29179,Bengaluru
29180,Bengaluru
29181,Hyderabad
29182,Delhi
29183,Hyderabad
29184,Delhi
29185,Mumbai
29186,Pune
29187,Delhi
29188,Hyderabad
29189,Mumbai
29190,Mumbai
29191,Mumbai
29192,Pune
29193,Pune
29194,Hyderabad
29195,Pune
29196,Bengaluru
29197,Hyderabad
29198,Mumbai
29199,Hyderabad
29200,Hyderabad
29201,Pune
29202,Pune
29203,Bengaluru
29204,Mumbai
29205,Pune
29206,Bengaluru
29207,Delhi
29208,Delhi
29209,Hyderabad
29210,Delhi
29211,Pune
29212,Hyderabad
29213,Mumbai
29214,Bengaluru
29215,Hyderabad
29216,Delhi
29217,Pune
29218,Delhi
29219,Hyderabad
29220,Bengaluru
29221,Bengaluru
29222,Mumbai
29223,Mumbai
29224,Delhi
29225,Hyderabad
29226,Delhi
29227,Bengaluru
29228,Hyderabad
29229,Mumbai
29230,Delhi
29231,Bengaluru
29232,Bengaluru
29233,Bengaluru
29234,Bengaluru
29235,Delhi
29236,Delhi
29237,Pune
29238,Bengaluru
29239,Pune
29240,Delhi
29241,Hyderabad
29242,Bengaluru
29243,Hyderabad
29244,Bengaluru
29245,Mumbai
29246,Hyderabad
29247,Hyderabad
29248,Hyderabad
29249,Bengaluru
29250,Delhi
29251,Delhi
29252,Bengaluru
29253,Bengaluru
29254,Delhi
29255,Bengaluru
29256,Delhi
29257,Mumbai
29258,Bengaluru
29259,Delhi
29260,Pune
29261,Pune
29262,Hyderabad
29263,Delhi
29264,Bengaluru
29265,Mumbai
29266,Delhi
29267,Mumbai
29268,Hyderabad
29269,Bengaluru
29270,Delhi
29271,Hyderabad
29272,Mumbai
29273,Pune
29274,Delhi
29275,Pune
29276,Delhi
29277,Delhi
29278,Hyderabad
29279,Bengaluru
29280,Mumbai
29281,Bengaluru
29282,Hyderabad
29283,Bengaluru
29284,Bengaluru
29285,Pune
29286,Hyderabad
29287,Delhi
29288,Pune
29289,Delhi
29290,Pune
29291,Bengaluru
29292,Pune
29293,Pune
29294,Hyderabad
29295,Delhi
29296,Bengaluru
29297,Bengaluru
29298,Hyderabad
29299,Bengaluru
29300,Mumbai
29301,Pune
29302,Bengaluru
29303,Pune
29304,Hyderabad
29305,Hyderabad
29306,Hyderabad
29307,Mumbai
29308,Pune
29309,Bengaluru
29310,Pune
29311,Bengaluru
29312,Bengaluru
29313,Delhi
29314,Hyderabad
29315,Pune
29316,Pune
29317,Hyderabad
29318,Pune
29319,Bengaluru
29320,Bengaluru
29321,Hyderabad
29322,Hyderabad
29323,Pune
29324,Pune
29325,Pune
29326,Delhi
29327,Hyderabad
29328,Hyderabad
29329,Mumbai
29330,Mumbai
29331,Mumbai
29332,Pune
29333,Bengaluru
29334,Pune
29335,Bengaluru
29336,Delhi
29337,Bengaluru
29338,Delhi
29339,Hyderabad
29340,Mumbai
29341,Delhi
29342,Mumbai
29343,Delhi
29344,Delhi
29345,Hyderabad
29346,Bengaluru
29347,Hyderabad
29348,Delhi
29349,Pune
29350,Delhi
29351,Pune
29352,Mumbai
29353,Hyderabad
29354,Delhi
29355,Mumbai
29356,Delhi
29357,Mumbai
29358,Mumbai
29359,Hyderabad
29360,Hyderabad
29361,Hyderabad
29362,Mumbai
29363,Delhi
29364,Mumbai
29365,Pune
29366,Pune
29367,Mumbai
29368,Bengaluru
29369,Pune
29370,Pune
29371,Delhi
29372,Hyderabad
29373,Bengaluru
29374,Bengaluru
29375,Delhi
29376,Hyderabad
29377,Delhi
29378,Pune
29379,Pune
29380,Hyderabad
29381,Pune
29382,Hyderabad
29383,Mumbai
29384,Bengaluru
29385,Mumbai
29386,Bengaluru
29387,Mumbai
29388,Hyderabad
29389,Delhi
29390,Mumbai
29391,Mumbai
29392,Pune
29393,Mumbai
29394,Pune
29395,Pune
29396,Pune
29397,Hyderabad
29398,Hyderabad
29399,Mumbai
29400,Delhi
29401,Delhi
29402,Bengaluru
29403,Delhi
29404,Bengaluru
29405,Mumbai
29406,Delhi
29407,Mumbai
29408,Hyderabad
29409,Delhi
29410,Delhi
29411,Pune
29412,Bengaluru
29413,Mumbai
29414,Bengaluru
29415,Hyderabad
29416,Pune
29417,Mumbai
29418,Bengaluru
29419,Hyderabad
29420,Hyderabad
29421,Pune
29422,Mumbai
29423,Bengaluru
29424,Pune
29425,Mumbai
29426,Hyderabad
29427,Mumbai
29428,Pune
29429,Pune
29430,Pune
29431,Pune
29432,Bengaluru
29433,Bengaluru
29434,Hyderabad
29435,Delhi
29436,Mumbai
29437,Delhi
29438,Mumbai
29439,Pune
29440,Hyderabad
29441,Pune
29442,Mumbai
29443,Bengaluru
29444,Hyderabad
29445,Bengaluru
29446,Bengaluru
29447,Pune
29448,Bengaluru
29449,Mumbai
29450,Bengaluru
29451,Bengaluru
29452,Mumbai
29453,Delhi
29454,Mumbai
29455,Mumbai
29456,Delhi
29457,Delhi
29458,Pune
29459,Mumbai
29460,Bengaluru
29461,Delhi
29462,Pune
29463,Pune
29464,Pune
29465,Bengaluru
29466,Hyderabad
29467,Pune
29468,Bengaluru
29469,Hyderabad
29470,Hyderabad
29471,Pune
29472,Bengaluru
29473,Pune
29474,Delhi
29475,Hyderabad
29476,Pune
29477,Delhi
29478,Pune
29479,Pune
29480,Pune
29481,Pune
29482,Delhi
29483,Bengaluru
29484,Hyderabad
29485,Hyderabad
29486,Pune
29487,Hyderabad
29488,Mumbai
29489,Mumbai
29490,Delhi
29491,Delhi
29492,Bengaluru
29493,Bengaluru
29494,Hyderabad
29495,Delhi
29496,Mumbai
29497,Mumbai
29498,Delhi
29499,Mumbai
29500,Pune
29501,Delhi
29502,Mumbai
29503,Pune
29504,Hyderabad
29505,Mumbai
29506,Mumbai
29507,Mumbai
29508,Bengaluru
29509,Hyderabad
29510,Bengaluru
29511,Delhi
29512,Mumbai
29513,Hyderabad
29514,Bengaluru
29515,Pune
29516,Bengaluru
29517,Delhi
29518,Delhi
29519,Pune
29520,Mumbai
29521,Pune
29522,Bengaluru
29523,Bengaluru
29524,Delhi
29525,Pune
29526,Hyderabad
29527,Bengaluru
29528,Bengaluru
29529,Delhi
29530,Bengaluru
29531,Bengaluru
29532,Bengaluru
29533,Bengaluru
29534,Pune
29535,Mumbai
29536,Pune
29537,Bengaluru
29538,Bengaluru
29539,Hyderabad
29540,Bengaluru
29541,Mumbai
29542,Pune
29543,Delhi
29544,Hyderabad
29545,Hyderabad
29546,Mumbai
29547,Delhi
29548,Pune
29549,Delhi
29550,Hyderabad
29551,Pune
29552,Hyderabad
29553,Mumbai
29554,Mumbai
29555,Delhi
29556,Delhi
29557,Hyderabad
29558,Hyderabad
29559,Mumbai
29560,Delhi
29561,Pune
29562,Bengaluru
29563,Hyderabad
29564,Mumbai
29565,Bengaluru
29566,Delhi
29567,Hyderabad
29568,Pune
29569,Pune
29570,Hyderabad
29571,Bengaluru
29572,Delhi
29573,Pune
29574,Mumbai
29575,Hyderabad
29576,Pune
29577,Pune
29578,Delhi
29579,Mumbai
29580,Mumbai
29581,Bengaluru
29582,Mumbai
29583,Bengaluru
29584,Pune
29585,Mumbai
29586,Pune
29587,Pune
29588,Delhi
29589,Mumbai
29590,Hyderabad
29591,Mumbai
29592,Delhi
29593,Pune
29594,Hyderabad
29595,Delhi
29596,Delhi
29597,Hyderabad
29598,Mumbai
29599,Pune
29600,Mumbai
29601,Delhi
29602,Bengaluru
29603,Bengaluru
29604,Bengaluru
29605,Mumbai
29606,Bengaluru
29607,Hyderabad
29608,Pune
29609,Bengaluru
29610,Bengaluru
29611,Delhi
29612,Pune
29613,Bengaluru
29614,Delhi
29615,Bengaluru
29616,Hyderabad
29617,Bengaluru
29618,Hyderabad
29619,Delhi
29620,Delhi
29621,Mumbai
29622,Mumbai
29623,Pune
29624,Bengaluru
29625,Pune
29626,Mumbai
29627,Bengaluru
29628,Mumbai
29629,Mumbai
29630,Delhi
29631,Pune
29632,Mumbai
29633,Pune
29634,Hyderabad
29635,Mumbai
29636,Bengaluru
29637,Bengaluru
29638,Bengaluru
29639,Bengaluru
29640,Bengaluru
29641,Hyderabad
29642,Bengaluru
29643,Hyderabad
29644,Hyderabad
29645,Hyderabad
29646,Mumbai
29647,Bengaluru
29648,Hyderabad
29649,Pune
29650,Hyderabad
29651,Bengaluru
29652,Bengaluru
29653,Delhi
29654,Hyderabad
29655,Bengaluru
29656,Mumbai
29657,Hyderabad
29658,Mumbai
29659,Delhi
29660,Delhi
29661,Bengaluru
29662,Delhi
29663,Hyderabad
29664,Hyderabad
29665,Mumbai
29666,Hyderabad
29667,Bengaluru
29668,Hyderabad
29669,Mumbai
29670,Bengaluru
29671,Delhi
29672,Mumbai
29673,Pune
29674,Pune
29675,Pune
29676,Bengaluru
29677,Mumbai
29678,Pune
29679,Pune
29680,Mumbai
29681,Hyderabad
29682,Bengaluru
29683,Hyderabad
29684,Bengaluru
29685,Mumbai
29686,Mumbai
29687,Pune
29688,Hyderabad
29689,Bengaluru
29690,Delhi
29691,Hyderabad
29692,Delhi
29693,Pune
29694,Delhi
29695,Pune
29696,Bengaluru
29697,Delhi
29698,Mumbai
29699,Bengaluru
29700,Bengaluru
29701,Bengaluru
29702,Delhi
29703,Hyderabad
29704,Mumbai
29705,Mumbai
29706,Bengaluru
29707,Hyderabad
29708,Pune
29709,Pune
29710,Mumbai
29711,Hyderabad
29712,Pune
29713,Hyderabad
29714,Hyderabad
29715,Delhi
29716,Mumbai
29717,Bengaluru
29718,Hyderabad
29719,Hyderabad
29720,Bengaluru
29721,Delhi
29722,Mumbai
29723,Pune
29724,Hyderabad
29725,Mumbai
29726,Pune
29727,Pune
29728,Delhi
29729,Bengaluru
29730,Bengaluru
29731,Pune
29732,Pune
29733,Pune
29734,Pune
29735,Bengaluru
29736,Hyderabad
29737,Pune
29738,Pune
29739,Pune
29740,Mumbai
29741,Hyderabad
29742,Hyderabad
29743,Mumbai
29744,Pune
29745,Mumbai
29746,Pune
29747,Hyderabad
29748,Hyderabad
29749,Delhi
29750,Bengaluru
29751,Bengaluru
29752,Pune
29753,Mumbai
29754,Pune
29755,Pune
29756,Mumbai
29757,Hyderabad
29758,Mumbai
29759,Mumbai
29760,Pune
29761,Pune
29762,Pune
29763,Pune
29764,Hyderabad
29765,Hyderabad
29766,Bengaluru
29767,Hyderabad
29768,Mumbai
29769,Pune
29770,Pune
29771,Bengaluru
29772,Pune
29773,Delhi
29774,Mumbai
29775,Mumbai
29776,Hyderabad
29777,Hyderabad
29778,Hyderabad
29779,Hyderabad
29780,Bengaluru
29781,Pune
29782,Delhi
29783,Hyderabad
29784,Hyderabad
29785,Mumbai
29786,Delhi
29787,Hyderabad
29788,Hyderabad
29789,Bengaluru
29790,Mumbai
29791,Delhi
29792,Delhi
29793,Hyderabad
29794,Pune
29795,Pune
29796,Pune
29797,Mumbai
29798,Pune
29799,Delhi
29800,Hyderabad
29801,Pune
29802,Pune
29803,Delhi
29804,Bengaluru
29805,Hyderabad
29806,Mumbai
29807,Hyderabad
29808,Delhi
29809,Hyderabad
29810,Bengaluru
29811,Delhi
29812,Bengaluru
29813,Bengaluru
29814,Delhi
29815,Bengaluru
29816,Pune
29817,Bengaluru
29818,Pune
29819,Delhi
29820,Pune
29821,Hyderabad
29822,Hyderabad
29823,Mumbai
29824,Hyderabad
29825,Bengaluru
29826,Mumbai
29827,Hyderabad
29828,Delhi
29829,Pune
29830,Delhi
29831,Bengaluru
29832,Hyderabad
29833,Hyderabad
29834,Pune
29835,Bengaluru
29836,Bengaluru
29837,Delhi
29838,Hyderabad
29839,Pune
29840,Bengaluru
29841,Bengaluru
29842,Delhi
29843,Bengaluru
29844,Bengaluru
29845,Hyderabad
29846,Mumbai
29847,Delhi
29848,Delhi
29849,Hyderabad
29850,Mumbai
29851,Hyderabad
29852,Pune
29853,Hyderabad
29854,Pune
29855,Delhi
29856,Pune
29857,Bengaluru
29858,Mumbai
29859,Bengaluru
29860,Mumbai
29861,Hyderabad
29862,Mumbai
29863,Bengaluru
29864,Bengaluru
29865,Bengaluru
29866,Mumbai
29867,Delhi
29868,Bengaluru
29869,Bengaluru
29870,Hyderabad
29871,Pune
29872,Bengaluru
29873,Pune
29874,Delhi
29875,Mumbai
29876,Hyderabad
29877,Bengaluru
29878,Pune
29879,Hyderabad
29880,Delhi
29881,Mumbai
29882,Mumbai
29883,Mumbai
29884,Mumbai
29885,Mumbai
29886,Pune
29887,Hyderabad
29888,Mumbai
29889,Bengaluru
29890,Hyderabad
29891,Bengaluru
29892,Pune
29893,Mumbai
29894,Bengaluru
29895,Bengaluru
29896,Pune
29897,Mumbai
29898,Bengaluru
29899,Mumbai
29900,Delhi
29901,Mumbai
29902,Pune
29903,Pune
29904,Mumbai
29905,Delhi
29906,Hyderabad
29907,Pune
29908,Delhi
29909,Mumbai
29910,Pune
29911,Delhi
29912,Bengaluru
29913,Delhi
29914,Pune
29915,Bengaluru
29916,Delhi
29917,Delhi
29918,Pune
29919,Hyderabad
29920,Delhi
29921,Pune
29922,Pune
29923,Delhi
29924,Bengaluru
29925,Pune
29926,Hyderabad
29927,Pune
29928,Mumbai
29929,Delhi
29930,Delhi
29931,Delhi
29932,Delhi
29933,Mumbai
29934,Delhi
29935,Delhi
29936,Bengaluru
29937,Delhi
29938,Pune
29939,Pune
29940,Hyderabad
29941,Hyderabad
29942,Pune
29943,Delhi
29944,Hyderabad
29945,Mumbai
29946,Delhi
29947,Hyderabad
29948,Mumbai
29949,Delhi
29950,Hyderabad
29951,Mumbai
29952,Delhi
29953,Hyderabad
29954,Pune
29955,Mumbai
29956,Pune
29957,Pune
29958,Mumbai
29959,Pune
29960,Pune
29961,Delhi
29962,Hyderabad
29963,Delhi
29964,Mumbai
29965,Mumbai
29966,Bengaluru
29967,Pune
29968,Pune
29969,Delhi
29970,Hyderabad
29971,Pune
29972,Bengaluru
29973,Hyderabad
29974,Hyderabad
29975,Delhi
29976,Mumbai
29977,Mumbai
29978,Pune
29979,Hyderabad
29980,Hyderabad
29981,Mumbai
29982,Delhi
29983,Delhi
29984,Mumbai
29985,Pune
29986,Hyderabad
29987,Delhi
29988,Hyderabad
29989,Bengaluru
29990,Delhi
29991,Bengaluru
29992,Delhi
29993,Delhi
29994,Bengaluru
29995,Delhi
29996,Bengaluru
29997,Hyderabad
29998,Mumbai
29999,Hyderabad
30000,Delhi
