stock_id,store_id,product_id,stock_in_date,quantity,batch_id
1,1,1,2026-05-08,68,B1
2,1,1,2026-05-10,58,B2
3,1,1,2026-05-12,57,B3
4,1,1,2026-05-14,58,B4
5,1,1,2026-05-16,68,B5
6,1,1,2026-05-18,55,B6
7,1,1,2026-05-20,51,B7
8,1,1,2026-05-22,66,B8
9,1,1,2026-05-24,64,B9
10,1,1,2026-05-26,62,B10
11,1,1,2026-05-28,63,B11
12,1,1,2026-05-30,52,B12
13,1,1,2026-06-01,52,B13
14,1,1,2026-06-03,68,B14
15,1,1,2026-06-05,52,B15
16,1,1,2026-06-07,52,B16
17,1,1,2026-06-09,68,B17
18,1,1,2026-06-11,54,B18
19,1,1,2026-06-13,68,B19
20,1,1,2026-06-15,56,B20
21,1,1,2026-06-17,68,B21
22,1,1,2026-06-19,65,B22
23,1,1,2026-06-21,54,B23
24,1,1,2026-06-23,52,B24
25,1,1,2026-06-25,58,B25
26,1,1,2026-06-27,61,B26
27,1,1,2026-06-29,68,B27
28,1,1,2026-07-01,58,B28
29,1,1,2026-07-03,61,B29
30,1,1,2026-07-05,63,B30
31,1,1,2026-07-07,64,B31
32,1,1,2026-07-09,67,B32
33,1,1,2026-07-11,59,B33
34,1,1,2026-07-13,56,B34
35,1,1,2026-07-15,66,B35
36,1,1,2026-07-17,65,B36
37,1,1,2026-07-19,57,B37
38,1,1,2026-07-21,63,B38
39,1,1,2026-07-23,61,B39
40,1,1,2026-07-25,67,B40
41,1,1,2026-07-27,60,B41
42,1,1,2026-07-29,65,B42
43,1,1,2026-07-31,64,B43
44,1,1,2026-08-02,68,B44
45,1,1,2026-08-04,60,B45
46,1,2,2026-05-08,114,B46
47,1,2,2026-05-11,90,B47
48,1,2,2026-05-14,100,B48
49,1,2,2026-05-17,120,B49
50,1,2,2026-05-20,115,B50
51,1,2,2026-05-23,118,B51
52,1,2,2026-05-26,95,B52
53,1,2,2026-05-29,98,B53
54,1,2,2026-06-01,118,B54
55,1,2,2026-06-04,112,B55
56,1,2,2026-06-07,115,B56
57,1,2,2026-06-10,108,B57
58,1,2,2026-06-13,113,B58
59,1,2,2026-06-16,113,B59
60,1,2,2026-06-19,113,B60
61,1,2,2026-06-22,96,B61
62,1,2,2026-06-25,100,B62
63,1,2,2026-06-28,115,B63
64,1,2,2026-07-01,100,B64
65,1,2,2026-07-04,90,B65
66,1,2,2026-07-07,94,B66
67,1,2,2026-07-10,101,B67
68,1,2,2026-07-13,103,B68
69,1,2,2026-07-16,110,B69
70,1,2,2026-07-19,119,B70
71,1,2,2026-07-22,116,B71
72,1,2,2026-07-25,95,B72
73,1,2,2026-07-28,111,B73
74,1,2,2026-07-31,98,B74
75,1,2,2026-08-03,107,B75
76,1,3,2026-05-08,46,B76
77,1,3,2026-05-11,49,B77
78,1,3,2026-05-14,43,B78
79,1,3,2026-05-17,43,B79
80,1,3,2026-05-20,47,B80
81,1,3,2026-05-23,51,B81
82,1,3,2026-05-26,52,B82
83,1,3,2026-05-29,56,B83
84,1,3,2026-06-01,52,B84
85,1,3,2026-06-04,50,B85
86,1,3,2026-06-07,44,B86
87,1,3,2026-06-10,47,B87
88,1,3,2026-06-13,55,B88
89,1,3,2026-06-16,53,B89
90,1,3,2026-06-19,48,B90
91,1,3,2026-06-22,54,B91
92,1,3,2026-06-25,55,B92
93,1,3,2026-06-28,54,B93
94,1,3,2026-07-01,51,B94
95,1,3,2026-07-04,48,B95
96,1,3,2026-07-07,53,B96
97,1,3,2026-07-10,56,B97
98,1,3,2026-07-13,50,B98
99,1,3,2026-07-16,57,B99
100,1,3,2026-07-19,52,B100
101,1,3,2026-07-22,51,B101
102,1,3,2026-07-25,47,B102
103,1,3,2026-07-28,44,B103
104,1,3,2026-07-31,45,B104
105,1,3,2026-08-03,56,B105
106,1,4,2026-05-08,105,B106
107,1,4,2026-05-11,112,B107
108,1,4,2026-05-14,92,B108
109,1,4,2026-05-17,102,B109
110,1,4,2026-05-20,87,B110
111,1,4,2026-05-23,86,B111
112,1,4,2026-05-26,108,B112
113,1,4,2026-05-29,94,B113
114,1,4,2026-06-01,112,B114
115,1,4,2026-06-04,85,B115
116,1,4,2026-06-07,90,B116
117,1,4,2026-06-10,107,B117
118,1,4,2026-06-13,88,B118
119,1,4,2026-06-16,103,B119
120,1,4,2026-06-19,114,B120
121,1,4,2026-06-22,101,B121
122,1,4,2026-06-25,97,B122
123,1,4,2026-06-28,97,B123
124,1,4,2026-07-01,104,B124
125,1,4,2026-07-04,107,B125
126,1,4,2026-07-07,96,B126
127,1,4,2026-07-10,94,B127
128,1,4,2026-07-13,113,B128
129,1,4,2026-07-16,99,B129
130,1,4,2026-07-19,105,B130
131,1,4,2026-07-22,105,B131
132,1,4,2026-07-25,102,B132
133,1,4,2026-07-28,111,B133
134,1,4,2026-07-31,108,B134
135,1,4,2026-08-03,92,B135
136,1,5,2026-05-08,72,B136
137,1,5,2026-05-10,73,B137
138,1,5,2026-05-12,67,B138
139,1,5,2026-05-14,74,B139
140,1,5,2026-05-16,62,B140
141,1,5,2026-05-18,76,B141
142,1,5,2026-05-20,70,B142
143,1,5,2026-05-22,65,B143
144,1,5,2026-05-24,63,B144
145,1,5,2026-05-26,67,B145
146,1,5,2026-05-28,75,B146
147,1,5,2026-05-30,65,B147
148,1,5,2026-06-01,67,B148
149,1,5,2026-06-03,74,B149
150,1,5,2026-06-05,67,B150
151,1,5,2026-06-07,73,B151
152,1,5,2026-06-09,64,B152
153,1,5,2026-06-11,70,B153
154,1,5,2026-06-13,70,B154
155,1,5,2026-06-15,72,B155
156,1,5,2026-06-17,72,B156
157,1,5,2026-06-19,74,B157
158,1,5,2026-06-21,72,B158
159,1,5,2026-06-23,61,B159
160,1,5,2026-06-25,70,B160
161,1,5,2026-06-27,74,B161
162,1,5,2026-06-29,75,B162
163,1,5,2026-07-01,76,B163
164,1,5,2026-07-03,74,B164
165,1,5,2026-07-05,63,B165
166,1,5,2026-07-07,70,B166
167,1,5,2026-07-09,70,B167
168,1,5,2026-07-11,69,B168
169,1,5,2026-07-13,60,B169
170,1,5,2026-07-15,64,B170
171,1,5,2026-07-17,59,B171
172,1,5,2026-07-19,70,B172
173,1,5,2026-07-21,62,B173
174,1,5,2026-07-23,59,B174
175,1,5,2026-07-25,66,B175
176,1,5,2026-07-27,71,B176
177,1,5,2026-07-29,75,B177
178,1,5,2026-07-31,74,B178
179,1,5,2026-08-02,61,B179
180,1,5,2026-08-04,75,B180
181,1,6,2026-05-08,36,B181
182,1,6,2026-05-10,39,B182
183,1,6,2026-05-12,33,B183
184,1,6,2026-05-14,42,B184
185,1,6,2026-05-16,36,B185
186,1,6,2026-05-18,34,B186
187,1,6,2026-05-20,41,B187
188,1,6,2026-05-22,36,B188
189,1,6,2026-05-24,33,B189
190,1,6,2026-05-26,43,B190
191,1,6,2026-05-28,36,B191
192,1,6,2026-05-30,34,B192
193,1,6,2026-06-01,36,B193
194,1,6,2026-06-03,39,B194
195,1,6,2026-06-05,34,B195
196,1,6,2026-06-07,41,B196
197,1,6,2026-06-09,38,B197
198,1,6,2026-06-11,36,B198
199,1,6,2026-06-13,37,B199
200,1,6,2026-06-15,36,B200
201,1,6,2026-06-17,41,B201
202,1,6,2026-06-19,40,B202
203,1,6,2026-06-21,38,B203
204,1,6,2026-06-23,35,B204
205,1,6,2026-06-25,39,B205
206,1,6,2026-06-27,33,B206
207,1,6,2026-06-29,34,B207
208,1,6,2026-07-01,42,B208
209,1,6,2026-07-03,43,B209
210,1,6,2026-07-05,34,B210
211,1,6,2026-07-07,35,B211
212,1,6,2026-07-09,39,B212
213,1,6,2026-07-11,38,B213
214,1,6,2026-07-13,35,B214
215,1,6,2026-07-15,39,B215
216,1,6,2026-07-17,40,B216
217,1,6,2026-07-19,39,B217
218,1,6,2026-07-21,36,B218
219,1,6,2026-07-23,35,B219
220,1,6,2026-07-25,34,B220
221,1,6,2026-07-27,37,B221
222,1,6,2026-07-29,34,B222
223,1,6,2026-07-31,33,B223
224,1,6,2026-08-02,42,B224
225,1,6,2026-08-04,41,B225
226,1,7,2026-05-08,35,B226
227,1,7,2026-05-10,39,B227
228,1,7,2026-05-12,37,B228
229,1,7,2026-05-14,35,B229
230,1,7,2026-05-16,32,B230
231,1,7,2026-05-18,36,B231
232,1,7,2026-05-20,36,B232
233,1,7,2026-05-22,35,B233
234,1,7,2026-05-24,38,B234
235,1,7,2026-05-26,38,B235
236,1,7,2026-05-28,34,B236
237,1,7,2026-05-30,38,B237
238,1,7,2026-06-01,33,B238
239,1,7,2026-06-03,34,B239
240,1,7,2026-06-05,37,B240
241,1,7,2026-06-07,38,B241
242,1,7,2026-06-09,34,B242
243,1,7,2026-06-11,38,B243
244,1,7,2026-06-13,34,B244
245,1,7,2026-06-15,37,B245
246,1,7,2026-06-17,33,B246
247,1,7,2026-06-19,41,B247
248,1,7,2026-06-21,32,B248
249,1,7,2026-06-23,38,B249
250,1,7,2026-06-25,37,B250
251,1,7,2026-06-27,40,B251
252,1,7,2026-06-29,41,B252
253,1,7,2026-07-01,31,B253
254,1,7,2026-07-03,34,B254
255,1,7,2026-07-05,40,B255
256,1,7,2026-07-07,33,B256
257,1,7,2026-07-09,40,B257
258,1,7,2026-07-11,34,B258
259,1,7,2026-07-13,35,B259
260,1,7,2026-07-15,33,B260
261,1,7,2026-07-17,32,B261
262,1,7,2026-07-19,35,B262
263,1,7,2026-07-21,36,B263
264,1,7,2026-07-23,37,B264
265,1,7,2026-07-25,40,B265
266,1,7,2026-07-27,32,B266
267,1,7,2026-07-29,40,B267
268,1,7,2026-07-31,35,B268
269,1,7,2026-08-02,39,B269
270,1,7,2026-08-04,39,B270
271,1,8,2026-05-08,59,B271
272,1,8,2026-05-11,71,B272
273,1,8,2026-05-14,57,B273
274,1,8,2026-05-17,69,B274
275,1,8,2026-05-20,64,B275
276,1,8,2026-05-23,68,B276
277,1,8,2026-05-26,65,B277
278,1,8,2026-05-29,54,B278
279,1,8,2026-06-01,53,B279
280,1,8,2026-06-04,59,B280
281,1,8,2026-06-07,55,B281
282,1,8,2026-06-10,68,B282
283,1,8,2026-06-13,61,B283
284,1,8,2026-06-16,71,B284
285,1,8,2026-06-19,65,B285
286,1,8,2026-06-22,68,B286
287,1,8,2026-06-25,54,B287
288,1,8,2026-06-28,71,B288
289,1,8,2026-07-01,68,B289
290,1,8,2026-07-04,63,B290
291,1,8,2026-07-07,58,B291
292,1,8,2026-07-10,65,B292
293,1,8,2026-07-13,56,B293
294,1,8,2026-07-16,62,B294
295,1,8,2026-07-19,54,B295
296,1,8,2026-07-22,68,B296
297,1,8,2026-07-25,63,B297
298,1,8,2026-07-28,71,B298
299,1,8,2026-07-31,56,B299
300,1,8,2026-08-03,66,B300
301,1,9,2026-05-08,49,B301
302,1,9,2026-05-11,51,B302
303,1,9,2026-05-14,55,B303
304,1,9,2026-05-17,61,B304
305,1,9,2026-05-20,56,B305
306,1,9,2026-05-23,56,B306
307,1,9,2026-05-26,49,B307
308,1,9,2026-05-29,61,B308
309,1,9,2026-06-01,58,B309
310,1,9,2026-06-04,54,B310
311,1,9,2026-06-07,48,B311
312,1,9,2026-06-10,64,B312
313,1,9,2026-06-13,54,B313
314,1,9,2026-06-16,56,B314
315,1,9,2026-06-19,60,B315
316,1,9,2026-06-22,52,B316
317,1,9,2026-06-25,57,B317
318,1,9,2026-06-28,48,B318
319,1,9,2026-07-01,61,B319
320,1,9,2026-07-04,48,B320
321,1,9,2026-07-07,53,B321
322,1,9,2026-07-10,53,B322
323,1,9,2026-07-13,64,B323
324,1,9,2026-07-16,57,B324
325,1,9,2026-07-19,60,B325
326,1,9,2026-07-22,55,B326
327,1,9,2026-07-25,52,B327
328,1,9,2026-07-28,52,B328
329,1,9,2026-07-31,58,B329
330,1,9,2026-08-03,59,B330
331,1,10,2026-05-08,60,B331
332,1,10,2026-05-11,60,B332
333,1,10,2026-05-14,56,B333
334,1,10,2026-05-17,64,B334
335,1,10,2026-05-20,70,B335
336,1,10,2026-05-23,70,B336
337,1,10,2026-05-26,56,B337
338,1,10,2026-05-29,72,B338
339,1,10,2026-06-01,60,B339
340,1,10,2026-06-04,72,B340
341,1,10,2026-06-07,61,B341
342,1,10,2026-06-10,67,B342
343,1,10,2026-06-13,69,B343
344,1,10,2026-06-16,61,B344
345,1,10,2026-06-19,57,B345
346,1,10,2026-06-22,61,B346
347,1,10,2026-06-25,64,B347
348,1,10,2026-06-28,67,B348
349,1,10,2026-07-01,54,B349
350,1,10,2026-07-04,67,B350
351,1,10,2026-07-07,73,B351
352,1,10,2026-07-10,62,B352
353,1,10,2026-07-13,54,B353
354,1,10,2026-07-16,70,B354
355,1,10,2026-07-19,55,B355
356,1,10,2026-07-22,69,B356
357,1,10,2026-07-25,73,B357
358,1,10,2026-07-28,67,B358
359,1,10,2026-07-31,67,B359
360,1,10,2026-08-03,56,B360
361,1,11,2026-05-08,25,B361
362,1,11,2026-05-10,26,B362
363,1,11,2026-05-12,27,B363
364,1,11,2026-05-14,26,B364
365,1,11,2026-05-16,26,B365
366,1,11,2026-05-18,28,B366
367,1,11,2026-05-20,32,B367
368,1,11,2026-05-22,27,B368
369,1,11,2026-05-24,27,B369
370,1,11,2026-05-26,29,B370
371,1,11,2026-05-28,25,B371
372,1,11,2026-05-30,28,B372
373,1,11,2026-06-01,32,B373
374,1,11,2026-06-03,28,B374
375,1,11,2026-06-05,32,B375
376,1,11,2026-06-07,24,B376
377,1,11,2026-06-09,32,B377
378,1,11,2026-06-11,29,B378
379,1,11,2026-06-13,32,B379
380,1,11,2026-06-15,33,B380
381,1,11,2026-06-17,25,B381
382,1,11,2026-06-19,26,B382
383,1,11,2026-06-21,31,B383
384,1,11,2026-06-23,31,B384
385,1,11,2026-06-25,30,B385
386,1,11,2026-06-27,28,B386
387,1,11,2026-06-29,33,B387
388,1,11,2026-07-01,26,B388
389,1,11,2026-07-03,32,B389
390,1,11,2026-07-05,32,B390
391,1,11,2026-07-07,27,B391
392,1,11,2026-07-09,33,B392
393,1,11,2026-07-11,29,B393
394,1,11,2026-07-13,32,B394
395,1,11,2026-07-15,25,B395
396,1,11,2026-07-17,27,B396
397,1,11,2026-07-19,24,B397
398,1,11,2026-07-21,28,B398
399,1,11,2026-07-23,30,B399
400,1,11,2026-07-25,27,B400
401,1,11,2026-07-27,25,B401
402,1,11,2026-07-29,27,B402
403,1,11,2026-07-31,31,B403
404,1,11,2026-08-02,29,B404
405,1,11,2026-08-04,28,B405
406,1,12,2026-05-08,18,B406
407,1,12,2026-05-10,17,B407
408,1,12,2026-05-12,18,B408
409,1,12,2026-05-14,16,B409
410,1,12,2026-05-16,16,B410
411,1,12,2026-05-18,17,B411
412,1,12,2026-05-20,17,B412
413,1,12,2026-05-22,18,B413
414,1,12,2026-05-24,15,B414
415,1,12,2026-05-26,16,B415
416,1,12,2026-05-28,14,B416
417,1,12,2026-05-30,17,B417
418,1,12,2026-06-01,14,B418
419,1,12,2026-06-03,14,B419
420,1,12,2026-06-05,17,B420
421,1,12,2026-06-07,17,B421
422,1,12,2026-06-09,19,B422
423,1,12,2026-06-11,15,B423
424,1,12,2026-06-13,16,B424
425,1,12,2026-06-15,17,B425
426,1,12,2026-06-17,16,B426
427,1,12,2026-06-19,17,B427
428,1,12,2026-06-21,17,B428
429,1,12,2026-06-23,19,B429
430,1,12,2026-06-25,14,B430
431,1,12,2026-06-27,15,B431
432,1,12,2026-06-29,18,B432
433,1,12,2026-07-01,16,B433
434,1,12,2026-07-03,18,B434
435,1,12,2026-07-05,14,B435
436,1,12,2026-07-07,16,B436
437,1,12,2026-07-09,16,B437
438,1,12,2026-07-11,15,B438
439,1,12,2026-07-13,14,B439
440,1,12,2026-07-15,17,B440
441,1,12,2026-07-17,19,B441
442,1,12,2026-07-19,15,B442
443,1,12,2026-07-21,16,B443
444,1,12,2026-07-23,19,B444
445,1,12,2026-07-25,14,B445
446,1,12,2026-07-27,14,B446
447,1,12,2026-07-29,16,B447
448,1,12,2026-07-31,16,B448
449,1,12,2026-08-02,15,B449
450,1,12,2026-08-04,15,B450
451,1,13,2026-05-08,17,B451
452,1,13,2026-05-10,18,B452
453,1,13,2026-05-12,19,B453
454,1,13,2026-05-14,17,B454
455,1,13,2026-05-16,21,B455
456,1,13,2026-05-18,17,B456
457,1,13,2026-05-20,19,B457
458,1,13,2026-05-22,20,B458
459,1,13,2026-05-24,19,B459
460,1,13,2026-05-26,21,B460
461,1,13,2026-05-28,22,B461
462,1,13,2026-05-30,18,B462
463,1,13,2026-06-01,22,B463
464,1,13,2026-06-03,19,B464
465,1,13,2026-06-05,18,B465
466,1,13,2026-06-07,18,B466
467,1,13,2026-06-09,18,B467
468,1,13,2026-06-11,17,B468
469,1,13,2026-06-13,17,B469
470,1,13,2026-06-15,20,B470
471,1,13,2026-06-17,20,B471
472,1,13,2026-06-19,17,B472
473,1,13,2026-06-21,19,B473
474,1,13,2026-06-23,22,B474
475,1,13,2026-06-25,18,B475
476,1,13,2026-06-27,17,B476
477,1,13,2026-06-29,21,B477
478,1,13,2026-07-01,17,B478
479,1,13,2026-07-03,21,B479
480,1,13,2026-07-05,17,B480
481,1,13,2026-07-07,20,B481
482,1,13,2026-07-09,17,B482
483,1,13,2026-07-11,19,B483
484,1,13,2026-07-13,19,B484
485,1,13,2026-07-15,21,B485
486,1,13,2026-07-17,21,B486
487,1,13,2026-07-19,17,B487
488,1,13,2026-07-21,18,B488
489,1,13,2026-07-23,22,B489
490,1,13,2026-07-25,20,B490
491,1,13,2026-07-27,22,B491
492,1,13,2026-07-29,21,B492
493,1,13,2026-07-31,21,B493
494,1,13,2026-08-02,20,B494
495,1,13,2026-08-04,20,B495
496,1,14,2026-05-08,45,B496
497,1,14,2026-05-11,42,B497
498,1,14,2026-05-14,50,B498
499,1,14,2026-05-17,44,B499
500,1,14,2026-05-20,46,B500
501,1,14,2026-05-23,47,B501
502,1,14,2026-05-26,43,B502
503,1,14,2026-05-29,39,B503
504,1,14,2026-06-01,40,B504
505,1,14,2026-06-04,43,B505
506,1,14,2026-06-07,44,B506
507,1,14,2026-06-10,46,B507
508,1,14,2026-06-13,41,B508
509,1,14,2026-06-16,38,B509
510,1,14,2026-06-19,37,B510
511,1,14,2026-06-22,43,B511
512,1,14,2026-06-25,41,B512
513,1,14,2026-06-28,47,B513
514,1,14,2026-07-01,46,B514
515,1,14,2026-07-04,47,B515
516,1,14,2026-07-07,38,B516
517,1,14,2026-07-10,38,B517
518,1,14,2026-07-13,48,B518
519,1,14,2026-07-16,47,B519
520,1,14,2026-07-19,41,B520
521,1,14,2026-07-22,42,B521
522,1,14,2026-07-25,46,B522
523,1,14,2026-07-28,50,B523
524,1,14,2026-07-31,48,B524
525,1,14,2026-08-03,41,B525
526,1,15,2026-05-08,176,B526
527,1,15,2026-05-19,177,B527
528,1,15,2026-05-30,168,B528
529,1,15,2026-06-10,177,B529
530,1,15,2026-06-21,166,B530
531,1,15,2026-07-02,213,B531
532,1,15,2026-07-13,186,B532
533,1,15,2026-07-24,220,B533
534,1,16,2026-05-08,285,B534
535,1,16,2026-05-26,300,B535
536,1,16,2026-06-13,280,B536
537,1,16,2026-07-01,317,B537
538,1,16,2026-07-19,307,B538
539,1,17,2026-05-08,281,B539
540,1,17,2026-05-25,294,B540
541,1,17,2026-06-11,312,B541
542,1,17,2026-06-28,303,B542
543,1,17,2026-07-15,283,B543
544,1,18,2026-05-08,364,B544
545,1,18,2026-05-24,363,B545
546,1,18,2026-06-09,301,B546
547,1,18,2026-06-25,277,B547
548,1,18,2026-07-11,347,B548
549,1,19,2026-05-08,205,B549
550,1,19,2026-05-23,226,B550
551,1,19,2026-06-07,192,B551
552,1,19,2026-06-22,228,B552
553,1,19,2026-07-07,223,B553
554,1,19,2026-07-22,230,B554
555,1,20,2026-05-08,129,B555
556,1,20,2026-05-19,158,B556
557,1,20,2026-05-30,160,B557
558,1,20,2026-06-10,129,B558
559,1,20,2026-06-21,158,B559
560,1,20,2026-07-02,140,B560
561,1,20,2026-07-13,142,B561
562,1,20,2026-07-24,159,B562
563,1,21,2026-05-08,157,B563
564,1,21,2026-05-21,206,B564
565,1,21,2026-06-03,192,B565
566,1,21,2026-06-16,200,B566
567,1,21,2026-06-29,186,B567
568,1,21,2026-07-12,166,B568
569,1,22,2026-05-08,159,B569
570,1,22,2026-05-20,160,B570
571,1,22,2026-06-01,143,B571
572,1,22,2026-06-13,177,B572
573,1,22,2026-06-25,154,B573
574,1,22,2026-07-07,175,B574
575,1,22,2026-07-19,161,B575
576,1,23,2026-05-08,92,B576
577,1,23,2026-05-18,85,B577
578,1,23,2026-05-28,93,B578
579,1,23,2026-06-07,81,B579
580,1,23,2026-06-17,93,B580
581,1,23,2026-06-27,74,B581
582,1,23,2026-07-07,92,B582
583,1,23,2026-07-17,98,B583
584,1,23,2026-07-27,90,B584
585,1,24,2026-05-08,90,B585
586,1,24,2026-05-26,79,B586
587,1,24,2026-06-13,82,B587
588,1,24,2026-07-01,91,B588
589,1,24,2026-07-19,74,B589
590,1,25,2026-05-08,145,B590
591,1,25,2026-05-24,131,B591
592,1,25,2026-06-09,136,B592
593,1,25,2026-06-25,124,B593
594,1,25,2026-07-11,142,B594
595,1,26,2026-05-08,85,B595
596,1,26,2026-05-25,88,B596
597,1,26,2026-06-11,93,B597
598,1,26,2026-06-28,90,B598
599,1,26,2026-07-15,102,B599
600,1,27,2026-05-08,75,B600
601,1,27,2026-05-23,90,B601
602,1,27,2026-06-07,81,B602
603,1,27,2026-06-22,72,B603
604,1,27,2026-07-07,87,B604
605,1,27,2026-07-22,92,B605
606,1,28,2026-05-08,54,B606
607,1,28,2026-05-19,44,B607
608,1,28,2026-05-30,44,B608
609,1,28,2026-06-10,47,B609
610,1,28,2026-06-21,42,B610
611,1,28,2026-07-02,52,B611
612,1,28,2026-07-13,51,B612
613,1,28,2026-07-24,54,B613
614,1,29,2026-05-08,43,B614
615,1,29,2026-05-18,37,B615
616,1,29,2026-05-28,41,B616
617,1,29,2026-06-07,40,B617
618,1,29,2026-06-17,41,B618
619,1,29,2026-06-27,37,B619
620,1,29,2026-07-07,32,B620
621,1,29,2026-07-17,42,B621
622,1,29,2026-07-27,42,B622
623,1,30,2026-05-08,61,B623
624,1,30,2026-05-26,50,B624
625,1,30,2026-06-13,51,B625
626,1,30,2026-07-01,47,B626
627,1,30,2026-07-19,56,B627
628,1,31,2026-05-08,200,B628
629,1,31,2026-05-26,260,B629
630,1,31,2026-06-13,205,B630
631,1,31,2026-07-01,198,B631
632,1,31,2026-07-19,264,B632
633,1,32,2026-05-08,76,B633
634,1,32,2026-05-18,80,B634
635,1,32,2026-05-28,74,B635
636,1,32,2026-06-07,67,B636
637,1,32,2026-06-17,62,B637
638,1,32,2026-06-27,66,B638
639,1,32,2026-07-07,63,B639
640,1,32,2026-07-17,68,B640
641,1,32,2026-07-27,76,B641
642,1,33,2026-05-08,110,B642
643,1,33,2026-05-20,120,B643
644,1,33,2026-06-01,99,B644
645,1,33,2026-06-13,103,B645
646,1,33,2026-06-25,97,B646
647,1,33,2026-07-07,108,B647
648,1,33,2026-07-19,97,B648
649,1,34,2026-05-08,95,B649
650,1,34,2026-05-26,113,B650
651,1,34,2026-06-13,108,B651
652,1,34,2026-07-01,105,B652
653,1,34,2026-07-19,117,B653
654,2,1,2026-05-08,36,B654
655,2,1,2026-05-10,37,B655
656,2,1,2026-05-12,43,B656
657,2,1,2026-05-14,33,B657
658,2,1,2026-05-16,41,B658
659,2,1,2026-05-18,32,B659
660,2,1,2026-05-20,40,B660
661,2,1,2026-05-22,36,B661
662,2,1,2026-05-24,40,B662
663,2,1,2026-05-26,35,B663
664,2,1,2026-05-28,40,B664
665,2,1,2026-05-30,34,B665
666,2,1,2026-06-01,37,B666
667,2,1,2026-06-03,33,B667
668,2,1,2026-06-05,39,B668
669,2,1,2026-06-07,39,B669
670,2,1,2026-06-09,42,B670
671,2,1,2026-06-11,36,B671
672,2,1,2026-06-13,33,B672
673,2,1,2026-06-15,34,B673
674,2,1,2026-06-17,34,B674
675,2,1,2026-06-19,35,B675
676,2,1,2026-06-21,39,B676
677,2,1,2026-06-23,40,B677
678,2,1,2026-06-25,32,B678
679,2,1,2026-06-27,38,B679
680,2,1,2026-06-29,33,B680
681,2,1,2026-07-01,34,B681
682,2,1,2026-07-03,40,B682
683,2,1,2026-07-05,38,B683
684,2,1,2026-07-07,39,B684
685,2,1,2026-07-09,43,B685
686,2,1,2026-07-11,35,B686
687,2,1,2026-07-13,42,B687
688,2,1,2026-07-15,41,B688
689,2,1,2026-07-17,41,B689
690,2,1,2026-07-19,36,B690
691,2,1,2026-07-21,39,B691
692,2,1,2026-07-23,35,B692
693,2,1,2026-07-25,40,B693
694,2,1,2026-07-27,36,B694
695,2,1,2026-07-29,34,B695
696,2,1,2026-07-31,36,B696
697,2,1,2026-08-02,41,B697
698,2,1,2026-08-04,33,B698
699,2,2,2026-05-08,39,B699
700,2,2,2026-05-10,35,B700
701,2,2,2026-05-12,40,B701
702,2,2,2026-05-14,38,B702
703,2,2,2026-05-16,40,B703
704,2,2,2026-05-18,31,B704
705,2,2,2026-05-20,34,B705
706,2,2,2026-05-22,37,B706
707,2,2,2026-05-24,33,B707
708,2,2,2026-05-26,31,B708
709,2,2,2026-05-28,32,B709
710,2,2,2026-05-30,31,B710
711,2,2,2026-06-01,32,B711
712,2,2,2026-06-03,30,B712
713,2,2,2026-06-05,36,B713
714,2,2,2026-06-07,39,B714
715,2,2,2026-06-09,38,B715
716,2,2,2026-06-11,32,B716
717,2,2,2026-06-13,36,B717
718,2,2,2026-06-15,39,B718
719,2,2,2026-06-17,35,B719
720,2,2,2026-06-19,35,B720
721,2,2,2026-06-21,37,B721
722,2,2,2026-06-23,40,B722
723,2,2,2026-06-25,33,B723
724,2,2,2026-06-27,39,B724
725,2,2,2026-06-29,39,B725
726,2,2,2026-07-01,31,B726
727,2,2,2026-07-03,40,B727
728,2,2,2026-07-05,37,B728
729,2,2,2026-07-07,31,B729
730,2,2,2026-07-09,34,B730
731,2,2,2026-07-11,31,B731
732,2,2,2026-07-13,33,B732
733,2,2,2026-07-15,32,B733
734,2,2,2026-07-17,40,B734
735,2,2,2026-07-19,34,B735
736,2,2,2026-07-21,31,B736
737,2,2,2026-07-23,40,B737
738,2,2,2026-07-25,40,B738
739,2,2,2026-07-27,34,B739
740,2,2,2026-07-29,36,B740
741,2,2,2026-07-31,40,B741
742,2,2,2026-08-02,35,B742
743,2,2,2026-08-04,33,B743
744,2,3,2026-05-08,39,B744
745,2,3,2026-05-10,39,B745
746,2,3,2026-05-12,44,B746
747,2,3,2026-05-14,38,B747
748,2,3,2026-05-16,39,B748
749,2,3,2026-05-18,40,B749
750,2,3,2026-05-20,36,B750
751,2,3,2026-05-22,37,B751
752,2,3,2026-05-24,44,B752
753,2,3,2026-05-26,34,B753
754,2,3,2026-05-28,40,B754
755,2,3,2026-05-30,42,B755
756,2,3,2026-06-01,38,B756
757,2,3,2026-06-03,36,B757
758,2,3,2026-06-05,36,B758
759,2,3,2026-06-07,42,B759
760,2,3,2026-06-09,38,B760
761,2,3,2026-06-11,34,B761
762,2,3,2026-06-13,41,B762
763,2,3,2026-06-15,42,B763
764,2,3,2026-06-17,39,B764
765,2,3,2026-06-19,35,B765
766,2,3,2026-06-21,41,B766
767,2,3,2026-06-23,40,B767
768,2,3,2026-06-25,39,B768
769,2,3,2026-06-27,37,B769
770,2,3,2026-06-29,38,B770
771,2,3,2026-07-01,36,B771
772,2,3,2026-07-03,41,B772
773,2,3,2026-07-05,38,B773
774,2,3,2026-07-07,40,B774
775,2,3,2026-07-09,36,B775
776,2,3,2026-07-11,38,B776
777,2,3,2026-07-13,42,B777
778,2,3,2026-07-15,33,B778
779,2,3,2026-07-17,38,B779
780,2,3,2026-07-19,39,B780
781,2,3,2026-07-21,35,B781
782,2,3,2026-07-23,33,B782
783,2,3,2026-07-25,38,B783
784,2,3,2026-07-27,44,B784
785,2,3,2026-07-29,43,B785
786,2,3,2026-07-31,36,B786
787,2,3,2026-08-02,43,B787
788,2,3,2026-08-04,43,B788
789,2,4,2026-05-08,64,B789
790,2,4,2026-05-10,51,B790
791,2,4,2026-05-12,63,B791
792,2,4,2026-05-14,66,B792
793,2,4,2026-05-16,53,B793
794,2,4,2026-05-18,64,B794
795,2,4,2026-05-20,59,B795
796,2,4,2026-05-22,60,B796
797,2,4,2026-05-24,62,B797
798,2,4,2026-05-26,53,B798
799,2,4,2026-05-28,66,B799
800,2,4,2026-05-30,68,B800
801,2,4,2026-06-01,66,B801
802,2,4,2026-06-03,51,B802
803,2,4,2026-06-05,53,B803
804,2,4,2026-06-07,65,B804
805,2,4,2026-06-09,56,B805
806,2,4,2026-06-11,56,B806
807,2,4,2026-06-13,55,B807
808,2,4,2026-06-15,51,B808
809,2,4,2026-06-17,51,B809
810,2,4,2026-06-19,52,B810
811,2,4,2026-06-21,67,B811
812,2,4,2026-06-23,67,B812
813,2,4,2026-06-25,67,B813
814,2,4,2026-06-27,63,B814
815,2,4,2026-06-29,61,B815
816,2,4,2026-07-01,55,B816
817,2,4,2026-07-03,67,B817
818,2,4,2026-07-05,55,B818
819,2,4,2026-07-07,65,B819
820,2,4,2026-07-09,54,B820
821,2,4,2026-07-11,68,B821
822,2,4,2026-07-13,59,B822
823,2,4,2026-07-15,51,B823
824,2,4,2026-07-17,51,B824
825,2,4,2026-07-19,51,B825
826,2,4,2026-07-21,55,B826
827,2,4,2026-07-23,59,B827
828,2,4,2026-07-25,52,B828
829,2,4,2026-07-27,64,B829
830,2,4,2026-07-29,64,B830
831,2,4,2026-07-31,53,B831
832,2,4,2026-08-02,67,B832
833,2,4,2026-08-04,53,B833
834,2,5,2026-05-08,36,B834
835,2,5,2026-05-10,33,B835
836,2,5,2026-05-12,31,B836
837,2,5,2026-05-14,38,B837
838,2,5,2026-05-16,41,B838
839,2,5,2026-05-18,35,B839
840,2,5,2026-05-20,36,B840
841,2,5,2026-05-22,32,B841
842,2,5,2026-05-24,36,B842
843,2,5,2026-05-26,40,B843
844,2,5,2026-05-28,35,B844
845,2,5,2026-05-30,35,B845
846,2,5,2026-06-01,31,B846
847,2,5,2026-06-03,37,B847
848,2,5,2026-06-05,38,B848
849,2,5,2026-06-07,35,B849
850,2,5,2026-06-09,40,B850
851,2,5,2026-06-11,39,B851
852,2,5,2026-06-13,41,B852
853,2,5,2026-06-15,31,B853
854,2,5,2026-06-17,35,B854
855,2,5,2026-06-19,31,B855
856,2,5,2026-06-21,40,B856
857,2,5,2026-06-23,42,B857
858,2,5,2026-06-25,34,B858
859,2,5,2026-06-27,37,B859
860,2,5,2026-06-29,35,B860
861,2,5,2026-07-01,39,B861
862,2,5,2026-07-03,36,B862
863,2,5,2026-07-05,39,B863
864,2,5,2026-07-07,37,B864
865,2,5,2026-07-09,34,B865
866,2,5,2026-07-11,37,B866
867,2,5,2026-07-13,32,B867
868,2,5,2026-07-15,35,B868
869,2,5,2026-07-17,32,B869
870,2,5,2026-07-19,32,B870
871,2,5,2026-07-21,36,B871
872,2,5,2026-07-23,36,B872
873,2,5,2026-07-25,34,B873
874,2,5,2026-07-27,36,B874
875,2,5,2026-07-29,39,B875
876,2,5,2026-07-31,33,B876
877,2,5,2026-08-02,38,B877
878,2,5,2026-08-04,34,B878
879,2,6,2026-05-08,35,B879
880,2,6,2026-05-10,40,B880
881,2,6,2026-05-12,40,B881
882,2,6,2026-05-14,34,B882
883,2,6,2026-05-16,40,B883
884,2,6,2026-05-18,35,B884
885,2,6,2026-05-20,35,B885
886,2,6,2026-05-22,37,B886
887,2,6,2026-05-24,34,B887
888,2,6,2026-05-26,42,B888
889,2,6,2026-05-28,41,B889
890,2,6,2026-05-30,34,B890
891,2,6,2026-06-01,35,B891
892,2,6,2026-06-03,41,B892
893,2,6,2026-06-05,38,B893
894,2,6,2026-06-07,41,B894
895,2,6,2026-06-09,38,B895
896,2,6,2026-06-11,42,B896
897,2,6,2026-06-13,34,B897
898,2,6,2026-06-15,38,B898
899,2,6,2026-06-17,41,B899
900,2,6,2026-06-19,38,B900
901,2,6,2026-06-21,34,B901
902,2,6,2026-06-23,37,B902
903,2,6,2026-06-25,42,B903
904,2,6,2026-06-27,36,B904
905,2,6,2026-06-29,36,B905
906,2,6,2026-07-01,32,B906
907,2,6,2026-07-03,39,B907
908,2,6,2026-07-05,36,B908
909,2,6,2026-07-07,38,B909
910,2,6,2026-07-09,40,B910
911,2,6,2026-07-11,34,B911
912,2,6,2026-07-13,35,B912
913,2,6,2026-07-15,35,B913
914,2,6,2026-07-17,42,B914
915,2,6,2026-07-19,33,B915
916,2,6,2026-07-21,33,B916
917,2,6,2026-07-23,33,B917
918,2,6,2026-07-25,39,B918
919,2,6,2026-07-27,33,B919
920,2,6,2026-07-29,36,B920
921,2,6,2026-07-31,36,B921
922,2,6,2026-08-02,42,B922
923,2,6,2026-08-04,43,B923
924,2,7,2026-05-08,58,B924
925,2,7,2026-05-11,60,B925
926,2,7,2026-05-14,60,B926
927,2,7,2026-05-17,60,B927
928,2,7,2026-05-20,70,B928
929,2,7,2026-05-23,66,B929
930,2,7,2026-05-26,55,B930
931,2,7,2026-05-29,66,B931
932,2,7,2026-06-01,52,B932
933,2,7,2026-06-04,59,B933
934,2,7,2026-06-07,68,B934
935,2,7,2026-06-10,53,B935
936,2,7,2026-06-13,57,B936
937,2,7,2026-06-16,70,B937
938,2,7,2026-06-19,56,B938
939,2,7,2026-06-22,68,B939
940,2,7,2026-06-25,69,B940
941,2,7,2026-06-28,65,B941
942,2,7,2026-07-01,63,B942
943,2,7,2026-07-04,63,B943
944,2,7,2026-07-07,56,B944
945,2,7,2026-07-10,58,B945
946,2,7,2026-07-13,61,B946
947,2,7,2026-07-16,68,B947
948,2,7,2026-07-19,64,B948
949,2,7,2026-07-22,55,B949
950,2,7,2026-07-25,58,B950
951,2,7,2026-07-28,57,B951
952,2,7,2026-07-31,61,B952
953,2,7,2026-08-03,64,B953
954,2,8,2026-05-08,59,B954
955,2,8,2026-05-10,60,B955
956,2,8,2026-05-12,66,B956
957,2,8,2026-05-14,63,B957
958,2,8,2026-05-16,67,B958
959,2,8,2026-05-18,58,B959
960,2,8,2026-05-20,71,B960
961,2,8,2026-05-22,73,B961
962,2,8,2026-05-24,73,B962
963,2,8,2026-05-26,66,B963
964,2,8,2026-05-28,59,B964
965,2,8,2026-05-30,56,B965
966,2,8,2026-06-01,61,B966
967,2,8,2026-06-03,57,B967
968,2,8,2026-06-05,58,B968
969,2,8,2026-06-07,64,B969
970,2,8,2026-06-09,65,B970
971,2,8,2026-06-11,73,B971
972,2,8,2026-06-13,72,B972
973,2,8,2026-06-15,70,B973
974,2,8,2026-06-17,62,B974
975,2,8,2026-06-19,62,B975
976,2,8,2026-06-21,61,B976
977,2,8,2026-06-23,70,B977
978,2,8,2026-06-25,70,B978
979,2,8,2026-06-27,54,B979
980,2,8,2026-06-29,57,B980
981,2,8,2026-07-01,55,B981
982,2,8,2026-07-03,68,B982
983,2,8,2026-07-05,70,B983
984,2,8,2026-07-07,73,B984
985,2,8,2026-07-09,68,B985
986,2,8,2026-07-11,69,B986
987,2,8,2026-07-13,56,B987
988,2,8,2026-07-15,55,B988
989,2,8,2026-07-17,58,B989
990,2,8,2026-07-19,56,B990
991,2,8,2026-07-21,66,B991
992,2,8,2026-07-23,60,B992
993,2,8,2026-07-25,62,B993
994,2,8,2026-07-27,73,B994
995,2,8,2026-07-29,57,B995
996,2,8,2026-07-31,68,B996
997,2,8,2026-08-02,64,B997
998,2,8,2026-08-04,63,B998
999,2,9,2026-05-08,67,B999
1000,2,9,2026-05-11,51,B1000
1001,2,9,2026-05-14,57,B1001
1002,2,9,2026-05-17,55,B1002
1003,2,9,2026-05-20,64,B1003
1004,2,9,2026-05-23,64,B1004
1005,2,9,2026-05-26,51,B1005
1006,2,9,2026-05-29,65,B1006
1007,2,9,2026-06-01,64,B1007
1008,2,9,2026-06-04,68,B1008
1009,2,9,2026-06-07,56,B1009
1010,2,9,2026-06-10,54,B1010
1011,2,9,2026-06-13,55,B1011
1012,2,9,2026-06-16,51,B1012
1013,2,9,2026-06-19,53,B1013
1014,2,9,2026-06-22,60,B1014
1015,2,9,2026-06-25,66,B1015
1016,2,9,2026-06-28,65,B1016
1017,2,9,2026-07-01,58,B1017
1018,2,9,2026-07-04,65,B1018
1019,2,9,2026-07-07,62,B1019
1020,2,9,2026-07-10,61,B1020
1021,2,9,2026-07-13,58,B1021
1022,2,9,2026-07-16,66,B1022
1023,2,9,2026-07-19,58,B1023
1024,2,9,2026-07-22,64,B1024
1025,2,9,2026-07-25,68,B1025
1026,2,9,2026-07-28,59,B1026
1027,2,9,2026-07-31,56,B1027
1028,2,9,2026-08-03,61,B1028
1029,2,10,2026-05-08,34,B1029
1030,2,10,2026-05-10,43,B1030
1031,2,10,2026-05-12,40,B1031
1032,2,10,2026-05-14,41,B1032
1033,2,10,2026-05-16,40,B1033
1034,2,10,2026-05-18,39,B1034
1035,2,10,2026-05-20,38,B1035
1036,2,10,2026-05-22,37,B1036
1037,2,10,2026-05-24,33,B1037
1038,2,10,2026-05-26,40,B1038
1039,2,10,2026-05-28,38,B1039
1040,2,10,2026-05-30,33,B1040
1041,2,10,2026-06-01,34,B1041
1042,2,10,2026-06-03,40,B1042
1043,2,10,2026-06-05,33,B1043
1044,2,10,2026-06-07,33,B1044
1045,2,10,2026-06-09,34,B1045
1046,2,10,2026-06-11,41,B1046
1047,2,10,2026-06-13,36,B1047
1048,2,10,2026-06-15,43,B1048
1049,2,10,2026-06-17,44,B1049
1050,2,10,2026-06-19,38,B1050
1051,2,10,2026-06-21,44,B1051
1052,2,10,2026-06-23,43,B1052
1053,2,10,2026-06-25,40,B1053
1054,2,10,2026-06-27,38,B1054
1055,2,10,2026-06-29,42,B1055
1056,2,10,2026-07-01,35,B1056
1057,2,10,2026-07-03,36,B1057
1058,2,10,2026-07-05,42,B1058
1059,2,10,2026-07-07,39,B1059
1060,2,10,2026-07-09,34,B1060
1061,2,10,2026-07-11,36,B1061
1062,2,10,2026-07-13,39,B1062
1063,2,10,2026-07-15,41,B1063
1064,2,10,2026-07-17,36,B1064
1065,2,10,2026-07-19,38,B1065
1066,2,10,2026-07-21,35,B1066
1067,2,10,2026-07-23,37,B1067
1068,2,10,2026-07-25,42,B1068
1069,2,10,2026-07-27,34,B1069
1070,2,10,2026-07-29,36,B1070
1071,2,10,2026-07-31,37,B1071
1072,2,10,2026-08-02,39,B1072
1073,2,10,2026-08-04,44,B1073
1074,2,11,2026-05-08,15,B1074
1075,2,11,2026-05-10,18,B1075
1076,2,11,2026-05-12,18,B1076
1077,2,11,2026-05-14,17,B1077
1078,2,11,2026-05-16,17,B1078
1079,2,11,2026-05-18,17,B1079
1080,2,11,2026-05-20,16,B1080
1081,2,11,2026-05-22,18,B1081
1082,2,11,2026-05-24,15,B1082
1083,2,11,2026-05-26,15,B1083
1084,2,11,2026-05-28,19,B1084
1085,2,11,2026-05-30,17,B1085
1086,2,11,2026-06-01,19,B1086
1087,2,11,2026-06-03,15,B1087
1088,2,11,2026-06-05,18,B1088
1089,2,11,2026-06-07,16,B1089
1090,2,11,2026-06-09,17,B1090
1091,2,11,2026-06-11,14,B1091
1092,2,11,2026-06-13,18,B1092
1093,2,11,2026-06-15,19,B1093
1094,2,11,2026-06-17,16,B1094
1095,2,11,2026-06-19,16,B1095
1096,2,11,2026-06-21,16,B1096
1097,2,11,2026-06-23,15,B1097
1098,2,11,2026-06-25,16,B1098
1099,2,11,2026-06-27,17,B1099
1100,2,11,2026-06-29,17,B1100
1101,2,11,2026-07-01,18,B1101
1102,2,11,2026-07-03,18,B1102
1103,2,11,2026-07-05,16,B1103
1104,2,11,2026-07-07,16,B1104
1105,2,11,2026-07-09,15,B1105
1106,2,11,2026-07-11,16,B1106
1107,2,11,2026-07-13,17,B1107
1108,2,11,2026-07-15,17,B1108
1109,2,11,2026-07-17,17,B1109
1110,2,11,2026-07-19,16,B1110
1111,2,11,2026-07-21,17,B1111
1112,2,11,2026-07-23,16,B1112
1113,2,11,2026-07-25,17,B1113
1114,2,11,2026-07-27,17,B1114
1115,2,11,2026-07-29,17,B1115
1116,2,11,2026-07-31,15,B1116
1117,2,11,2026-08-02,14,B1117
1118,2,11,2026-08-04,18,B1118
1119,2,12,2026-05-08,37,B1119
1120,2,12,2026-05-11,37,B1120
1121,2,12,2026-05-14,31,B1121
1122,2,12,2026-05-17,33,B1122
1123,2,12,2026-05-20,30,B1123
1124,2,12,2026-05-23,33,B1124
1125,2,12,2026-05-26,30,B1125
1126,2,12,2026-05-29,32,B1126
1127,2,12,2026-06-01,29,B1127
1128,2,12,2026-06-04,36,B1128
1129,2,12,2026-06-07,33,B1129
1130,2,12,2026-06-10,36,B1130
1131,2,12,2026-06-13,35,B1131
1132,2,12,2026-06-16,33,B1132
1133,2,12,2026-06-19,32,B1133
1134,2,12,2026-06-22,36,B1134
1135,2,12,2026-06-25,34,B1135
1136,2,12,2026-06-28,32,B1136
1137,2,12,2026-07-01,31,B1137
1138,2,12,2026-07-04,32,B1138
1139,2,12,2026-07-07,34,B1139
1140,2,12,2026-07-10,33,B1140
1141,2,12,2026-07-13,31,B1141
1142,2,12,2026-07-16,35,B1142
1143,2,12,2026-07-19,31,B1143
1144,2,12,2026-07-22,28,B1144
1145,2,12,2026-07-25,29,B1145
1146,2,12,2026-07-28,30,B1146
1147,2,12,2026-07-31,28,B1147
1148,2,12,2026-08-03,33,B1148
1149,2,13,2026-05-08,25,B1149
1150,2,13,2026-05-11,24,B1150
1151,2,13,2026-05-14,31,B1151
1152,2,13,2026-05-17,24,B1152
1153,2,13,2026-05-20,24,B1153
1154,2,13,2026-05-23,25,B1154
1155,2,13,2026-05-26,26,B1155
1156,2,13,2026-05-29,29,B1156
1157,2,13,2026-06-01,25,B1157
1158,2,13,2026-06-04,30,B1158
1159,2,13,2026-06-07,25,B1159
1160,2,13,2026-06-10,26,B1160
1161,2,13,2026-06-13,29,B1161
1162,2,13,2026-06-16,28,B1162
1163,2,13,2026-06-19,29,B1163
1164,2,13,2026-06-22,30,B1164
1165,2,13,2026-06-25,25,B1165
1166,2,13,2026-06-28,27,B1166
1167,2,13,2026-07-01,23,B1167
1168,2,13,2026-07-04,25,B1168
1169,2,13,2026-07-07,24,B1169
1170,2,13,2026-07-10,24,B1170
1171,2,13,2026-07-13,28,B1171
1172,2,13,2026-07-16,24,B1172
1173,2,13,2026-07-19,29,B1173
1174,2,13,2026-07-22,28,B1174
1175,2,13,2026-07-25,26,B1175
1176,2,13,2026-07-28,26,B1176
1177,2,13,2026-07-31,29,B1177
1178,2,13,2026-08-03,24,B1178
1179,2,14,2026-05-08,19,B1179
1180,2,14,2026-05-10,16,B1180
1181,2,14,2026-05-12,17,B1181
1182,2,14,2026-05-14,15,B1182
1183,2,14,2026-05-16,18,B1183
1184,2,14,2026-05-18,17,B1184
1185,2,14,2026-05-20,20,B1185
1186,2,14,2026-05-22,19,B1186
1187,2,14,2026-05-24,15,B1187
1188,2,14,2026-05-26,18,B1188
1189,2,14,2026-05-28,17,B1189
1190,2,14,2026-05-30,15,B1190
1191,2,14,2026-06-01,19,B1191
1192,2,14,2026-06-03,17,B1192
1193,2,14,2026-06-05,17,B1193
1194,2,14,2026-06-07,19,B1194
1195,2,14,2026-06-09,20,B1195
1196,2,14,2026-06-11,15,B1196
1197,2,14,2026-06-13,17,B1197
1198,2,14,2026-06-15,16,B1198
1199,2,14,2026-06-17,18,B1199
1200,2,14,2026-06-19,16,B1200
1201,2,14,2026-06-21,17,B1201
1202,2,14,2026-06-23,20,B1202
1203,2,14,2026-06-25,18,B1203
1204,2,14,2026-06-27,19,B1204
1205,2,14,2026-06-29,16,B1205
1206,2,14,2026-07-01,15,B1206
1207,2,14,2026-07-03,16,B1207
1208,2,14,2026-07-05,16,B1208
1209,2,14,2026-07-07,16,B1209
1210,2,14,2026-07-09,16,B1210
1211,2,14,2026-07-11,20,B1211
1212,2,14,2026-07-13,17,B1212
1213,2,14,2026-07-15,15,B1213
1214,2,14,2026-07-17,17,B1214
1215,2,14,2026-07-19,17,B1215
1216,2,14,2026-07-21,18,B1216
1217,2,14,2026-07-23,19,B1217
1218,2,14,2026-07-25,19,B1218
1219,2,14,2026-07-27,18,B1219
1220,2,14,2026-07-29,20,B1220
1221,2,14,2026-07-31,17,B1221
1222,2,14,2026-08-02,17,B1222
1223,2,14,2026-08-04,15,B1223
1224,2,15,2026-05-08,231,B1224
1225,2,15,2026-05-18,277,B1225
1226,2,15,2026-05-28,224,B1226
1227,2,15,2026-06-07,249,B1227
1228,2,15,2026-06-17,259,B1228
1229,2,15,2026-06-27,243,B1229
1230,2,15,2026-07-07,222,B1230
1231,2,15,2026-07-17,246,B1231
1232,2,15,2026-07-27,237,B1232
1233,2,16,2026-05-08,308,B1233
1234,2,16,2026-05-26,284,B1234
1235,2,16,2026-06-13,308,B1235
1236,2,16,2026-07-01,302,B1236
1237,2,16,2026-07-19,285,B1237
1238,2,17,2026-05-08,182,B1238
1239,2,17,2026-05-21,159,B1239
1240,2,17,2026-06-03,183,B1240
1241,2,17,2026-06-16,181,B1241
1242,2,17,2026-06-29,143,B1242
1243,2,17,2026-07-12,144,B1243
1244,2,18,2026-05-08,241,B1244
1245,2,18,2026-05-22,188,B1245
1246,2,18,2026-06-05,216,B1246
1247,2,18,2026-06-19,194,B1247
1248,2,18,2026-07-03,203,B1248
1249,2,18,2026-07-17,192,B1249
1250,2,19,2026-05-08,199,B1250
1251,2,19,2026-05-21,193,B1251
1252,2,19,2026-06-03,197,B1252
1253,2,19,2026-06-16,189,B1253
1254,2,19,2026-06-29,233,B1254
1255,2,19,2026-07-12,233,B1255
1256,2,20,2026-05-08,182,B1256
1257,2,20,2026-05-26,224,B1257
1258,2,20,2026-06-13,220,B1258
1259,2,20,2026-07-01,226,B1259
1260,2,20,2026-07-19,214,B1260
1261,2,21,2026-05-08,221,B1261
1262,2,21,2026-05-24,251,B1262
1263,2,21,2026-06-09,209,B1263
1264,2,21,2026-06-25,251,B1264
1265,2,21,2026-07-11,244,B1265
1266,2,22,2026-05-08,253,B1266
1267,2,22,2026-05-24,220,B1267
1268,2,22,2026-06-09,276,B1268
1269,2,22,2026-06-25,269,B1269
1270,2,22,2026-07-11,221,B1270
1271,2,23,2026-05-08,58,B1271
1272,2,23,2026-05-20,65,B1272
1273,2,23,2026-06-01,54,B1273
1274,2,23,2026-06-13,57,B1274
1275,2,23,2026-06-25,69,B1275
1276,2,23,2026-07-07,68,B1276
1277,2,23,2026-07-19,60,B1277
1278,2,24,2026-05-08,92,B1278
1279,2,24,2026-05-26,108,B1279
1280,2,24,2026-06-13,106,B1280
1281,2,24,2026-07-01,99,B1281
1282,2,24,2026-07-19,88,B1282
1283,2,25,2026-05-08,116,B1283
1284,2,25,2026-05-19,119,B1284
1285,2,25,2026-05-30,92,B1285
1286,2,25,2026-06-10,118,B1286
1287,2,25,2026-06-21,112,B1287
1288,2,25,2026-07-02,109,B1288
1289,2,25,2026-07-13,102,B1289
1290,2,25,2026-07-24,101,B1290
1291,2,26,2026-05-08,93,B1291
1292,2,26,2026-05-26,87,B1292
1293,2,26,2026-06-13,86,B1293
1294,2,26,2026-07-01,115,B1294
1295,2,26,2026-07-19,87,B1295
1296,2,27,2026-05-08,65,B1296
1297,2,27,2026-05-23,73,B1297
1298,2,27,2026-06-07,67,B1298
1299,2,27,2026-06-22,75,B1299
1300,2,27,2026-07-07,76,B1300
1301,2,27,2026-07-22,80,B1301
1302,2,28,2026-05-08,71,B1302
1303,2,28,2026-05-23,79,B1303
1304,2,28,2026-06-07,71,B1304
1305,2,28,2026-06-22,78,B1305
1306,2,28,2026-07-07,85,B1306
1307,2,28,2026-07-22,75,B1307
1308,2,29,2026-05-08,79,B1308
1309,2,29,2026-05-21,85,B1309
1310,2,29,2026-06-03,80,B1310
1311,2,29,2026-06-16,93,B1311
1312,2,29,2026-06-29,77,B1312
1313,2,29,2026-07-12,84,B1313
1314,2,30,2026-05-08,55,B1314
1315,2,30,2026-05-19,46,B1315
1316,2,30,2026-05-30,55,B1316
1317,2,30,2026-06-10,53,B1317
1318,2,30,2026-06-21,52,B1318
1319,2,30,2026-07-02,57,B1319
1320,2,30,2026-07-13,61,B1320
1321,2,30,2026-07-24,50,B1321
1322,2,31,2026-05-08,122,B1322
1323,2,31,2026-05-24,132,B1323
1324,2,31,2026-06-09,139,B1324
1325,2,31,2026-06-25,119,B1325
1326,2,31,2026-07-11,123,B1326
1327,2,32,2026-05-08,47,B1327
1328,2,32,2026-05-18,57,B1328
1329,2,32,2026-05-28,47,B1329
1330,2,32,2026-06-07,46,B1330
1331,2,32,2026-06-17,47,B1331
1332,2,32,2026-06-27,45,B1332
1333,2,32,2026-07-07,53,B1333
1334,2,32,2026-07-17,46,B1334
1335,2,32,2026-07-27,57,B1335
1336,2,33,2026-05-08,81,B1336
1337,2,33,2026-05-19,71,B1337
1338,2,33,2026-05-30,88,B1338
1339,2,33,2026-06-10,82,B1339
1340,2,33,2026-06-21,69,B1340
1341,2,33,2026-07-02,89,B1341
1342,2,33,2026-07-13,72,B1342
1343,2,33,2026-07-24,69,B1343
1344,2,34,2026-05-08,223,B1344
1345,2,34,2026-05-24,224,B1345
1346,2,34,2026-06-09,223,B1346
1347,2,34,2026-06-25,219,B1347
1348,2,34,2026-07-11,231,B1348
1349,3,1,2026-05-08,36,B1349
1350,3,1,2026-05-10,37,B1350
1351,3,1,2026-05-12,41,B1351
1352,3,1,2026-05-14,44,B1352
1353,3,1,2026-05-16,36,B1353
1354,3,1,2026-05-18,37,B1354
1355,3,1,2026-05-20,42,B1355
1356,3,1,2026-05-22,39,B1356
1357,3,1,2026-05-24,40,B1357
1358,3,1,2026-05-26,37,B1358
1359,3,1,2026-05-28,41,B1359
1360,3,1,2026-05-30,42,B1360
1361,3,1,2026-06-01,35,B1361
1362,3,1,2026-06-03,43,B1362
1363,3,1,2026-06-05,36,B1363
1364,3,1,2026-06-07,38,B1364
1365,3,1,2026-06-09,37,B1365
1366,3,1,2026-06-11,41,B1366
1367,3,1,2026-06-13,39,B1367
1368,3,1,2026-06-15,35,B1368
1369,3,1,2026-06-17,36,B1369
1370,3,1,2026-06-19,37,B1370
1371,3,1,2026-06-21,40,B1371
1372,3,1,2026-06-23,35,B1372
1373,3,1,2026-06-25,36,B1373
1374,3,1,2026-06-27,33,B1374
1375,3,1,2026-06-29,38,B1375
1376,3,1,2026-07-01,34,B1376
1377,3,1,2026-07-03,34,B1377
1378,3,1,2026-07-05,42,B1378
1379,3,1,2026-07-07,36,B1379
1380,3,1,2026-07-09,33,B1380
1381,3,1,2026-07-11,37,B1381
1382,3,1,2026-07-13,37,B1382
1383,3,1,2026-07-15,38,B1383
1384,3,1,2026-07-17,43,B1384
1385,3,1,2026-07-19,38,B1385
1386,3,1,2026-07-21,38,B1386
1387,3,1,2026-07-23,37,B1387
1388,3,1,2026-07-25,41,B1388
1389,3,1,2026-07-27,39,B1389
1390,3,1,2026-07-29,43,B1390
1391,3,1,2026-07-31,35,B1391
1392,3,1,2026-08-02,33,B1392
1393,3,1,2026-08-04,35,B1393
1394,3,2,2026-05-08,78,B1394
1395,3,2,2026-05-11,80,B1395
1396,3,2,2026-05-14,86,B1396
1397,3,2,2026-05-17,93,B1397
1398,3,2,2026-05-20,87,B1398
1399,3,2,2026-05-23,79,B1399
1400,3,2,2026-05-26,73,B1400
1401,3,2,2026-05-29,73,B1401
1402,3,2,2026-06-01,92,B1402
1403,3,2,2026-06-04,85,B1403
1404,3,2,2026-06-07,92,B1404
1405,3,2,2026-06-10,91,B1405
1406,3,2,2026-06-13,79,B1406
1407,3,2,2026-06-16,73,B1407
1408,3,2,2026-06-19,78,B1408
1409,3,2,2026-06-22,75,B1409
1410,3,2,2026-06-25,78,B1410
1411,3,2,2026-06-28,78,B1411
1412,3,2,2026-07-01,73,B1412
1413,3,2,2026-07-04,71,B1413
1414,3,2,2026-07-07,93,B1414
1415,3,2,2026-07-10,94,B1415
1416,3,2,2026-07-13,80,B1416
1417,3,2,2026-07-16,87,B1417
1418,3,2,2026-07-19,85,B1418
1419,3,2,2026-07-22,80,B1419
1420,3,2,2026-07-25,91,B1420
1421,3,2,2026-07-28,76,B1421
1422,3,2,2026-07-31,79,B1422
1423,3,2,2026-08-03,73,B1423
1424,3,3,2026-05-08,68,B1424
1425,3,3,2026-05-11,64,B1425
1426,3,3,2026-05-14,60,B1426
1427,3,3,2026-05-17,69,B1427
1428,3,3,2026-05-20,55,B1428
1429,3,3,2026-05-23,60,B1429
1430,3,3,2026-05-26,57,B1430
1431,3,3,2026-05-29,66,B1431
1432,3,3,2026-06-01,56,B1432
1433,3,3,2026-06-04,64,B1433
1434,3,3,2026-06-07,59,B1434
1435,3,3,2026-06-10,67,B1435
1436,3,3,2026-06-13,53,B1436
1437,3,3,2026-06-16,58,B1437
1438,3,3,2026-06-19,54,B1438
1439,3,3,2026-06-22,61,B1439
1440,3,3,2026-06-25,58,B1440
1441,3,3,2026-06-28,67,B1441
1442,3,3,2026-07-01,61,B1442
1443,3,3,2026-07-04,60,B1443
1444,3,3,2026-07-07,64,B1444
1445,3,3,2026-07-10,67,B1445
1446,3,3,2026-07-13,66,B1446
1447,3,3,2026-07-16,64,B1447
1448,3,3,2026-07-19,55,B1448
1449,3,3,2026-07-22,54,B1449
1450,3,3,2026-07-25,66,B1450
1451,3,3,2026-07-28,64,B1451
1452,3,3,2026-07-31,53,B1452
1453,3,3,2026-08-03,52,B1453
1454,3,4,2026-05-08,62,B1454
1455,3,4,2026-05-11,69,B1455
1456,3,4,2026-05-14,62,B1456
1457,3,4,2026-05-17,52,B1457
1458,3,4,2026-05-20,59,B1458
1459,3,4,2026-05-23,53,B1459
1460,3,4,2026-05-26,66,B1460
1461,3,4,2026-05-29,59,B1461
1462,3,4,2026-06-01,66,B1462
1463,3,4,2026-06-04,54,B1463
1464,3,4,2026-06-07,67,B1464
1465,3,4,2026-06-10,58,B1465
1466,3,4,2026-06-13,55,B1466
1467,3,4,2026-06-16,62,B1467
1468,3,4,2026-06-19,65,B1468
1469,3,4,2026-06-22,64,B1469
1470,3,4,2026-06-25,53,B1470
1471,3,4,2026-06-28,63,B1471
1472,3,4,2026-07-01,60,B1472
1473,3,4,2026-07-04,52,B1473
1474,3,4,2026-07-07,58,B1474
1475,3,4,2026-07-10,61,B1475
1476,3,4,2026-07-13,59,B1476
1477,3,4,2026-07-16,69,B1477
1478,3,4,2026-07-19,66,B1478
1479,3,4,2026-07-22,55,B1479
1480,3,4,2026-07-25,57,B1480
1481,3,4,2026-07-28,59,B1481
1482,3,4,2026-07-31,60,B1482
1483,3,4,2026-08-03,55,B1483
1484,3,5,2026-05-08,53,B1484
1485,3,5,2026-05-11,56,B1485
1486,3,5,2026-05-14,62,B1486
1487,3,5,2026-05-17,51,B1487
1488,3,5,2026-05-20,57,B1488
1489,3,5,2026-05-23,53,B1489
1490,3,5,2026-05-26,57,B1490
1491,3,5,2026-05-29,56,B1491
1492,3,5,2026-06-01,61,B1492
1493,3,5,2026-06-04,49,B1493
1494,3,5,2026-06-07,63,B1494
1495,3,5,2026-06-10,64,B1495
1496,3,5,2026-06-13,52,B1496
1497,3,5,2026-06-16,55,B1497
1498,3,5,2026-06-19,59,B1498
1499,3,5,2026-06-22,51,B1499
1500,3,5,2026-06-25,63,B1500
1501,3,5,2026-06-28,59,B1501
1502,3,5,2026-07-01,54,B1502
1503,3,5,2026-07-04,63,B1503
1504,3,5,2026-07-07,57,B1504
1505,3,5,2026-07-10,49,B1505
1506,3,5,2026-07-13,58,B1506
1507,3,5,2026-07-16,62,B1507
1508,3,5,2026-07-19,56,B1508
1509,3,5,2026-07-22,56,B1509
1510,3,5,2026-07-25,57,B1510
1511,3,5,2026-07-28,61,B1511
1512,3,5,2026-07-31,61,B1512
1513,3,5,2026-08-03,55,B1513
1514,3,6,2026-05-08,56,B1514
1515,3,6,2026-05-11,60,B1515
1516,3,6,2026-05-14,61,B1516
1517,3,6,2026-05-17,59,B1517
1518,3,6,2026-05-20,62,B1518
1519,3,6,2026-05-23,62,B1519
1520,3,6,2026-05-26,60,B1520
1521,3,6,2026-05-29,59,B1521
1522,3,6,2026-06-01,63,B1522
1523,3,6,2026-06-04,50,B1523
1524,3,6,2026-06-07,53,B1524
1525,3,6,2026-06-10,60,B1525
1526,3,6,2026-06-13,52,B1526
1527,3,6,2026-06-16,62,B1527
1528,3,6,2026-06-19,48,B1528
1529,3,6,2026-06-22,47,B1529
1530,3,6,2026-06-25,47,B1530
1531,3,6,2026-06-28,62,B1531
1532,3,6,2026-07-01,53,B1532
1533,3,6,2026-07-04,47,B1533
1534,3,6,2026-07-07,49,B1534
1535,3,6,2026-07-10,60,B1535
1536,3,6,2026-07-13,55,B1536
1537,3,6,2026-07-16,51,B1537
1538,3,6,2026-07-19,62,B1538
1539,3,6,2026-07-22,59,B1539
1540,3,6,2026-07-25,62,B1540
1541,3,6,2026-07-28,62,B1541
1542,3,6,2026-07-31,58,B1542
1543,3,6,2026-08-03,54,B1543
1544,3,7,2026-05-08,39,B1544
1545,3,7,2026-05-10,39,B1545
1546,3,7,2026-05-12,33,B1546
1547,3,7,2026-05-14,31,B1547
1548,3,7,2026-05-16,32,B1548
1549,3,7,2026-05-18,33,B1549
1550,3,7,2026-05-20,38,B1550
1551,3,7,2026-05-22,39,B1551
1552,3,7,2026-05-24,33,B1552
1553,3,7,2026-05-26,33,B1553
1554,3,7,2026-05-28,31,B1554
1555,3,7,2026-05-30,31,B1555
1556,3,7,2026-06-01,30,B1556
1557,3,7,2026-06-03,38,B1557
1558,3,7,2026-06-05,33,B1558
1559,3,7,2026-06-07,39,B1559
1560,3,7,2026-06-09,35,B1560
1561,3,7,2026-06-11,34,B1561
1562,3,7,2026-06-13,34,B1562
1563,3,7,2026-06-15,35,B1563
1564,3,7,2026-06-17,37,B1564
1565,3,7,2026-06-19,35,B1565
1566,3,7,2026-06-21,37,B1566
1567,3,7,2026-06-23,35,B1567
1568,3,7,2026-06-25,35,B1568
1569,3,7,2026-06-27,36,B1569
1570,3,7,2026-06-29,32,B1570
1571,3,7,2026-07-01,33,B1571
1572,3,7,2026-07-03,30,B1572
1573,3,7,2026-07-05,38,B1573
1574,3,7,2026-07-07,34,B1574
1575,3,7,2026-07-09,30,B1575
1576,3,7,2026-07-11,31,B1576
1577,3,7,2026-07-13,34,B1577
1578,3,7,2026-07-15,33,B1578
1579,3,7,2026-07-17,35,B1579
1580,3,7,2026-07-19,37,B1580
1581,3,7,2026-07-21,35,B1581
1582,3,7,2026-07-23,31,B1582
1583,3,7,2026-07-25,38,B1583
1584,3,7,2026-07-27,38,B1584
1585,3,7,2026-07-29,35,B1585
1586,3,7,2026-07-31,35,B1586
1587,3,7,2026-08-02,33,B1587
1588,3,7,2026-08-04,38,B1588
1589,3,8,2026-05-08,74,B1589
1590,3,8,2026-05-11,88,B1590
1591,3,8,2026-05-14,94,B1591
1592,3,8,2026-05-17,94,B1592
1593,3,8,2026-05-20,75,B1593
1594,3,8,2026-05-23,73,B1594
1595,3,8,2026-05-26,76,B1595
1596,3,8,2026-05-29,83,B1596
1597,3,8,2026-06-01,96,B1597
1598,3,8,2026-06-04,98,B1598
1599,3,8,2026-06-07,92,B1599
1600,3,8,2026-06-10,85,B1600
1601,3,8,2026-06-13,80,B1601
1602,3,8,2026-06-16,86,B1602
1603,3,8,2026-06-19,89,B1603
1604,3,8,2026-06-22,98,B1604
1605,3,8,2026-06-25,87,B1605
1606,3,8,2026-06-28,95,B1606
1607,3,8,2026-07-01,97,B1607
1608,3,8,2026-07-04,74,B1608
1609,3,8,2026-07-07,85,B1609
1610,3,8,2026-07-10,93,B1610
1611,3,8,2026-07-13,81,B1611
1612,3,8,2026-07-16,86,B1612
1613,3,8,2026-07-19,95,B1613
1614,3,8,2026-07-22,91,B1614
1615,3,8,2026-07-25,87,B1615
1616,3,8,2026-07-28,83,B1616
1617,3,8,2026-07-31,85,B1617
1618,3,8,2026-08-03,90,B1618
1619,3,9,2026-05-08,26,B1619
1620,3,9,2026-05-10,21,B1620
1621,3,9,2026-05-12,21,B1621
1622,3,9,2026-05-14,21,B1622
1623,3,9,2026-05-16,27,B1623
1624,3,9,2026-05-18,26,B1624
1625,3,9,2026-05-20,24,B1625
1626,3,9,2026-05-22,22,B1626
1627,3,9,2026-05-24,26,B1627
1628,3,9,2026-05-26,24,B1628
1629,3,9,2026-05-28,20,B1629
1630,3,9,2026-05-30,27,B1630
1631,3,9,2026-06-01,26,B1631
1632,3,9,2026-06-03,25,B1632
1633,3,9,2026-06-05,21,B1633
1634,3,9,2026-06-07,21,B1634
1635,3,9,2026-06-09,23,B1635
1636,3,9,2026-06-11,21,B1636
1637,3,9,2026-06-13,23,B1637
1638,3,9,2026-06-15,26,B1638
1639,3,9,2026-06-17,26,B1639
1640,3,9,2026-06-19,24,B1640
1641,3,9,2026-06-21,25,B1641
1642,3,9,2026-06-23,27,B1642
1643,3,9,2026-06-25,24,B1643
1644,3,9,2026-06-27,20,B1644
1645,3,9,2026-06-29,26,B1645
1646,3,9,2026-07-01,24,B1646
1647,3,9,2026-07-03,26,B1647
1648,3,9,2026-07-05,23,B1648
1649,3,9,2026-07-07,26,B1649
1650,3,9,2026-07-09,26,B1650
1651,3,9,2026-07-11,26,B1651
1652,3,9,2026-07-13,22,B1652
1653,3,9,2026-07-15,23,B1653
1654,3,9,2026-07-17,25,B1654
1655,3,9,2026-07-19,22,B1655
1656,3,9,2026-07-21,26,B1656
1657,3,9,2026-07-23,24,B1657
1658,3,9,2026-07-25,22,B1658
1659,3,9,2026-07-27,27,B1659
1660,3,9,2026-07-29,25,B1660
1661,3,9,2026-07-31,20,B1661
1662,3,9,2026-08-02,21,B1662
1663,3,9,2026-08-04,24,B1663
1664,3,10,2026-05-08,42,B1664
1665,3,10,2026-05-10,45,B1665
1666,3,10,2026-05-12,34,B1666
1667,3,10,2026-05-14,39,B1667
1668,3,10,2026-05-16,35,B1668
1669,3,10,2026-05-18,40,B1669
1670,3,10,2026-05-20,35,B1670
1671,3,10,2026-05-22,35,B1671
1672,3,10,2026-05-24,36,B1672
1673,3,10,2026-05-26,35,B1673
1674,3,10,2026-05-28,34,B1674
1675,3,10,2026-05-30,43,B1675
1676,3,10,2026-06-01,42,B1676
1677,3,10,2026-06-03,45,B1677
1678,3,10,2026-06-05,44,B1678
1679,3,10,2026-06-07,41,B1679
1680,3,10,2026-06-09,42,B1680
1681,3,10,2026-06-11,41,B1681
1682,3,10,2026-06-13,45,B1682
1683,3,10,2026-06-15,40,B1683
1684,3,10,2026-06-17,45,B1684
1685,3,10,2026-06-19,44,B1685
1686,3,10,2026-06-21,41,B1686
1687,3,10,2026-06-23,34,B1687
1688,3,10,2026-06-25,44,B1688
1689,3,10,2026-06-27,39,B1689
1690,3,10,2026-06-29,39,B1690
1691,3,10,2026-07-01,44,B1691
1692,3,10,2026-07-03,43,B1692
1693,3,10,2026-07-05,36,B1693
1694,3,10,2026-07-07,42,B1694
1695,3,10,2026-07-09,35,B1695
1696,3,10,2026-07-11,45,B1696
1697,3,10,2026-07-13,40,B1697
1698,3,10,2026-07-15,34,B1698
1699,3,10,2026-07-17,35,B1699
1700,3,10,2026-07-19,38,B1700
1701,3,10,2026-07-21,35,B1701
1702,3,10,2026-07-23,36,B1702
1703,3,10,2026-07-25,35,B1703
1704,3,10,2026-07-27,42,B1704
1705,3,10,2026-07-29,40,B1705
1706,3,10,2026-07-31,39,B1706
1707,3,10,2026-08-02,36,B1707
1708,3,10,2026-08-04,43,B1708
1709,3,11,2026-05-08,19,B1709
1710,3,11,2026-05-11,19,B1710
1711,3,11,2026-05-14,21,B1711
1712,3,11,2026-05-17,21,B1712
1713,3,11,2026-05-20,23,B1713
1714,3,11,2026-05-23,22,B1714
1715,3,11,2026-05-26,25,B1715
1716,3,11,2026-05-29,20,B1716
1717,3,11,2026-06-01,21,B1717
1718,3,11,2026-06-04,24,B1718
1719,3,11,2026-06-07,19,B1719
1720,3,11,2026-06-10,20,B1720
1721,3,11,2026-06-13,21,B1721
1722,3,11,2026-06-16,22,B1722
1723,3,11,2026-06-19,22,B1723
1724,3,11,2026-06-22,23,B1724
1725,3,11,2026-06-25,19,B1725
1726,3,11,2026-06-28,23,B1726
1727,3,11,2026-07-01,23,B1727
1728,3,11,2026-07-04,22,B1728
1729,3,11,2026-07-07,21,B1729
1730,3,11,2026-07-10,24,B1730
1731,3,11,2026-07-13,19,B1731
1732,3,11,2026-07-16,20,B1732
1733,3,11,2026-07-19,20,B1733
1734,3,11,2026-07-22,22,B1734
1735,3,11,2026-07-25,24,B1735
1736,3,11,2026-07-28,23,B1736
1737,3,11,2026-07-31,19,B1737
1738,3,11,2026-08-03,24,B1738
1739,3,12,2026-05-08,11,B1739
1740,3,12,2026-05-10,14,B1740
1741,3,12,2026-05-12,12,B1741
1742,3,12,2026-05-14,15,B1742
1743,3,12,2026-05-16,14,B1743
1744,3,12,2026-05-18,14,B1744
1745,3,12,2026-05-20,13,B1745
1746,3,12,2026-05-22,12,B1746
1747,3,12,2026-05-24,15,B1747
1748,3,12,2026-05-26,15,B1748
1749,3,12,2026-05-28,13,B1749
1750,3,12,2026-05-30,15,B1750
1751,3,12,2026-06-01,12,B1751
1752,3,12,2026-06-03,13,B1752
1753,3,12,2026-06-05,14,B1753
1754,3,12,2026-06-07,12,B1754
1755,3,12,2026-06-09,15,B1755
1756,3,12,2026-06-11,15,B1756
1757,3,12,2026-06-13,11,B1757
1758,3,12,2026-06-15,13,B1758
1759,3,12,2026-06-17,12,B1759
1760,3,12,2026-06-19,14,B1760
1761,3,12,2026-06-21,14,B1761
1762,3,12,2026-06-23,14,B1762
1763,3,12,2026-06-25,14,B1763
1764,3,12,2026-06-27,14,B1764
1765,3,12,2026-06-29,12,B1765
1766,3,12,2026-07-01,13,B1766
1767,3,12,2026-07-03,13,B1767
1768,3,12,2026-07-05,13,B1768
1769,3,12,2026-07-07,13,B1769
1770,3,12,2026-07-09,15,B1770
1771,3,12,2026-07-11,14,B1771
1772,3,12,2026-07-13,16,B1772
1773,3,12,2026-07-15,12,B1773
1774,3,12,2026-07-17,15,B1774
1775,3,12,2026-07-19,15,B1775
1776,3,12,2026-07-21,12,B1776
1777,3,12,2026-07-23,12,B1777
1778,3,12,2026-07-25,12,B1778
1779,3,12,2026-07-27,13,B1779
1780,3,12,2026-07-29,14,B1780
1781,3,12,2026-07-31,15,B1781
1782,3,12,2026-08-02,15,B1782
1783,3,12,2026-08-04,12,B1783
1784,3,13,2026-05-08,34,B1784
1785,3,13,2026-05-10,32,B1785
1786,3,13,2026-05-12,40,B1786
1787,3,13,2026-05-14,39,B1787
1788,3,13,2026-05-16,39,B1788
1789,3,13,2026-05-18,32,B1789
1790,3,13,2026-05-20,31,B1790
1791,3,13,2026-05-22,33,B1791
1792,3,13,2026-05-24,35,B1792
1793,3,13,2026-05-26,39,B1793
1794,3,13,2026-05-28,32,B1794
1795,3,13,2026-05-30,29,B1795
1796,3,13,2026-06-01,39,B1796
1797,3,13,2026-06-03,38,B1797
1798,3,13,2026-06-05,38,B1798
1799,3,13,2026-06-07,32,B1799
1800,3,13,2026-06-09,38,B1800
1801,3,13,2026-06-11,34,B1801
1802,3,13,2026-06-13,35,B1802
1803,3,13,2026-06-15,32,B1803
1804,3,13,2026-06-17,32,B1804
1805,3,13,2026-06-19,36,B1805
1806,3,13,2026-06-21,36,B1806
1807,3,13,2026-06-23,34,B1807
1808,3,13,2026-06-25,33,B1808
1809,3,13,2026-06-27,33,B1809
1810,3,13,2026-06-29,38,B1810
1811,3,13,2026-07-01,37,B1811
1812,3,13,2026-07-03,39,B1812
1813,3,13,2026-07-05,38,B1813
1814,3,13,2026-07-07,33,B1814
1815,3,13,2026-07-09,39,B1815
1816,3,13,2026-07-11,39,B1816
1817,3,13,2026-07-13,31,B1817
1818,3,13,2026-07-15,37,B1818
1819,3,13,2026-07-17,32,B1819
1820,3,13,2026-07-19,30,B1820
1821,3,13,2026-07-21,35,B1821
1822,3,13,2026-07-23,32,B1822
1823,3,13,2026-07-25,32,B1823
1824,3,13,2026-07-27,32,B1824
1825,3,13,2026-07-29,35,B1825
1826,3,13,2026-07-31,34,B1826
1827,3,13,2026-08-02,39,B1827
1828,3,13,2026-08-04,39,B1828
1829,3,14,2026-05-08,23,B1829
1830,3,14,2026-05-10,21,B1830
1831,3,14,2026-05-12,21,B1831
1832,3,14,2026-05-14,22,B1832
1833,3,14,2026-05-16,24,B1833
1834,3,14,2026-05-18,20,B1834
1835,3,14,2026-05-20,20,B1835
1836,3,14,2026-05-22,20,B1836
1837,3,14,2026-05-24,23,B1837
1838,3,14,2026-05-26,20,B1838
1839,3,14,2026-05-28,18,B1839
1840,3,14,2026-05-30,24,B1840
1841,3,14,2026-06-01,21,B1841
1842,3,14,2026-06-03,23,B1842
1843,3,14,2026-06-05,18,B1843
1844,3,14,2026-06-07,19,B1844
1845,3,14,2026-06-09,23,B1845
1846,3,14,2026-06-11,21,B1846
1847,3,14,2026-06-13,21,B1847
1848,3,14,2026-06-15,22,B1848
1849,3,14,2026-06-17,20,B1849
1850,3,14,2026-06-19,24,B1850
1851,3,14,2026-06-21,22,B1851
1852,3,14,2026-06-23,20,B1852
1853,3,14,2026-06-25,19,B1853
1854,3,14,2026-06-27,22,B1854
1855,3,14,2026-06-29,18,B1855
1856,3,14,2026-07-01,19,B1856
1857,3,14,2026-07-03,20,B1857
1858,3,14,2026-07-05,23,B1858
1859,3,14,2026-07-07,23,B1859
1860,3,14,2026-07-09,21,B1860
1861,3,14,2026-07-11,22,B1861
1862,3,14,2026-07-13,25,B1862
1863,3,14,2026-07-15,23,B1863
1864,3,14,2026-07-17,23,B1864
1865,3,14,2026-07-19,22,B1865
1866,3,14,2026-07-21,19,B1866
1867,3,14,2026-07-23,22,B1867
1868,3,14,2026-07-25,18,B1868
1869,3,14,2026-07-27,20,B1869
1870,3,14,2026-07-29,20,B1870
1871,3,14,2026-07-31,24,B1871
1872,3,14,2026-08-02,20,B1872
1873,3,14,2026-08-04,20,B1873
1874,3,15,2026-05-08,241,B1874
1875,3,15,2026-05-22,195,B1875
1876,3,15,2026-06-05,244,B1876
1877,3,15,2026-06-19,262,B1877
1878,3,15,2026-07-03,247,B1878
1879,3,15,2026-07-17,201,B1879
1880,3,16,2026-05-08,211,B1880
1881,3,16,2026-05-23,230,B1881
1882,3,16,2026-06-07,223,B1882
1883,3,16,2026-06-22,246,B1883
1884,3,16,2026-07-07,237,B1884
1885,3,16,2026-07-22,254,B1885
1886,3,17,2026-05-08,356,B1886
1887,3,17,2026-05-26,327,B1887
1888,3,17,2026-06-13,294,B1888
1889,3,17,2026-07-01,280,B1889
1890,3,17,2026-07-19,285,B1890
1891,3,18,2026-05-08,274,B1891
1892,3,18,2026-05-23,289,B1892
1893,3,18,2026-06-07,237,B1893
1894,3,18,2026-06-22,234,B1894
1895,3,18,2026-07-07,224,B1895
1896,3,18,2026-07-22,238,B1896
1897,3,19,2026-05-08,212,B1897
1898,3,19,2026-05-24,232,B1898
1899,3,19,2026-06-09,264,B1899
1900,3,19,2026-06-25,219,B1900
1901,3,19,2026-07-11,254,B1901
1902,3,20,2026-05-08,144,B1902
1903,3,20,2026-05-20,173,B1903
1904,3,20,2026-06-01,190,B1904
1905,3,20,2026-06-13,166,B1905
1906,3,20,2026-06-25,191,B1906
1907,3,20,2026-07-07,156,B1907
1908,3,20,2026-07-19,153,B1908
1909,3,21,2026-05-08,131,B1909
1910,3,21,2026-05-19,150,B1910
1911,3,21,2026-05-30,147,B1911
1912,3,21,2026-06-10,161,B1912
1913,3,21,2026-06-21,156,B1913
1914,3,21,2026-07-02,146,B1914
1915,3,21,2026-07-13,150,B1915
1916,3,21,2026-07-24,153,B1916
1917,3,22,2026-05-08,178,B1917
1918,3,22,2026-05-21,165,B1918
1919,3,22,2026-06-03,174,B1919
1920,3,22,2026-06-16,194,B1920
1921,3,22,2026-06-29,164,B1921
1922,3,22,2026-07-12,173,B1922
1923,3,23,2026-05-08,76,B1923
1924,3,23,2026-05-23,83,B1924
1925,3,23,2026-06-07,80,B1925
1926,3,23,2026-06-22,90,B1926
1927,3,23,2026-07-07,82,B1927
1928,3,23,2026-07-22,81,B1928
1929,3,24,2026-05-08,81,B1929
1930,3,24,2026-05-26,88,B1930
1931,3,24,2026-06-13,98,B1931
1932,3,24,2026-07-01,98,B1932
1933,3,24,2026-07-19,91,B1933
1934,3,25,2026-05-08,109,B1934
1935,3,25,2026-05-20,84,B1935
1936,3,25,2026-06-01,92,B1936
1937,3,25,2026-06-13,97,B1937
1938,3,25,2026-06-25,86,B1938
1939,3,25,2026-07-07,103,B1939
1940,3,25,2026-07-19,94,B1940
1941,3,26,2026-05-08,98,B1941
1942,3,26,2026-05-26,92,B1942
1943,3,26,2026-06-13,96,B1943
1944,3,26,2026-07-01,87,B1944
1945,3,26,2026-07-19,96,B1945
1946,3,27,2026-05-08,75,B1946
1947,3,27,2026-05-23,73,B1947
1948,3,27,2026-06-07,77,B1948
1949,3,27,2026-06-22,70,B1949
1950,3,27,2026-07-07,79,B1950
1951,3,27,2026-07-22,68,B1951
1952,3,28,2026-05-08,75,B1952
1953,3,28,2026-05-22,84,B1953
1954,3,28,2026-06-05,85,B1954
1955,3,28,2026-06-19,78,B1955
1956,3,28,2026-07-03,79,B1956
1957,3,28,2026-07-17,74,B1957
1958,3,29,2026-05-08,49,B1958
1959,3,29,2026-05-20,56,B1959
1960,3,29,2026-06-01,51,B1960
1961,3,29,2026-06-13,50,B1961
1962,3,29,2026-06-25,42,B1962
1963,3,29,2026-07-07,53,B1963
1964,3,29,2026-07-19,53,B1964
1965,3,30,2026-05-08,54,B1965
1966,3,30,2026-05-20,47,B1966
1967,3,30,2026-06-01,55,B1967
1968,3,30,2026-06-13,46,B1968
1969,3,30,2026-06-25,51,B1969
1970,3,30,2026-07-07,48,B1970
1971,3,30,2026-07-19,46,B1971
1972,3,31,2026-05-08,144,B1972
1973,3,31,2026-05-24,125,B1973
1974,3,31,2026-06-09,128,B1974
1975,3,31,2026-06-25,161,B1975
1976,3,31,2026-07-11,142,B1976
1977,3,32,2026-05-08,209,B1977
1978,3,32,2026-05-25,201,B1978
1979,3,32,2026-06-11,197,B1979
1980,3,32,2026-06-28,231,B1980
1981,3,32,2026-07-15,256,B1981
1982,3,33,2026-05-08,124,B1982
1983,3,33,2026-05-20,106,B1983
1984,3,33,2026-06-01,117,B1984
1985,3,33,2026-06-13,92,B1985
1986,3,33,2026-06-25,107,B1986
1987,3,33,2026-07-07,112,B1987
1988,3,33,2026-07-19,119,B1988
1989,3,34,2026-05-08,64,B1989
1990,3,34,2026-05-19,71,B1990
1991,3,34,2026-05-30,70,B1991
1992,3,34,2026-06-10,77,B1992
1993,3,34,2026-06-21,64,B1993
1994,3,34,2026-07-02,77,B1994
1995,3,34,2026-07-13,66,B1995
1996,3,34,2026-07-24,65,B1996
1997,4,1,2026-05-08,48,B1997
1998,4,1,2026-05-11,58,B1998
1999,4,1,2026-05-14,46,B1999
2000,4,1,2026-05-17,44,B2000
2001,4,1,2026-05-20,54,B2001
2002,4,1,2026-05-23,48,B2002
2003,4,1,2026-05-26,53,B2003
2004,4,1,2026-05-29,57,B2004
2005,4,1,2026-06-01,49,B2005
2006,4,1,2026-06-04,47,B2006
2007,4,1,2026-06-07,50,B2007
2008,4,1,2026-06-10,44,B2008
2009,4,1,2026-06-13,54,B2009
2010,4,1,2026-06-16,52,B2010
2011,4,1,2026-06-19,46,B2011
2012,4,1,2026-06-22,52,B2012
2013,4,1,2026-06-25,58,B2013
2014,4,1,2026-06-28,46,B2014
2015,4,1,2026-07-01,49,B2015
2016,4,1,2026-07-04,52,B2016
2017,4,1,2026-07-07,45,B2017
2018,4,1,2026-07-10,45,B2018
2019,4,1,2026-07-13,56,B2019
2020,4,1,2026-07-16,46,B2020
2021,4,1,2026-07-19,58,B2021
2022,4,1,2026-07-22,52,B2022
2023,4,1,2026-07-25,58,B2023
2024,4,1,2026-07-28,54,B2024
2025,4,1,2026-07-31,45,B2025
2026,4,1,2026-08-03,46,B2026
2027,4,2,2026-05-08,49,B2027
2028,4,2,2026-05-11,57,B2028
2029,4,2,2026-05-14,61,B2029
2030,4,2,2026-05-17,62,B2030
2031,4,2,2026-05-20,63,B2031
2032,4,2,2026-05-23,55,B2032
2033,4,2,2026-05-26,48,B2033
2034,4,2,2026-05-29,55,B2034
2035,4,2,2026-06-01,50,B2035
2036,4,2,2026-06-04,55,B2036
2037,4,2,2026-06-07,55,B2037
2038,4,2,2026-06-10,58,B2038
2039,4,2,2026-06-13,60,B2039
2040,4,2,2026-06-16,57,B2040
2041,4,2,2026-06-19,49,B2041
2042,4,2,2026-06-22,51,B2042
2043,4,2,2026-06-25,53,B2043
2044,4,2,2026-06-28,52,B2044
2045,4,2,2026-07-01,52,B2045
2046,4,2,2026-07-04,53,B2046
2047,4,2,2026-07-07,58,B2047
2048,4,2,2026-07-10,60,B2048
2049,4,2,2026-07-13,52,B2049
2050,4,2,2026-07-16,60,B2050
2051,4,2,2026-07-19,47,B2051
2052,4,2,2026-07-22,51,B2052
2053,4,2,2026-07-25,58,B2053
2054,4,2,2026-07-28,62,B2054
2055,4,2,2026-07-31,49,B2055
2056,4,2,2026-08-03,47,B2056
2057,4,3,2026-05-08,52,B2057
2058,4,3,2026-05-10,47,B2058
2059,4,3,2026-05-12,49,B2059
2060,4,3,2026-05-14,51,B2060
2061,4,3,2026-05-16,59,B2061
2062,4,3,2026-05-18,56,B2062
2063,4,3,2026-05-20,55,B2063
2064,4,3,2026-05-22,58,B2064
2065,4,3,2026-05-24,56,B2065
2066,4,3,2026-05-26,49,B2066
2067,4,3,2026-05-28,57,B2067
2068,4,3,2026-05-30,49,B2068
2069,4,3,2026-06-01,60,B2069
2070,4,3,2026-06-03,53,B2070
2071,4,3,2026-06-05,48,B2071
2072,4,3,2026-06-07,53,B2072
2073,4,3,2026-06-09,47,B2073
2074,4,3,2026-06-11,51,B2074
2075,4,3,2026-06-13,49,B2075
2076,4,3,2026-06-15,47,B2076
2077,4,3,2026-06-17,50,B2077
2078,4,3,2026-06-19,57,B2078
2079,4,3,2026-06-21,48,B2079
2080,4,3,2026-06-23,57,B2080
2081,4,3,2026-06-25,47,B2081
2082,4,3,2026-06-27,56,B2082
2083,4,3,2026-06-29,61,B2083
2084,4,3,2026-07-01,60,B2084
2085,4,3,2026-07-03,53,B2085
2086,4,3,2026-07-05,51,B2086
2087,4,3,2026-07-07,55,B2087
2088,4,3,2026-07-09,53,B2088
2089,4,3,2026-07-11,50,B2089
2090,4,3,2026-07-13,48,B2090
2091,4,3,2026-07-15,58,B2091
2092,4,3,2026-07-17,60,B2092
2093,4,3,2026-07-19,51,B2093
2094,4,3,2026-07-21,58,B2094
2095,4,3,2026-07-23,48,B2095
2096,4,3,2026-07-25,51,B2096
2097,4,3,2026-07-27,61,B2097
2098,4,3,2026-07-29,48,B2098
2099,4,3,2026-07-31,55,B2099
2100,4,3,2026-08-02,60,B2100
2101,4,3,2026-08-04,54,B2101
2102,4,4,2026-05-08,39,B2102
2103,4,4,2026-05-10,36,B2103
2104,4,4,2026-05-12,35,B2104
2105,4,4,2026-05-14,34,B2105
2106,4,4,2026-05-16,39,B2106
2107,4,4,2026-05-18,36,B2107
2108,4,4,2026-05-20,39,B2108
2109,4,4,2026-05-22,38,B2109
2110,4,4,2026-05-24,39,B2110
2111,4,4,2026-05-26,35,B2111
2112,4,4,2026-05-28,38,B2112
2113,4,4,2026-05-30,39,B2113
2114,4,4,2026-06-01,39,B2114
2115,4,4,2026-06-03,37,B2115
2116,4,4,2026-06-05,38,B2116
2117,4,4,2026-06-07,32,B2117
2118,4,4,2026-06-09,36,B2118
2119,4,4,2026-06-11,40,B2119
2120,4,4,2026-06-13,34,B2120
2121,4,4,2026-06-15,39,B2121
2122,4,4,2026-06-17,40,B2122
2123,4,4,2026-06-19,43,B2123
2124,4,4,2026-06-21,40,B2124
2125,4,4,2026-06-23,42,B2125
2126,4,4,2026-06-25,40,B2126
2127,4,4,2026-06-27,42,B2127
2128,4,4,2026-06-29,39,B2128
2129,4,4,2026-07-01,35,B2129
2130,4,4,2026-07-03,43,B2130
2131,4,4,2026-07-05,34,B2131
2132,4,4,2026-07-07,38,B2132
2133,4,4,2026-07-09,43,B2133
2134,4,4,2026-07-11,33,B2134
2135,4,4,2026-07-13,40,B2135
2136,4,4,2026-07-15,37,B2136
2137,4,4,2026-07-17,36,B2137
2138,4,4,2026-07-19,37,B2138
2139,4,4,2026-07-21,32,B2139
2140,4,4,2026-07-23,37,B2140
2141,4,4,2026-07-25,43,B2141
2142,4,4,2026-07-27,39,B2142
2143,4,4,2026-07-29,40,B2143
2144,4,4,2026-07-31,41,B2144
2145,4,4,2026-08-02,34,B2145
2146,4,4,2026-08-04,37,B2146
2147,4,5,2026-05-08,33,B2147
2148,4,5,2026-05-10,32,B2148
2149,4,5,2026-05-12,35,B2149
2150,4,5,2026-05-14,30,B2150
2151,4,5,2026-05-16,31,B2151
2152,4,5,2026-05-18,38,B2152
2153,4,5,2026-05-20,33,B2153
2154,4,5,2026-05-22,41,B2154
2155,4,5,2026-05-24,38,B2155
2156,4,5,2026-05-26,34,B2156
2157,4,5,2026-05-28,37,B2157
2158,4,5,2026-05-30,41,B2158
2159,4,5,2026-06-01,33,B2159
2160,4,5,2026-06-03,38,B2160
2161,4,5,2026-06-05,33,B2161
2162,4,5,2026-06-07,35,B2162
2163,4,5,2026-06-09,31,B2163
2164,4,5,2026-06-11,39,B2164
2165,4,5,2026-06-13,35,B2165
2166,4,5,2026-06-15,35,B2166
2167,4,5,2026-06-17,39,B2167
2168,4,5,2026-06-19,41,B2168
2169,4,5,2026-06-21,35,B2169
2170,4,5,2026-06-23,34,B2170
2171,4,5,2026-06-25,38,B2171
2172,4,5,2026-06-27,31,B2172
2173,4,5,2026-06-29,34,B2173
2174,4,5,2026-07-01,32,B2174
2175,4,5,2026-07-03,37,B2175
2176,4,5,2026-07-05,36,B2176
2177,4,5,2026-07-07,30,B2177
2178,4,5,2026-07-09,40,B2178
2179,4,5,2026-07-11,32,B2179
2180,4,5,2026-07-13,41,B2180
2181,4,5,2026-07-15,30,B2181
2182,4,5,2026-07-17,41,B2182
2183,4,5,2026-07-19,40,B2183
2184,4,5,2026-07-21,35,B2184
2185,4,5,2026-07-23,35,B2185
2186,4,5,2026-07-25,35,B2186
2187,4,5,2026-07-27,39,B2187
2188,4,5,2026-07-29,34,B2188
2189,4,5,2026-07-31,41,B2189
2190,4,5,2026-08-02,36,B2190
2191,4,5,2026-08-04,31,B2191
2192,4,6,2026-05-08,50,B2192
2193,4,6,2026-05-11,54,B2193
2194,4,6,2026-05-14,45,B2194
2195,4,6,2026-05-17,57,B2195
2196,4,6,2026-05-20,52,B2196
2197,4,6,2026-05-23,55,B2197
2198,4,6,2026-05-26,53,B2198
2199,4,6,2026-05-29,59,B2199
2200,4,6,2026-06-01,55,B2200
2201,4,6,2026-06-04,57,B2201
2202,4,6,2026-06-07,58,B2202
2203,4,6,2026-06-10,47,B2203
2204,4,6,2026-06-13,47,B2204
2205,4,6,2026-06-16,57,B2205
2206,4,6,2026-06-19,51,B2206
2207,4,6,2026-06-22,54,B2207
2208,4,6,2026-06-25,54,B2208
2209,4,6,2026-06-28,57,B2209
2210,4,6,2026-07-01,55,B2210
2211,4,6,2026-07-04,54,B2211
2212,4,6,2026-07-07,50,B2212
2213,4,6,2026-07-10,51,B2213
2214,4,6,2026-07-13,57,B2214
2215,4,6,2026-07-16,57,B2215
2216,4,6,2026-07-19,52,B2216
2217,4,6,2026-07-22,44,B2217
2218,4,6,2026-07-25,53,B2218
2219,4,6,2026-07-28,58,B2219
2220,4,6,2026-07-31,47,B2220
2221,4,6,2026-08-03,58,B2221
2222,4,7,2026-05-08,66,B2222
2223,4,7,2026-05-10,65,B2223
2224,4,7,2026-05-12,56,B2224
2225,4,7,2026-05-14,57,B2225
2226,4,7,2026-05-16,61,B2226
2227,4,7,2026-05-18,56,B2227
2228,4,7,2026-05-20,69,B2228
2229,4,7,2026-05-22,66,B2229
2230,4,7,2026-05-24,71,B2230
2231,4,7,2026-05-26,58,B2231
2232,4,7,2026-05-28,56,B2232
2233,4,7,2026-05-30,66,B2233
2234,4,7,2026-06-01,69,B2234
2235,4,7,2026-06-03,74,B2235
2236,4,7,2026-06-05,69,B2236
2237,4,7,2026-06-07,73,B2237
2238,4,7,2026-06-09,67,B2238
2239,4,7,2026-06-11,72,B2239
2240,4,7,2026-06-13,59,B2240
2241,4,7,2026-06-15,69,B2241
2242,4,7,2026-06-17,60,B2242
2243,4,7,2026-06-19,74,B2243
2244,4,7,2026-06-21,67,B2244
2245,4,7,2026-06-23,58,B2245
2246,4,7,2026-06-25,73,B2246
2247,4,7,2026-06-27,59,B2247
2248,4,7,2026-06-29,74,B2248
2249,4,7,2026-07-01,57,B2249
2250,4,7,2026-07-03,66,B2250
2251,4,7,2026-07-05,73,B2251
2252,4,7,2026-07-07,68,B2252
2253,4,7,2026-07-09,58,B2253
2254,4,7,2026-07-11,61,B2254
2255,4,7,2026-07-13,71,B2255
2256,4,7,2026-07-15,70,B2256
2257,4,7,2026-07-17,57,B2257
2258,4,7,2026-07-19,72,B2258
2259,4,7,2026-07-21,69,B2259
2260,4,7,2026-07-23,59,B2260
2261,4,7,2026-07-25,74,B2261
2262,4,7,2026-07-27,69,B2262
2263,4,7,2026-07-29,57,B2263
2264,4,7,2026-07-31,69,B2264
2265,4,7,2026-08-02,57,B2265
2266,4,7,2026-08-04,68,B2266
2267,4,8,2026-05-08,51,B2267
2268,4,8,2026-05-11,48,B2268
2269,4,8,2026-05-14,48,B2269
2270,4,8,2026-05-17,46,B2270
2271,4,8,2026-05-20,50,B2271
2272,4,8,2026-05-23,57,B2272
2273,4,8,2026-05-26,50,B2273
2274,4,8,2026-05-29,53,B2274
2275,4,8,2026-06-01,54,B2275
2276,4,8,2026-06-04,56,B2276
2277,4,8,2026-06-07,58,B2277
2278,4,8,2026-06-10,53,B2278
2279,4,8,2026-06-13,47,B2279
2280,4,8,2026-06-16,50,B2280
2281,4,8,2026-06-19,48,B2281
2282,4,8,2026-06-22,45,B2282
2283,4,8,2026-06-25,53,B2283
2284,4,8,2026-06-28,59,B2284
2285,4,8,2026-07-01,59,B2285
2286,4,8,2026-07-04,52,B2286
2287,4,8,2026-07-07,55,B2287
2288,4,8,2026-07-10,54,B2288
2289,4,8,2026-07-13,46,B2289
2290,4,8,2026-07-16,45,B2290
2291,4,8,2026-07-19,48,B2291
2292,4,8,2026-07-22,48,B2292
2293,4,8,2026-07-25,49,B2293
2294,4,8,2026-07-28,50,B2294
2295,4,8,2026-07-31,56,B2295
2296,4,8,2026-08-03,58,B2296
2297,4,9,2026-05-08,64,B2297
2298,4,9,2026-05-10,77,B2298
2299,4,9,2026-05-12,60,B2299
2300,4,9,2026-05-14,62,B2300
2301,4,9,2026-05-16,67,B2301
2302,4,9,2026-05-18,71,B2302
2303,4,9,2026-05-20,77,B2303
2304,4,9,2026-05-22,72,B2304
2305,4,9,2026-05-24,76,B2305
2306,4,9,2026-05-26,72,B2306
2307,4,9,2026-05-28,64,B2307
2308,4,9,2026-05-30,72,B2308
2309,4,9,2026-06-01,62,B2309
2310,4,9,2026-06-03,68,B2310
2311,4,9,2026-06-05,64,B2311
2312,4,9,2026-06-07,59,B2312
2313,4,9,2026-06-09,69,B2313
2314,4,9,2026-06-11,70,B2314
2315,4,9,2026-06-13,69,B2315
2316,4,9,2026-06-15,67,B2316
2317,4,9,2026-06-17,66,B2317
2318,4,9,2026-06-19,70,B2318
2319,4,9,2026-06-21,61,B2319
2320,4,9,2026-06-23,75,B2320
2321,4,9,2026-06-25,60,B2321
2322,4,9,2026-06-27,58,B2322
2323,4,9,2026-06-29,62,B2323
2324,4,9,2026-07-01,67,B2324
2325,4,9,2026-07-03,71,B2325
2326,4,9,2026-07-05,65,B2326
2327,4,9,2026-07-07,61,B2327
2328,4,9,2026-07-09,62,B2328
2329,4,9,2026-07-11,64,B2329
2330,4,9,2026-07-13,63,B2330
2331,4,9,2026-07-15,77,B2331
2332,4,9,2026-07-17,58,B2332
2333,4,9,2026-07-19,58,B2333
2334,4,9,2026-07-21,62,B2334
2335,4,9,2026-07-23,63,B2335
2336,4,9,2026-07-25,70,B2336
2337,4,9,2026-07-27,69,B2337
2338,4,9,2026-07-29,70,B2338
2339,4,9,2026-07-31,66,B2339
2340,4,9,2026-08-02,63,B2340
2341,4,9,2026-08-04,71,B2341
2342,4,10,2026-05-08,98,B2342
2343,4,10,2026-05-11,100,B2343
2344,4,10,2026-05-14,98,B2344
2345,4,10,2026-05-17,100,B2345
2346,4,10,2026-05-20,93,B2346
2347,4,10,2026-05-23,82,B2347
2348,4,10,2026-05-26,96,B2348
2349,4,10,2026-05-29,90,B2349
2350,4,10,2026-06-01,102,B2350
2351,4,10,2026-06-04,103,B2351
2352,4,10,2026-06-07,103,B2352
2353,4,10,2026-06-10,92,B2353
2354,4,10,2026-06-13,98,B2354
2355,4,10,2026-06-16,84,B2355
2356,4,10,2026-06-19,85,B2356
2357,4,10,2026-06-22,101,B2357
2358,4,10,2026-06-25,81,B2358
2359,4,10,2026-06-28,94,B2359
2360,4,10,2026-07-01,99,B2360
2361,4,10,2026-07-04,84,B2361
2362,4,10,2026-07-07,97,B2362
2363,4,10,2026-07-10,83,B2363
2364,4,10,2026-07-13,97,B2364
2365,4,10,2026-07-16,99,B2365
2366,4,10,2026-07-19,78,B2366
2367,4,10,2026-07-22,83,B2367
2368,4,10,2026-07-25,85,B2368
2369,4,10,2026-07-28,100,B2369
2370,4,10,2026-07-31,80,B2370
2371,4,10,2026-08-03,96,B2371
2372,4,11,2026-05-08,32,B2372
2373,4,11,2026-05-11,29,B2373
2374,4,11,2026-05-14,25,B2374
2375,4,11,2026-05-17,30,B2375
2376,4,11,2026-05-20,33,B2376
2377,4,11,2026-05-23,26,B2377
2378,4,11,2026-05-26,33,B2378
2379,4,11,2026-05-29,28,B2379
2380,4,11,2026-06-01,32,B2380
2381,4,11,2026-06-04,28,B2381
2382,4,11,2026-06-07,28,B2382
2383,4,11,2026-06-10,31,B2383
2384,4,11,2026-06-13,28,B2384
2385,4,11,2026-06-16,32,B2385
2386,4,11,2026-06-19,33,B2386
2387,4,11,2026-06-22,27,B2387
2388,4,11,2026-06-25,28,B2388
2389,4,11,2026-06-28,34,B2389
2390,4,11,2026-07-01,27,B2390
2391,4,11,2026-07-04,27,B2391
2392,4,11,2026-07-07,28,B2392
2393,4,11,2026-07-10,28,B2393
2394,4,11,2026-07-13,27,B2394
2395,4,11,2026-07-16,26,B2395
2396,4,11,2026-07-19,27,B2396
2397,4,11,2026-07-22,28,B2397
2398,4,11,2026-07-25,26,B2398
2399,4,11,2026-07-28,32,B2399
2400,4,11,2026-07-31,26,B2400
2401,4,11,2026-08-03,29,B2401
2402,4,12,2026-05-08,27,B2402
2403,4,12,2026-05-11,23,B2403
2404,4,12,2026-05-14,29,B2404
2405,4,12,2026-05-17,23,B2405
2406,4,12,2026-05-20,27,B2406
2407,4,12,2026-05-23,29,B2407
2408,4,12,2026-05-26,29,B2408
2409,4,12,2026-05-29,26,B2409
2410,4,12,2026-06-01,25,B2410
2411,4,12,2026-06-04,27,B2411
2412,4,12,2026-06-07,29,B2412
2413,4,12,2026-06-10,23,B2413
2414,4,12,2026-06-13,26,B2414
2415,4,12,2026-06-16,23,B2415
2416,4,12,2026-06-19,23,B2416
2417,4,12,2026-06-22,23,B2417
2418,4,12,2026-06-25,27,B2418
2419,4,12,2026-06-28,28,B2419
2420,4,12,2026-07-01,29,B2420
2421,4,12,2026-07-04,23,B2421
2422,4,12,2026-07-07,25,B2422
2423,4,12,2026-07-10,24,B2423
2424,4,12,2026-07-13,23,B2424
2425,4,12,2026-07-16,24,B2425
2426,4,12,2026-07-19,26,B2426
2427,4,12,2026-07-22,27,B2427
2428,4,12,2026-07-25,26,B2428
2429,4,12,2026-07-28,30,B2429
2430,4,12,2026-07-31,26,B2430
2431,4,12,2026-08-03,25,B2431
2432,4,13,2026-05-08,21,B2432
2433,4,13,2026-05-10,23,B2433
2434,4,13,2026-05-12,19,B2434
2435,4,13,2026-05-14,20,B2435
2436,4,13,2026-05-16,26,B2436
2437,4,13,2026-05-18,25,B2437
2438,4,13,2026-05-20,20,B2438
2439,4,13,2026-05-22,20,B2439
2440,4,13,2026-05-24,22,B2440
2441,4,13,2026-05-26,19,B2441
2442,4,13,2026-05-28,26,B2442
2443,4,13,2026-05-30,26,B2443
2444,4,13,2026-06-01,22,B2444
2445,4,13,2026-06-03,22,B2445
2446,4,13,2026-06-05,23,B2446
2447,4,13,2026-06-07,23,B2447
2448,4,13,2026-06-09,21,B2448
2449,4,13,2026-06-11,23,B2449
2450,4,13,2026-06-13,24,B2450
2451,4,13,2026-06-15,24,B2451
2452,4,13,2026-06-17,25,B2452
2453,4,13,2026-06-19,25,B2453
2454,4,13,2026-06-21,21,B2454
2455,4,13,2026-06-23,20,B2455
2456,4,13,2026-06-25,24,B2456
2457,4,13,2026-06-27,23,B2457
2458,4,13,2026-06-29,20,B2458
2459,4,13,2026-07-01,19,B2459
2460,4,13,2026-07-03,22,B2460
2461,4,13,2026-07-05,20,B2461
2462,4,13,2026-07-07,22,B2462
2463,4,13,2026-07-09,21,B2463
2464,4,13,2026-07-11,25,B2464
2465,4,13,2026-07-13,26,B2465
2466,4,13,2026-07-15,23,B2466
2467,4,13,2026-07-17,24,B2467
2468,4,13,2026-07-19,19,B2468
2469,4,13,2026-07-21,24,B2469
2470,4,13,2026-07-23,22,B2470
2471,4,13,2026-07-25,25,B2471
2472,4,13,2026-07-27,25,B2472
2473,4,13,2026-07-29,21,B2473
2474,4,13,2026-07-31,24,B2474
2475,4,13,2026-08-02,23,B2475
2476,4,13,2026-08-04,21,B2476
2477,4,14,2026-05-08,28,B2477
2478,4,14,2026-05-11,30,B2478
2479,4,14,2026-05-14,24,B2479
2480,4,14,2026-05-17,25,B2480
2481,4,14,2026-05-20,32,B2481
2482,4,14,2026-05-23,31,B2482
2483,4,14,2026-05-26,25,B2483
2484,4,14,2026-05-29,24,B2484
2485,4,14,2026-06-01,29,B2485
2486,4,14,2026-06-04,25,B2486
2487,4,14,2026-06-07,30,B2487
2488,4,14,2026-06-10,27,B2488
2489,4,14,2026-06-13,28,B2489
2490,4,14,2026-06-16,27,B2490
2491,4,14,2026-06-19,28,B2491
2492,4,14,2026-06-22,25,B2492
2493,4,14,2026-06-25,29,B2493
2494,4,14,2026-06-28,29,B2494
2495,4,14,2026-07-01,25,B2495
2496,4,14,2026-07-04,26,B2496
2497,4,14,2026-07-07,32,B2497
2498,4,14,2026-07-10,26,B2498
2499,4,14,2026-07-13,29,B2499
2500,4,14,2026-07-16,31,B2500
2501,4,14,2026-07-19,30,B2501
2502,4,14,2026-07-22,29,B2502
2503,4,14,2026-07-25,28,B2503
2504,4,14,2026-07-28,31,B2504
2505,4,14,2026-07-31,25,B2505
2506,4,14,2026-08-03,28,B2506
2507,4,15,2026-05-08,185,B2507
2508,4,15,2026-05-20,194,B2508
2509,4,15,2026-06-01,177,B2509
2510,4,15,2026-06-13,190,B2510
2511,4,15,2026-06-25,183,B2511
2512,4,15,2026-07-07,188,B2512
2513,4,15,2026-07-19,181,B2513
2514,4,16,2026-05-08,320,B2514
2515,4,16,2026-05-24,280,B2515
2516,4,16,2026-06-09,275,B2516
2517,4,16,2026-06-25,239,B2517
2518,4,16,2026-07-11,241,B2518
2519,4,17,2026-05-08,203,B2519
2520,4,17,2026-05-21,161,B2520
2521,4,17,2026-06-03,201,B2521
2522,4,17,2026-06-16,168,B2522
2523,4,17,2026-06-29,200,B2523
2524,4,17,2026-07-12,193,B2524
2525,4,18,2026-05-08,255,B2525
2526,4,18,2026-05-21,244,B2526
2527,4,18,2026-06-03,263,B2527
2528,4,18,2026-06-16,213,B2528
2529,4,18,2026-06-29,228,B2529
2530,4,18,2026-07-12,224,B2530
2531,4,19,2026-05-08,151,B2531
2532,4,19,2026-05-18,127,B2532
2533,4,19,2026-05-28,140,B2533
2534,4,19,2026-06-07,126,B2534
2535,4,19,2026-06-17,139,B2535
2536,4,19,2026-06-27,120,B2536
2537,4,19,2026-07-07,118,B2537
2538,4,19,2026-07-17,151,B2538
2539,4,19,2026-07-27,140,B2539
2540,4,20,2026-05-08,110,B2540
2541,4,20,2026-05-18,105,B2541
2542,4,20,2026-05-28,123,B2542
2543,4,20,2026-06-07,116,B2543
2544,4,20,2026-06-17,119,B2544
2545,4,20,2026-06-27,125,B2545
2546,4,20,2026-07-07,121,B2546
2547,4,20,2026-07-17,116,B2547
2548,4,20,2026-07-27,131,B2548
2549,4,21,2026-05-08,197,B2549
2550,4,21,2026-05-22,222,B2550
2551,4,21,2026-06-05,233,B2551
2552,4,21,2026-06-19,194,B2552
2553,4,21,2026-07-03,215,B2553
2554,4,21,2026-07-17,179,B2554
2555,4,22,2026-05-08,196,B2555
2556,4,22,2026-05-21,217,B2556
2557,4,22,2026-06-03,186,B2557
2558,4,22,2026-06-16,218,B2558
2559,4,22,2026-06-29,195,B2559
2560,4,22,2026-07-12,211,B2560
2561,4,23,2026-05-08,42,B2561
2562,4,23,2026-05-19,49,B2562
2563,4,23,2026-05-30,42,B2563
2564,4,23,2026-06-10,46,B2564
2565,4,23,2026-06-21,45,B2565
2566,4,23,2026-07-02,47,B2566
2567,4,23,2026-07-13,38,B2567
2568,4,23,2026-07-24,46,B2568
2569,4,24,2026-05-08,109,B2569
2570,4,24,2026-05-26,82,B2570
2571,4,24,2026-06-13,82,B2571
2572,4,24,2026-07-01,95,B2572
2573,4,24,2026-07-19,80,B2573
2574,4,25,2026-05-08,143,B2574
2575,4,25,2026-05-26,121,B2575
2576,4,25,2026-06-13,139,B2576
2577,4,25,2026-07-01,134,B2577
2578,4,25,2026-07-19,139,B2578
2579,4,26,2026-05-08,62,B2579
2580,4,26,2026-05-25,52,B2580
2581,4,26,2026-06-11,54,B2581
2582,4,26,2026-06-28,61,B2582
2583,4,26,2026-07-15,49,B2583
2584,4,27,2026-05-08,71,B2584
2585,4,27,2026-05-23,75,B2585
2586,4,27,2026-06-07,83,B2586
2587,4,27,2026-06-22,77,B2587
2588,4,27,2026-07-07,83,B2588
2589,4,27,2026-07-22,73,B2589
2590,4,28,2026-05-08,65,B2590
2591,4,28,2026-05-20,67,B2591
2592,4,28,2026-06-01,77,B2592
2593,4,28,2026-06-13,79,B2593
2594,4,28,2026-06-25,74,B2594
2595,4,28,2026-07-07,76,B2595
2596,4,28,2026-07-19,74,B2596
2597,4,29,2026-05-08,80,B2597
2598,4,29,2026-05-21,79,B2598
2599,4,29,2026-06-03,75,B2599
2600,4,29,2026-06-16,78,B2600
2601,4,29,2026-06-29,83,B2601
2602,4,29,2026-07-12,72,B2602
2603,4,30,2026-05-08,96,B2603
2604,4,30,2026-05-24,107,B2604
2605,4,30,2026-06-09,88,B2605
2606,4,30,2026-06-25,91,B2606
2607,4,30,2026-07-11,90,B2607
2608,4,31,2026-05-08,136,B2608
2609,4,31,2026-05-26,116,B2609
2610,4,31,2026-06-13,125,B2610
2611,4,31,2026-07-01,126,B2611
2612,4,31,2026-07-19,136,B2612
2613,4,32,2026-05-08,79,B2613
2614,4,32,2026-05-21,73,B2614
2615,4,32,2026-06-03,96,B2615
2616,4,32,2026-06-16,75,B2616
2617,4,32,2026-06-29,88,B2617
2618,4,32,2026-07-12,90,B2618
2619,4,33,2026-05-08,97,B2619
2620,4,33,2026-05-22,89,B2620
2621,4,33,2026-06-05,97,B2621
2622,4,33,2026-06-19,101,B2622
2623,4,33,2026-07-03,92,B2623
2624,4,33,2026-07-17,80,B2624
2625,4,34,2026-05-08,233,B2625
2626,4,34,2026-05-26,216,B2626
2627,4,34,2026-06-13,225,B2627
2628,4,34,2026-07-01,204,B2628
2629,4,34,2026-07-19,213,B2629
2630,5,1,2026-05-08,29,B2630
2631,5,1,2026-05-10,24,B2631
2632,5,1,2026-05-12,27,B2632
2633,5,1,2026-05-14,28,B2633
2634,5,1,2026-05-16,25,B2634
2635,5,1,2026-05-18,29,B2635
2636,5,1,2026-05-20,23,B2636
2637,5,1,2026-05-22,25,B2637
2638,5,1,2026-05-24,25,B2638
2639,5,1,2026-05-26,24,B2639
2640,5,1,2026-05-28,29,B2640
2641,5,1,2026-05-30,25,B2641
2642,5,1,2026-06-01,23,B2642
2643,5,1,2026-06-03,28,B2643
2644,5,1,2026-06-05,25,B2644
2645,5,1,2026-06-07,22,B2645
2646,5,1,2026-06-09,29,B2646
2647,5,1,2026-06-11,25,B2647
2648,5,1,2026-06-13,23,B2648
2649,5,1,2026-06-15,27,B2649
2650,5,1,2026-06-17,25,B2650
2651,5,1,2026-06-19,23,B2651
2652,5,1,2026-06-21,23,B2652
2653,5,1,2026-06-23,24,B2653
2654,5,1,2026-06-25,23,B2654
2655,5,1,2026-06-27,27,B2655
2656,5,1,2026-06-29,29,B2656
2657,5,1,2026-07-01,25,B2657
2658,5,1,2026-07-03,24,B2658
2659,5,1,2026-07-05,25,B2659
2660,5,1,2026-07-07,22,B2660
2661,5,1,2026-07-09,24,B2661
2662,5,1,2026-07-11,23,B2662
2663,5,1,2026-07-13,26,B2663
2664,5,1,2026-07-15,25,B2664
2665,5,1,2026-07-17,22,B2665
2666,5,1,2026-07-19,26,B2666
2667,5,1,2026-07-21,25,B2667
2668,5,1,2026-07-23,24,B2668
2669,5,1,2026-07-25,22,B2669
2670,5,1,2026-07-27,22,B2670
2671,5,1,2026-07-29,22,B2671
2672,5,1,2026-07-31,22,B2672
2673,5,1,2026-08-02,28,B2673
2674,5,1,2026-08-04,22,B2674
2675,5,2,2026-05-08,37,B2675
2676,5,2,2026-05-11,42,B2676
2677,5,2,2026-05-14,32,B2677
2678,5,2,2026-05-17,36,B2678
2679,5,2,2026-05-20,33,B2679
2680,5,2,2026-05-23,35,B2680
2681,5,2,2026-05-26,42,B2681
2682,5,2,2026-05-29,41,B2682
2683,5,2,2026-06-01,35,B2683
2684,5,2,2026-06-04,43,B2684
2685,5,2,2026-06-07,32,B2685
2686,5,2,2026-06-10,43,B2686
2687,5,2,2026-06-13,42,B2687
2688,5,2,2026-06-16,39,B2688
2689,5,2,2026-06-19,39,B2689
2690,5,2,2026-06-22,35,B2690
2691,5,2,2026-06-25,35,B2691
2692,5,2,2026-06-28,34,B2692
2693,5,2,2026-07-01,40,B2693
2694,5,2,2026-07-04,42,B2694
2695,5,2,2026-07-07,32,B2695
2696,5,2,2026-07-10,36,B2696
2697,5,2,2026-07-13,37,B2697
2698,5,2,2026-07-16,34,B2698
2699,5,2,2026-07-19,34,B2699
2700,5,2,2026-07-22,40,B2700
2701,5,2,2026-07-25,34,B2701
2702,5,2,2026-07-28,34,B2702
2703,5,2,2026-07-31,33,B2703
2704,5,2,2026-08-03,36,B2704
2705,5,3,2026-05-08,34,B2705
2706,5,3,2026-05-10,30,B2706
2707,5,3,2026-05-12,32,B2707
2708,5,3,2026-05-14,30,B2708
2709,5,3,2026-05-16,33,B2709
2710,5,3,2026-05-18,34,B2710
2711,5,3,2026-05-20,32,B2711
2712,5,3,2026-05-22,35,B2712
2713,5,3,2026-05-24,29,B2713
2714,5,3,2026-05-26,32,B2714
2715,5,3,2026-05-28,29,B2715
2716,5,3,2026-05-30,34,B2716
2717,5,3,2026-06-01,31,B2717
2718,5,3,2026-06-03,32,B2718
2719,5,3,2026-06-05,32,B2719
2720,5,3,2026-06-07,31,B2720
2721,5,3,2026-06-09,33,B2721
2722,5,3,2026-06-11,36,B2722
2723,5,3,2026-06-13,34,B2723
2724,5,3,2026-06-15,31,B2724
2725,5,3,2026-06-17,32,B2725
2726,5,3,2026-06-19,35,B2726
2727,5,3,2026-06-21,36,B2727
2728,5,3,2026-06-23,36,B2728
2729,5,3,2026-06-25,29,B2729
2730,5,3,2026-06-27,32,B2730
2731,5,3,2026-06-29,31,B2731
2732,5,3,2026-07-01,35,B2732
2733,5,3,2026-07-03,36,B2733
2734,5,3,2026-07-05,32,B2734
2735,5,3,2026-07-07,29,B2735
2736,5,3,2026-07-09,33,B2736
2737,5,3,2026-07-11,32,B2737
2738,5,3,2026-07-13,28,B2738
2739,5,3,2026-07-15,32,B2739
2740,5,3,2026-07-17,31,B2740
2741,5,3,2026-07-19,31,B2741
2742,5,3,2026-07-21,27,B2742
2743,5,3,2026-07-23,30,B2743
2744,5,3,2026-07-25,36,B2744
2745,5,3,2026-07-27,35,B2745
2746,5,3,2026-07-29,29,B2746
2747,5,3,2026-07-31,34,B2747
2748,5,3,2026-08-02,36,B2748
2749,5,3,2026-08-04,33,B2749
2750,5,4,2026-05-08,61,B2750
2751,5,4,2026-05-10,52,B2751
2752,5,4,2026-05-12,58,B2752
2753,5,4,2026-05-14,53,B2753
2754,5,4,2026-05-16,47,B2754
2755,5,4,2026-05-18,54,B2755
2756,5,4,2026-05-20,63,B2756
2757,5,4,2026-05-22,53,B2757
2758,5,4,2026-05-24,57,B2758
2759,5,4,2026-05-26,47,B2759
2760,5,4,2026-05-28,54,B2760
2761,5,4,2026-05-30,52,B2761
2762,5,4,2026-06-01,56,B2762
2763,5,4,2026-06-03,54,B2763
2764,5,4,2026-06-05,54,B2764
2765,5,4,2026-06-07,57,B2765
2766,5,4,2026-06-09,62,B2766
2767,5,4,2026-06-11,53,B2767
2768,5,4,2026-06-13,55,B2768
2769,5,4,2026-06-15,61,B2769
2770,5,4,2026-06-17,49,B2770
2771,5,4,2026-06-19,59,B2771
2772,5,4,2026-06-21,47,B2772
2773,5,4,2026-06-23,57,B2773
2774,5,4,2026-06-25,62,B2774
2775,5,4,2026-06-27,55,B2775
2776,5,4,2026-06-29,59,B2776
2777,5,4,2026-07-01,50,B2777
2778,5,4,2026-07-03,52,B2778
2779,5,4,2026-07-05,55,B2779
2780,5,4,2026-07-07,57,B2780
2781,5,4,2026-07-09,55,B2781
2782,5,4,2026-07-11,63,B2782
2783,5,4,2026-07-13,59,B2783
2784,5,4,2026-07-15,63,B2784
2785,5,4,2026-07-17,59,B2785
2786,5,4,2026-07-19,58,B2786
2787,5,4,2026-07-21,63,B2787
2788,5,4,2026-07-23,52,B2788
2789,5,4,2026-07-25,56,B2789
2790,5,4,2026-07-27,58,B2790
2791,5,4,2026-07-29,57,B2791
2792,5,4,2026-07-31,57,B2792
2793,5,4,2026-08-02,56,B2793
2794,5,4,2026-08-04,60,B2794
2795,5,5,2026-05-08,103,B2795
2796,5,5,2026-05-11,88,B2796
2797,5,5,2026-05-14,92,B2797
2798,5,5,2026-05-17,104,B2798
2799,5,5,2026-05-20,92,B2799
2800,5,5,2026-05-23,95,B2800
2801,5,5,2026-05-26,83,B2801
2802,5,5,2026-05-29,83,B2802
2803,5,5,2026-06-01,90,B2803
2804,5,5,2026-06-04,90,B2804
2805,5,5,2026-06-07,101,B2805
2806,5,5,2026-06-10,97,B2806
2807,5,5,2026-06-13,103,B2807
2808,5,5,2026-06-16,95,B2808
2809,5,5,2026-06-19,96,B2809
2810,5,5,2026-06-22,103,B2810
2811,5,5,2026-06-25,86,B2811
2812,5,5,2026-06-28,108,B2812
2813,5,5,2026-07-01,85,B2813
2814,5,5,2026-07-04,83,B2814
2815,5,5,2026-07-07,88,B2815
2816,5,5,2026-07-10,94,B2816
2817,5,5,2026-07-13,89,B2817
2818,5,5,2026-07-16,101,B2818
2819,5,5,2026-07-19,82,B2819
2820,5,5,2026-07-22,109,B2820
2821,5,5,2026-07-25,104,B2821
2822,5,5,2026-07-28,97,B2822
2823,5,5,2026-07-31,108,B2823
2824,5,5,2026-08-03,109,B2824
2825,5,6,2026-05-08,62,B2825
2826,5,6,2026-05-11,60,B2826
2827,5,6,2026-05-14,62,B2827
2828,5,6,2026-05-17,55,B2828
2829,5,6,2026-05-20,63,B2829
2830,5,6,2026-05-23,60,B2830
2831,5,6,2026-05-26,52,B2831
2832,5,6,2026-05-29,59,B2832
2833,5,6,2026-06-01,64,B2833
2834,5,6,2026-06-04,60,B2834
2835,5,6,2026-06-07,50,B2835
2836,5,6,2026-06-10,53,B2836
2837,5,6,2026-06-13,62,B2837
2838,5,6,2026-06-16,54,B2838
2839,5,6,2026-06-19,48,B2839
2840,5,6,2026-06-22,63,B2840
2841,5,6,2026-06-25,48,B2841
2842,5,6,2026-06-28,54,B2842
2843,5,6,2026-07-01,58,B2843
2844,5,6,2026-07-04,49,B2844
2845,5,6,2026-07-07,52,B2845
2846,5,6,2026-07-10,55,B2846
2847,5,6,2026-07-13,60,B2847
2848,5,6,2026-07-16,63,B2848
2849,5,6,2026-07-19,56,B2849
2850,5,6,2026-07-22,58,B2850
2851,5,6,2026-07-25,53,B2851
2852,5,6,2026-07-28,53,B2852
2853,5,6,2026-07-31,64,B2853
2854,5,6,2026-08-03,58,B2854
2855,5,7,2026-05-08,65,B2855
2856,5,7,2026-05-11,60,B2856
2857,5,7,2026-05-14,55,B2857
2858,5,7,2026-05-17,62,B2858
2859,5,7,2026-05-20,56,B2859
2860,5,7,2026-05-23,68,B2860
2861,5,7,2026-05-26,56,B2861
2862,5,7,2026-05-29,67,B2862
2863,5,7,2026-06-01,72,B2863
2864,5,7,2026-06-04,71,B2864
2865,5,7,2026-06-07,57,B2865
2866,5,7,2026-06-10,56,B2866
2867,5,7,2026-06-13,63,B2867
2868,5,7,2026-06-16,72,B2868
2869,5,7,2026-06-19,57,B2869
2870,5,7,2026-06-22,62,B2870
2871,5,7,2026-06-25,69,B2871
2872,5,7,2026-06-28,71,B2872
2873,5,7,2026-07-01,64,B2873
2874,5,7,2026-07-04,63,B2874
2875,5,7,2026-07-07,64,B2875
2876,5,7,2026-07-10,62,B2876
2877,5,7,2026-07-13,60,B2877
2878,5,7,2026-07-16,57,B2878
2879,5,7,2026-07-19,73,B2879
2880,5,7,2026-07-22,55,B2880
2881,5,7,2026-07-25,61,B2881
2882,5,7,2026-07-28,57,B2882
2883,5,7,2026-07-31,64,B2883
2884,5,7,2026-08-03,71,B2884
2885,5,8,2026-05-08,52,B2885
2886,5,8,2026-05-11,61,B2886
2887,5,8,2026-05-14,52,B2887
2888,5,8,2026-05-17,55,B2888
2889,5,8,2026-05-20,69,B2889
2890,5,8,2026-05-23,57,B2890
2891,5,8,2026-05-26,55,B2891
2892,5,8,2026-05-29,69,B2892
2893,5,8,2026-06-01,54,B2893
2894,5,8,2026-06-04,68,B2894
2895,5,8,2026-06-07,53,B2895
2896,5,8,2026-06-10,63,B2896
2897,5,8,2026-06-13,54,B2897
2898,5,8,2026-06-16,61,B2898
2899,5,8,2026-06-19,53,B2899
2900,5,8,2026-06-22,66,B2900
2901,5,8,2026-06-25,56,B2901
2902,5,8,2026-06-28,59,B2902
2903,5,8,2026-07-01,68,B2903
2904,5,8,2026-07-04,66,B2904
2905,5,8,2026-07-07,52,B2905
2906,5,8,2026-07-10,61,B2906
2907,5,8,2026-07-13,55,B2907
2908,5,8,2026-07-16,69,B2908
2909,5,8,2026-07-19,65,B2909
2910,5,8,2026-07-22,69,B2910
2911,5,8,2026-07-25,60,B2911
2912,5,8,2026-07-28,63,B2912
2913,5,8,2026-07-31,59,B2913
2914,5,8,2026-08-03,62,B2914
2915,5,9,2026-05-08,43,B2915
2916,5,9,2026-05-10,43,B2916
2917,5,9,2026-05-12,44,B2917
2918,5,9,2026-05-14,43,B2918
2919,5,9,2026-05-16,39,B2919
2920,5,9,2026-05-18,34,B2920
2921,5,9,2026-05-20,34,B2921
2922,5,9,2026-05-22,39,B2922
2923,5,9,2026-05-24,44,B2923
2924,5,9,2026-05-26,43,B2924
2925,5,9,2026-05-28,34,B2925
2926,5,9,2026-05-30,36,B2926
2927,5,9,2026-06-01,43,B2927
2928,5,9,2026-06-03,42,B2928
2929,5,9,2026-06-05,42,B2929
2930,5,9,2026-06-07,38,B2930
2931,5,9,2026-06-09,35,B2931
2932,5,9,2026-06-11,43,B2932
2933,5,9,2026-06-13,36,B2933
2934,5,9,2026-06-15,37,B2934
2935,5,9,2026-06-17,38,B2935
2936,5,9,2026-06-19,40,B2936
2937,5,9,2026-06-21,44,B2937
2938,5,9,2026-06-23,39,B2938
2939,5,9,2026-06-25,35,B2939
2940,5,9,2026-06-27,41,B2940
2941,5,9,2026-06-29,43,B2941
2942,5,9,2026-07-01,42,B2942
2943,5,9,2026-07-03,39,B2943
2944,5,9,2026-07-05,39,B2944
2945,5,9,2026-07-07,44,B2945
2946,5,9,2026-07-09,45,B2946
2947,5,9,2026-07-11,43,B2947
2948,5,9,2026-07-13,35,B2948
2949,5,9,2026-07-15,34,B2949
2950,5,9,2026-07-17,45,B2950
2951,5,9,2026-07-19,39,B2951
2952,5,9,2026-07-21,45,B2952
2953,5,9,2026-07-23,40,B2953
2954,5,9,2026-07-25,42,B2954
2955,5,9,2026-07-27,34,B2955
2956,5,9,2026-07-29,34,B2956
2957,5,9,2026-07-31,38,B2957
2958,5,9,2026-08-02,41,B2958
2959,5,9,2026-08-04,40,B2959
2960,5,10,2026-05-08,96,B2960
2961,5,10,2026-05-11,116,B2961
2962,5,10,2026-05-14,98,B2962
2963,5,10,2026-05-17,100,B2963
2964,5,10,2026-05-20,88,B2964
2965,5,10,2026-05-23,88,B2965
2966,5,10,2026-05-26,107,B2966
2967,5,10,2026-05-29,105,B2967
2968,5,10,2026-06-01,90,B2968
2969,5,10,2026-06-04,97,B2969
2970,5,10,2026-06-07,97,B2970
2971,5,10,2026-06-10,100,B2971
2972,5,10,2026-06-13,93,B2972
2973,5,10,2026-06-16,116,B2973
2974,5,10,2026-06-19,92,B2974
2975,5,10,2026-06-22,98,B2975
2976,5,10,2026-06-25,96,B2976
2977,5,10,2026-06-28,114,B2977
2978,5,10,2026-07-01,102,B2978
2979,5,10,2026-07-04,90,B2979
2980,5,10,2026-07-07,100,B2980
2981,5,10,2026-07-10,98,B2981
2982,5,10,2026-07-13,114,B2982
2983,5,10,2026-07-16,92,B2983
2984,5,10,2026-07-19,98,B2984
2985,5,10,2026-07-22,93,B2985
2986,5,10,2026-07-25,94,B2986
2987,5,10,2026-07-28,106,B2987
2988,5,10,2026-07-31,113,B2988
2989,5,10,2026-08-03,94,B2989
2990,5,11,2026-05-08,25,B2990
2991,5,11,2026-05-11,27,B2991
2992,5,11,2026-05-14,27,B2992
2993,5,11,2026-05-17,31,B2993
2994,5,11,2026-05-20,30,B2994
2995,5,11,2026-05-23,27,B2995
2996,5,11,2026-05-26,28,B2996
2997,5,11,2026-05-29,30,B2997
2998,5,11,2026-06-01,24,B2998
2999,5,11,2026-06-04,24,B2999
3000,5,11,2026-06-07,27,B3000
3001,5,11,2026-06-10,29,B3001
3002,5,11,2026-06-13,31,B3002
3003,5,11,2026-06-16,29,B3003
3004,5,11,2026-06-19,29,B3004
3005,5,11,2026-06-22,24,B3005
3006,5,11,2026-06-25,28,B3006
3007,5,11,2026-06-28,25,B3007
3008,5,11,2026-07-01,23,B3008
3009,5,11,2026-07-04,28,B3009
3010,5,11,2026-07-07,27,B3010
3011,5,11,2026-07-10,25,B3011
3012,5,11,2026-07-13,25,B3012
3013,5,11,2026-07-16,30,B3013
3014,5,11,2026-07-19,28,B3014
3015,5,11,2026-07-22,26,B3015
3016,5,11,2026-07-25,31,B3016
3017,5,11,2026-07-28,26,B3017
3018,5,11,2026-07-31,27,B3018
3019,5,11,2026-08-03,26,B3019
3020,5,12,2026-05-08,19,B3020
3021,5,12,2026-05-10,19,B3021
3022,5,12,2026-05-12,21,B3022
3023,5,12,2026-05-14,17,B3023
3024,5,12,2026-05-16,21,B3024
3025,5,12,2026-05-18,17,B3025
3026,5,12,2026-05-20,19,B3026
3027,5,12,2026-05-22,19,B3027
3028,5,12,2026-05-24,20,B3028
3029,5,12,2026-05-26,20,B3029
3030,5,12,2026-05-28,17,B3030
3031,5,12,2026-05-30,17,B3031
3032,5,12,2026-06-01,18,B3032
3033,5,12,2026-06-03,18,B3033
3034,5,12,2026-06-05,18,B3034
3035,5,12,2026-06-07,17,B3035
3036,5,12,2026-06-09,19,B3036
3037,5,12,2026-06-11,20,B3037
3038,5,12,2026-06-13,21,B3038
3039,5,12,2026-06-15,17,B3039
3040,5,12,2026-06-17,21,B3040
3041,5,12,2026-06-19,17,B3041
3042,5,12,2026-06-21,17,B3042
3043,5,12,2026-06-23,16,B3043
3044,5,12,2026-06-25,16,B3044
3045,5,12,2026-06-27,21,B3045
3046,5,12,2026-06-29,20,B3046
3047,5,12,2026-07-01,17,B3047
3048,5,12,2026-07-03,19,B3048
3049,5,12,2026-07-05,18,B3049
3050,5,12,2026-07-07,17,B3050
3051,5,12,2026-07-09,20,B3051
3052,5,12,2026-07-11,18,B3052
3053,5,12,2026-07-13,19,B3053
3054,5,12,2026-07-15,17,B3054
3055,5,12,2026-07-17,17,B3055
3056,5,12,2026-07-19,19,B3056
3057,5,12,2026-07-21,19,B3057
3058,5,12,2026-07-23,19,B3058
3059,5,12,2026-07-25,17,B3059
3060,5,12,2026-07-27,20,B3060
3061,5,12,2026-07-29,16,B3061
3062,5,12,2026-07-31,19,B3062
3063,5,12,2026-08-02,18,B3063
3064,5,12,2026-08-04,21,B3064
3065,5,13,2026-05-08,17,B3065
3066,5,13,2026-05-10,20,B3066
3067,5,13,2026-05-12,17,B3067
3068,5,13,2026-05-14,20,B3068
3069,5,13,2026-05-16,17,B3069
3070,5,13,2026-05-18,20,B3070
3071,5,13,2026-05-20,21,B3071
3072,5,13,2026-05-22,21,B3072
3073,5,13,2026-05-24,21,B3073
3074,5,13,2026-05-26,21,B3074
3075,5,13,2026-05-28,21,B3075
3076,5,13,2026-05-30,19,B3076
3077,5,13,2026-06-01,17,B3077
3078,5,13,2026-06-03,19,B3078
3079,5,13,2026-06-05,17,B3079
3080,5,13,2026-06-07,20,B3080
3081,5,13,2026-06-09,17,B3081
3082,5,13,2026-06-11,19,B3082
3083,5,13,2026-06-13,22,B3083
3084,5,13,2026-06-15,20,B3084
3085,5,13,2026-06-17,22,B3085
3086,5,13,2026-06-19,22,B3086
3087,5,13,2026-06-21,18,B3087
3088,5,13,2026-06-23,19,B3088
3089,5,13,2026-06-25,22,B3089
3090,5,13,2026-06-27,19,B3090
3091,5,13,2026-06-29,18,B3091
3092,5,13,2026-07-01,21,B3092
3093,5,13,2026-07-03,22,B3093
3094,5,13,2026-07-05,20,B3094
3095,5,13,2026-07-07,17,B3095
3096,5,13,2026-07-09,22,B3096
3097,5,13,2026-07-11,18,B3097
3098,5,13,2026-07-13,17,B3098
3099,5,13,2026-07-15,19,B3099
3100,5,13,2026-07-17,22,B3100
3101,5,13,2026-07-19,21,B3101
3102,5,13,2026-07-21,18,B3102
3103,5,13,2026-07-23,22,B3103
3104,5,13,2026-07-25,20,B3104
3105,5,13,2026-07-27,22,B3105
3106,5,13,2026-07-29,19,B3106
3107,5,13,2026-07-31,21,B3107
3108,5,13,2026-08-02,21,B3108
3109,5,13,2026-08-04,19,B3109
3110,5,14,2026-05-08,25,B3110
3111,5,14,2026-05-11,24,B3111
3112,5,14,2026-05-14,29,B3112
3113,5,14,2026-05-17,31,B3113
3114,5,14,2026-05-20,25,B3114
3115,5,14,2026-05-23,27,B3115
3116,5,14,2026-05-26,30,B3116
3117,5,14,2026-05-29,27,B3117
3118,5,14,2026-06-01,31,B3118
3119,5,14,2026-06-04,23,B3119
3120,5,14,2026-06-07,25,B3120
3121,5,14,2026-06-10,30,B3121
3122,5,14,2026-06-13,26,B3122
3123,5,14,2026-06-16,27,B3123
3124,5,14,2026-06-19,30,B3124
3125,5,14,2026-06-22,25,B3125
3126,5,14,2026-06-25,31,B3126
3127,5,14,2026-06-28,31,B3127
3128,5,14,2026-07-01,30,B3128
3129,5,14,2026-07-04,23,B3129
3130,5,14,2026-07-07,26,B3130
3131,5,14,2026-07-10,28,B3131
3132,5,14,2026-07-13,25,B3132
3133,5,14,2026-07-16,26,B3133
3134,5,14,2026-07-19,25,B3134
3135,5,14,2026-07-22,30,B3135
3136,5,14,2026-07-25,31,B3136
3137,5,14,2026-07-28,30,B3137
3138,5,14,2026-07-31,31,B3138
3139,5,14,2026-08-03,26,B3139
3140,5,15,2026-05-08,287,B3140
3141,5,15,2026-05-22,272,B3141
3142,5,15,2026-06-05,249,B3142
3143,5,15,2026-06-19,277,B3143
3144,5,15,2026-07-03,321,B3144
3145,5,15,2026-07-17,264,B3145
3146,5,16,2026-05-08,235,B3146
3147,5,16,2026-05-23,208,B3147
3148,5,16,2026-06-07,198,B3148
3149,5,16,2026-06-22,258,B3149
3150,5,16,2026-07-07,204,B3150
3151,5,16,2026-07-22,248,B3151
3152,5,17,2026-05-08,225,B3152
3153,5,17,2026-05-23,258,B3153
3154,5,17,2026-06-07,277,B3154
3155,5,17,2026-06-22,231,B3155
3156,5,17,2026-07-07,245,B3156
3157,5,17,2026-07-22,210,B3157
3158,5,18,2026-05-08,242,B3158
3159,5,18,2026-05-24,231,B3159
3160,5,18,2026-06-09,209,B3160
3161,5,18,2026-06-25,232,B3161
3162,5,18,2026-07-11,193,B3162
3163,5,19,2026-05-08,181,B3163
3164,5,19,2026-05-20,191,B3164
3165,5,19,2026-06-01,172,B3165
3166,5,19,2026-06-13,150,B3166
3167,5,19,2026-06-25,170,B3167
3168,5,19,2026-07-07,183,B3168
3169,5,19,2026-07-19,170,B3169
3170,5,20,2026-05-08,241,B3170
3171,5,20,2026-05-26,244,B3171
3172,5,20,2026-06-13,234,B3172
3173,5,20,2026-07-01,254,B3173
3174,5,20,2026-07-19,229,B3174
3175,5,21,2026-05-08,204,B3175
3176,5,21,2026-05-21,205,B3176
3177,5,21,2026-06-03,208,B3177
3178,5,21,2026-06-16,174,B3178
3179,5,21,2026-06-29,171,B3179
3180,5,21,2026-07-12,199,B3180
3181,5,22,2026-05-08,172,B3181
3182,5,22,2026-05-21,164,B3182
3183,5,22,2026-06-03,160,B3183
3184,5,22,2026-06-16,194,B3184
3185,5,22,2026-06-29,202,B3185
3186,5,22,2026-07-12,169,B3186
3187,5,23,2026-05-08,79,B3187
3188,5,23,2026-05-21,81,B3188
3189,5,23,2026-06-03,67,B3189
3190,5,23,2026-06-16,77,B3190
3191,5,23,2026-06-29,75,B3191
3192,5,23,2026-07-12,81,B3192
3193,5,24,2026-05-08,77,B3193
3194,5,24,2026-05-19,65,B3194
3195,5,24,2026-05-30,70,B3195
3196,5,24,2026-06-10,78,B3196
3197,5,24,2026-06-21,73,B3197
3198,5,24,2026-07-02,65,B3198
3199,5,24,2026-07-13,67,B3199
3200,5,24,2026-07-24,71,B3200
3201,5,25,2026-05-08,46,B3201
3202,5,25,2026-05-18,50,B3202
3203,5,25,2026-05-28,50,B3203
3204,5,25,2026-06-07,56,B3204
3205,5,25,2026-06-17,57,B3205
3206,5,25,2026-06-27,50,B3206
3207,5,25,2026-07-07,58,B3207
3208,5,25,2026-07-17,53,B3208
3209,5,25,2026-07-27,57,B3209
3210,5,26,2026-05-08,60,B3210
3211,5,26,2026-05-22,63,B3211
3212,5,26,2026-06-05,68,B3212
3213,5,26,2026-06-19,56,B3213
3214,5,26,2026-07-03,68,B3214
3215,5,26,2026-07-17,65,B3215
3216,5,27,2026-05-08,96,B3216
3217,5,27,2026-05-19,92,B3217
3218,5,27,2026-05-30,116,B3218
3219,5,27,2026-06-10,105,B3219
3220,5,27,2026-06-21,104,B3220
3221,5,27,2026-07-02,96,B3221
3222,5,27,2026-07-13,116,B3222
3223,5,27,2026-07-24,103,B3223
3224,5,28,2026-05-08,80,B3224
3225,5,28,2026-05-24,82,B3225
3226,5,28,2026-06-09,100,B3226
3227,5,28,2026-06-25,81,B3227
3228,5,28,2026-07-11,97,B3228
3229,5,29,2026-05-08,69,B3229
3230,5,29,2026-05-20,62,B3230
3231,5,29,2026-06-01,73,B3231
3232,5,29,2026-06-13,74,B3232
3233,5,29,2026-06-25,67,B3233
3234,5,29,2026-07-07,66,B3234
3235,5,29,2026-07-19,71,B3235
3236,5,30,2026-05-08,84,B3236
3237,5,30,2026-05-22,89,B3237
3238,5,30,2026-06-05,84,B3238
3239,5,30,2026-06-19,72,B3239
3240,5,30,2026-07-03,78,B3240
3241,5,30,2026-07-17,82,B3241
3242,5,31,2026-05-08,152,B3242
3243,5,31,2026-05-24,155,B3243
3244,5,31,2026-06-09,153,B3244
3245,5,31,2026-06-25,164,B3245
3246,5,31,2026-07-11,147,B3246
3247,5,32,2026-05-08,126,B3247
3248,5,32,2026-05-23,111,B3248
3249,5,32,2026-06-07,104,B3249
3250,5,32,2026-06-22,122,B3250
3251,5,32,2026-07-07,112,B3251
3252,5,32,2026-07-22,103,B3252
3253,5,33,2026-05-08,135,B3253
3254,5,33,2026-05-21,153,B3254
3255,5,33,2026-06-03,135,B3255
3256,5,33,2026-06-16,145,B3256
3257,5,33,2026-06-29,117,B3257
3258,5,33,2026-07-12,118,B3258
3259,5,34,2026-05-08,91,B3259
3260,5,34,2026-05-25,82,B3260
3261,5,34,2026-06-11,101,B3261
3262,5,34,2026-06-28,76,B3262
3263,5,34,2026-07-15,81,B3263
3264,6,1,2026-05-08,40,B3264
3265,6,1,2026-05-11,45,B3265
3266,6,1,2026-05-14,39,B3266
3267,6,1,2026-05-17,37,B3267
3268,6,1,2026-05-20,37,B3268
3269,6,1,2026-05-23,36,B3269
3270,6,1,2026-05-26,39,B3270
3271,6,1,2026-05-29,48,B3271
3272,6,1,2026-06-01,42,B3272
3273,6,1,2026-06-04,42,B3273
3274,6,1,2026-06-07,38,B3274
3275,6,1,2026-06-10,48,B3275
3276,6,1,2026-06-13,43,B3276
3277,6,1,2026-06-16,46,B3277
3278,6,1,2026-06-19,41,B3278
3279,6,1,2026-06-22,46,B3279
3280,6,1,2026-06-25,36,B3280
3281,6,1,2026-06-28,41,B3281
3282,6,1,2026-07-01,47,B3282
3283,6,1,2026-07-04,37,B3283
3284,6,1,2026-07-07,39,B3284
3285,6,1,2026-07-10,43,B3285
3286,6,1,2026-07-13,40,B3286
3287,6,1,2026-07-16,43,B3287
3288,6,1,2026-07-19,43,B3288
3289,6,1,2026-07-22,41,B3289
3290,6,1,2026-07-25,36,B3290
3291,6,1,2026-07-28,47,B3291
3292,6,1,2026-07-31,37,B3292
3293,6,1,2026-08-03,43,B3293
3294,6,2,2026-05-08,36,B3294
3295,6,2,2026-05-10,33,B3295
3296,6,2,2026-05-12,42,B3296
3297,6,2,2026-05-14,32,B3297
3298,6,2,2026-05-16,37,B3298
3299,6,2,2026-05-18,34,B3299
3300,6,2,2026-05-20,41,B3300
3301,6,2,2026-05-22,34,B3301
3302,6,2,2026-05-24,40,B3302
3303,6,2,2026-05-26,33,B3303
3304,6,2,2026-05-28,40,B3304
3305,6,2,2026-05-30,34,B3305
3306,6,2,2026-06-01,41,B3306
3307,6,2,2026-06-03,38,B3307
3308,6,2,2026-06-05,35,B3308
3309,6,2,2026-06-07,39,B3309
3310,6,2,2026-06-09,39,B3310
3311,6,2,2026-06-11,35,B3311
3312,6,2,2026-06-13,38,B3312
3313,6,2,2026-06-15,37,B3313
3314,6,2,2026-06-17,40,B3314
3315,6,2,2026-06-19,37,B3315
3316,6,2,2026-06-21,36,B3316
3317,6,2,2026-06-23,42,B3317
3318,6,2,2026-06-25,39,B3318
3319,6,2,2026-06-27,39,B3319
3320,6,2,2026-06-29,40,B3320
3321,6,2,2026-07-01,39,B3321
3322,6,2,2026-07-03,41,B3322
3323,6,2,2026-07-05,32,B3323
3324,6,2,2026-07-07,33,B3324
3325,6,2,2026-07-09,37,B3325
3326,6,2,2026-07-11,34,B3326
3327,6,2,2026-07-13,34,B3327
3328,6,2,2026-07-15,35,B3328
3329,6,2,2026-07-17,32,B3329
3330,6,2,2026-07-19,40,B3330
3331,6,2,2026-07-21,37,B3331
3332,6,2,2026-07-23,35,B3332
3333,6,2,2026-07-25,39,B3333
3334,6,2,2026-07-27,32,B3334
3335,6,2,2026-07-29,36,B3335
3336,6,2,2026-07-31,40,B3336
3337,6,2,2026-08-02,39,B3337
3338,6,2,2026-08-04,34,B3338
3339,6,3,2026-05-08,37,B3339
3340,6,3,2026-05-10,33,B3340
3341,6,3,2026-05-12,35,B3341
3342,6,3,2026-05-14,34,B3342
3343,6,3,2026-05-16,33,B3343
3344,6,3,2026-05-18,38,B3344
3345,6,3,2026-05-20,38,B3345
3346,6,3,2026-05-22,40,B3346
3347,6,3,2026-05-24,43,B3347
3348,6,3,2026-05-26,38,B3348
3349,6,3,2026-05-28,33,B3349
3350,6,3,2026-05-30,41,B3350
3351,6,3,2026-06-01,35,B3351
3352,6,3,2026-06-03,32,B3352
3353,6,3,2026-06-05,40,B3353
3354,6,3,2026-06-07,41,B3354
3355,6,3,2026-06-09,39,B3355
3356,6,3,2026-06-11,38,B3356
3357,6,3,2026-06-13,39,B3357
3358,6,3,2026-06-15,32,B3358
3359,6,3,2026-06-17,39,B3359
3360,6,3,2026-06-19,32,B3360
3361,6,3,2026-06-21,35,B3361
3362,6,3,2026-06-23,42,B3362
3363,6,3,2026-06-25,41,B3363
3364,6,3,2026-06-27,36,B3364
3365,6,3,2026-06-29,34,B3365
3366,6,3,2026-07-01,43,B3366
3367,6,3,2026-07-03,39,B3367
3368,6,3,2026-07-05,38,B3368
3369,6,3,2026-07-07,40,B3369
3370,6,3,2026-07-09,34,B3370
3371,6,3,2026-07-11,41,B3371
3372,6,3,2026-07-13,42,B3372
3373,6,3,2026-07-15,35,B3373
3374,6,3,2026-07-17,40,B3374
3375,6,3,2026-07-19,32,B3375
3376,6,3,2026-07-21,37,B3376
3377,6,3,2026-07-23,38,B3377
3378,6,3,2026-07-25,39,B3378
3379,6,3,2026-07-27,33,B3379
3380,6,3,2026-07-29,37,B3380
3381,6,3,2026-07-31,33,B3381
3382,6,3,2026-08-02,35,B3382
3383,6,3,2026-08-04,36,B3383
3384,6,4,2026-05-08,42,B3384
3385,6,4,2026-05-10,40,B3385
3386,6,4,2026-05-12,42,B3386
3387,6,4,2026-05-14,44,B3387
3388,6,4,2026-05-16,39,B3388
3389,6,4,2026-05-18,39,B3389
3390,6,4,2026-05-20,39,B3390
3391,6,4,2026-05-22,43,B3391
3392,6,4,2026-05-24,40,B3392
3393,6,4,2026-05-26,41,B3393
3394,6,4,2026-05-28,45,B3394
3395,6,4,2026-05-30,38,B3395
3396,6,4,2026-06-01,37,B3396
3397,6,4,2026-06-03,46,B3397
3398,6,4,2026-06-05,37,B3398
3399,6,4,2026-06-07,47,B3399
3400,6,4,2026-06-09,41,B3400
3401,6,4,2026-06-11,48,B3401
3402,6,4,2026-06-13,47,B3402
3403,6,4,2026-06-15,44,B3403
3404,6,4,2026-06-17,44,B3404
3405,6,4,2026-06-19,41,B3405
3406,6,4,2026-06-21,48,B3406
3407,6,4,2026-06-23,47,B3407
3408,6,4,2026-06-25,37,B3408
3409,6,4,2026-06-27,45,B3409
3410,6,4,2026-06-29,42,B3410
3411,6,4,2026-07-01,41,B3411
3412,6,4,2026-07-03,45,B3412
3413,6,4,2026-07-05,47,B3413
3414,6,4,2026-07-07,39,B3414
3415,6,4,2026-07-09,49,B3415
3416,6,4,2026-07-11,37,B3416
3417,6,4,2026-07-13,48,B3417
3418,6,4,2026-07-15,42,B3418
3419,6,4,2026-07-17,47,B3419
3420,6,4,2026-07-19,42,B3420
3421,6,4,2026-07-21,42,B3421
3422,6,4,2026-07-23,39,B3422
3423,6,4,2026-07-25,45,B3423
3424,6,4,2026-07-27,39,B3424
3425,6,4,2026-07-29,44,B3425
3426,6,4,2026-07-31,48,B3426
3427,6,4,2026-08-02,49,B3427
3428,6,4,2026-08-04,39,B3428
3429,6,5,2026-05-08,66,B3429
3430,6,5,2026-05-11,59,B3430
3431,6,5,2026-05-14,54,B3431
3432,6,5,2026-05-17,58,B3432
3433,6,5,2026-05-20,66,B3433
3434,6,5,2026-05-23,63,B3434
3435,6,5,2026-05-26,64,B3435
3436,6,5,2026-05-29,54,B3436
3437,6,5,2026-06-01,60,B3437
3438,6,5,2026-06-04,65,B3438
3439,6,5,2026-06-07,63,B3439
3440,6,5,2026-06-10,70,B3440
3441,6,5,2026-06-13,66,B3441
3442,6,5,2026-06-16,54,B3442
3443,6,5,2026-06-19,62,B3443
3444,6,5,2026-06-22,62,B3444
3445,6,5,2026-06-25,66,B3445
3446,6,5,2026-06-28,55,B3446
3447,6,5,2026-07-01,68,B3447
3448,6,5,2026-07-04,61,B3448
3449,6,5,2026-07-07,63,B3449
3450,6,5,2026-07-10,65,B3450
3451,6,5,2026-07-13,62,B3451
3452,6,5,2026-07-16,68,B3452
3453,6,5,2026-07-19,60,B3453
3454,6,5,2026-07-22,60,B3454
3455,6,5,2026-07-25,59,B3455
3456,6,5,2026-07-28,60,B3456
3457,6,5,2026-07-31,54,B3457
3458,6,5,2026-08-03,61,B3458
3459,6,6,2026-05-08,60,B3459
3460,6,6,2026-05-10,66,B3460
3461,6,6,2026-05-12,57,B3461
3462,6,6,2026-05-14,68,B3462
3463,6,6,2026-05-16,64,B3463
3464,6,6,2026-05-18,59,B3464
3465,6,6,2026-05-20,63,B3465
3466,6,6,2026-05-22,70,B3466
3467,6,6,2026-05-24,56,B3467
3468,6,6,2026-05-26,66,B3468
3469,6,6,2026-05-28,63,B3469
3470,6,6,2026-05-30,62,B3470
3471,6,6,2026-06-01,56,B3471
3472,6,6,2026-06-03,54,B3472
3473,6,6,2026-06-05,68,B3473
3474,6,6,2026-06-07,60,B3474
3475,6,6,2026-06-09,67,B3475
3476,6,6,2026-06-11,55,B3476
3477,6,6,2026-06-13,68,B3477
3478,6,6,2026-06-15,70,B3478
3479,6,6,2026-06-17,60,B3479
3480,6,6,2026-06-19,60,B3480
3481,6,6,2026-06-21,58,B3481
3482,6,6,2026-06-23,56,B3482
3483,6,6,2026-06-25,56,B3483
3484,6,6,2026-06-27,59,B3484
3485,6,6,2026-06-29,57,B3485
3486,6,6,2026-07-01,69,B3486
3487,6,6,2026-07-03,61,B3487
3488,6,6,2026-07-05,70,B3488
3489,6,6,2026-07-07,71,B3489
3490,6,6,2026-07-09,59,B3490
3491,6,6,2026-07-11,65,B3491
3492,6,6,2026-07-13,57,B3492
3493,6,6,2026-07-15,71,B3493
3494,6,6,2026-07-17,67,B3494
3495,6,6,2026-07-19,69,B3495
3496,6,6,2026-07-21,67,B3496
3497,6,6,2026-07-23,58,B3497
3498,6,6,2026-07-25,66,B3498
3499,6,6,2026-07-27,64,B3499
3500,6,6,2026-07-29,65,B3500
3501,6,6,2026-07-31,69,B3501
3502,6,6,2026-08-02,60,B3502
3503,6,6,2026-08-04,56,B3503
3504,6,7,2026-05-08,68,B3504
3505,6,7,2026-05-11,53,B3505
3506,6,7,2026-05-14,68,B3506
3507,6,7,2026-05-17,64,B3507
3508,6,7,2026-05-20,70,B3508
3509,6,7,2026-05-23,59,B3509
3510,6,7,2026-05-26,60,B3510
3511,6,7,2026-05-29,60,B3511
3512,6,7,2026-06-01,64,B3512
3513,6,7,2026-06-04,59,B3513
3514,6,7,2026-06-07,68,B3514
3515,6,7,2026-06-10,60,B3515
3516,6,7,2026-06-13,71,B3516
3517,6,7,2026-06-16,57,B3517
3518,6,7,2026-06-19,60,B3518
3519,6,7,2026-06-22,68,B3519
3520,6,7,2026-06-25,54,B3520
3521,6,7,2026-06-28,57,B3521
3522,6,7,2026-07-01,56,B3522
3523,6,7,2026-07-04,67,B3523
3524,6,7,2026-07-07,64,B3524
3525,6,7,2026-07-10,58,B3525
3526,6,7,2026-07-13,70,B3526
3527,6,7,2026-07-16,58,B3527
3528,6,7,2026-07-19,71,B3528
3529,6,7,2026-07-22,54,B3529
3530,6,7,2026-07-25,71,B3530
3531,6,7,2026-07-28,71,B3531
3532,6,7,2026-07-31,62,B3532
3533,6,7,2026-08-03,70,B3533
3534,6,8,2026-05-08,37,B3534
3535,6,8,2026-05-10,46,B3535
3536,6,8,2026-05-12,34,B3536
3537,6,8,2026-05-14,47,B3537
3538,6,8,2026-05-16,37,B3538
3539,6,8,2026-05-18,37,B3539
3540,6,8,2026-05-20,36,B3540
3541,6,8,2026-05-22,36,B3541
3542,6,8,2026-05-24,41,B3542
3543,6,8,2026-05-26,44,B3543
3544,6,8,2026-05-28,37,B3544
3545,6,8,2026-05-30,45,B3545
3546,6,8,2026-06-01,45,B3546
3547,6,8,2026-06-03,37,B3547
3548,6,8,2026-06-05,38,B3548
3549,6,8,2026-06-07,40,B3549
3550,6,8,2026-06-09,41,B3550
3551,6,8,2026-06-11,42,B3551
3552,6,8,2026-06-13,44,B3552
3553,6,8,2026-06-15,39,B3553
3554,6,8,2026-06-17,36,B3554
3555,6,8,2026-06-19,36,B3555
3556,6,8,2026-06-21,42,B3556
3557,6,8,2026-06-23,36,B3557
3558,6,8,2026-06-25,38,B3558
3559,6,8,2026-06-27,40,B3559
3560,6,8,2026-06-29,44,B3560
3561,6,8,2026-07-01,34,B3561
3562,6,8,2026-07-03,45,B3562
3563,6,8,2026-07-05,37,B3563
3564,6,8,2026-07-07,36,B3564
3565,6,8,2026-07-09,45,B3565
3566,6,8,2026-07-11,37,B3566
3567,6,8,2026-07-13,47,B3567
3568,6,8,2026-07-15,37,B3568
3569,6,8,2026-07-17,43,B3569
3570,6,8,2026-07-19,38,B3570
3571,6,8,2026-07-21,47,B3571
3572,6,8,2026-07-23,45,B3572
3573,6,8,2026-07-25,46,B3573
3574,6,8,2026-07-27,42,B3574
3575,6,8,2026-07-29,35,B3575
3576,6,8,2026-07-31,43,B3576
3577,6,8,2026-08-02,35,B3577
3578,6,8,2026-08-04,38,B3578
3579,6,9,2026-05-08,37,B3579
3580,6,9,2026-05-10,49,B3580
3581,6,9,2026-05-12,43,B3581
3582,6,9,2026-05-14,46,B3582
3583,6,9,2026-05-16,40,B3583
3584,6,9,2026-05-18,46,B3584
3585,6,9,2026-05-20,46,B3585
3586,6,9,2026-05-22,44,B3586
3587,6,9,2026-05-24,44,B3587
3588,6,9,2026-05-26,38,B3588
3589,6,9,2026-05-28,46,B3589
3590,6,9,2026-05-30,43,B3590
3591,6,9,2026-06-01,39,B3591
3592,6,9,2026-06-03,36,B3592
3593,6,9,2026-06-05,48,B3593
3594,6,9,2026-06-07,47,B3594
3595,6,9,2026-06-09,38,B3595
3596,6,9,2026-06-11,40,B3596
3597,6,9,2026-06-13,39,B3597
3598,6,9,2026-06-15,40,B3598
3599,6,9,2026-06-17,40,B3599
3600,6,9,2026-06-19,45,B3600
3601,6,9,2026-06-21,45,B3601
3602,6,9,2026-06-23,41,B3602
3603,6,9,2026-06-25,47,B3603
3604,6,9,2026-06-27,44,B3604
3605,6,9,2026-06-29,44,B3605
3606,6,9,2026-07-01,40,B3606
3607,6,9,2026-07-03,45,B3607
3608,6,9,2026-07-05,37,B3608
3609,6,9,2026-07-07,38,B3609
3610,6,9,2026-07-09,47,B3610
3611,6,9,2026-07-11,40,B3611
3612,6,9,2026-07-13,42,B3612
3613,6,9,2026-07-15,47,B3613
3614,6,9,2026-07-17,48,B3614
3615,6,9,2026-07-19,47,B3615
3616,6,9,2026-07-21,42,B3616
3617,6,9,2026-07-23,45,B3617
3618,6,9,2026-07-25,46,B3618
3619,6,9,2026-07-27,37,B3619
3620,6,9,2026-07-29,36,B3620
3621,6,9,2026-07-31,40,B3621
3622,6,9,2026-08-02,46,B3622
3623,6,9,2026-08-04,48,B3623
3624,6,10,2026-05-08,38,B3624
3625,6,10,2026-05-10,41,B3625
3626,6,10,2026-05-12,41,B3626
3627,6,10,2026-05-14,44,B3627
3628,6,10,2026-05-16,42,B3628
3629,6,10,2026-05-18,38,B3629
3630,6,10,2026-05-20,39,B3630
3631,6,10,2026-05-22,36,B3631
3632,6,10,2026-05-24,43,B3632
3633,6,10,2026-05-26,45,B3633
3634,6,10,2026-05-28,38,B3634
3635,6,10,2026-05-30,37,B3635
3636,6,10,2026-06-01,41,B3636
3637,6,10,2026-06-03,38,B3637
3638,6,10,2026-06-05,47,B3638
3639,6,10,2026-06-07,45,B3639
3640,6,10,2026-06-09,37,B3640
3641,6,10,2026-06-11,48,B3641
3642,6,10,2026-06-13,41,B3642
3643,6,10,2026-06-15,40,B3643
3644,6,10,2026-06-17,46,B3644
3645,6,10,2026-06-19,45,B3645
3646,6,10,2026-06-21,41,B3646
3647,6,10,2026-06-23,41,B3647
3648,6,10,2026-06-25,47,B3648
3649,6,10,2026-06-27,46,B3649
3650,6,10,2026-06-29,40,B3650
3651,6,10,2026-07-01,39,B3651
3652,6,10,2026-07-03,40,B3652
3653,6,10,2026-07-05,36,B3653
3654,6,10,2026-07-07,39,B3654
3655,6,10,2026-07-09,41,B3655
3656,6,10,2026-07-11,36,B3656
3657,6,10,2026-07-13,41,B3657
3658,6,10,2026-07-15,36,B3658
3659,6,10,2026-07-17,41,B3659
3660,6,10,2026-07-19,40,B3660
3661,6,10,2026-07-21,40,B3661
3662,6,10,2026-07-23,43,B3662
3663,6,10,2026-07-25,37,B3663
3664,6,10,2026-07-27,45,B3664
3665,6,10,2026-07-29,47,B3665
3666,6,10,2026-07-31,36,B3666
3667,6,10,2026-08-02,40,B3667
3668,6,10,2026-08-04,36,B3668
3669,6,11,2026-05-08,56,B3669
3670,6,11,2026-05-11,43,B3670
3671,6,11,2026-05-14,54,B3671
3672,6,11,2026-05-17,57,B3672
3673,6,11,2026-05-20,42,B3673
3674,6,11,2026-05-23,44,B3674
3675,6,11,2026-05-26,55,B3675
3676,6,11,2026-05-29,45,B3676
3677,6,11,2026-06-01,56,B3677
3678,6,11,2026-06-04,53,B3678
3679,6,11,2026-06-07,55,B3679
3680,6,11,2026-06-10,55,B3680
3681,6,11,2026-06-13,52,B3681
3682,6,11,2026-06-16,56,B3682
3683,6,11,2026-06-19,55,B3683
3684,6,11,2026-06-22,55,B3684
3685,6,11,2026-06-25,51,B3685
3686,6,11,2026-06-28,47,B3686
3687,6,11,2026-07-01,45,B3687
3688,6,11,2026-07-04,54,B3688
3689,6,11,2026-07-07,48,B3689
3690,6,11,2026-07-10,48,B3690
3691,6,11,2026-07-13,53,B3691
3692,6,11,2026-07-16,46,B3692
3693,6,11,2026-07-19,51,B3693
3694,6,11,2026-07-22,51,B3694
3695,6,11,2026-07-25,45,B3695
3696,6,11,2026-07-28,48,B3696
3697,6,11,2026-07-31,51,B3697
3698,6,11,2026-08-03,50,B3698
3699,6,12,2026-05-08,30,B3699
3700,6,12,2026-05-11,28,B3700
3701,6,12,2026-05-14,34,B3701
3702,6,12,2026-05-17,25,B3702
3703,6,12,2026-05-20,31,B3703
3704,6,12,2026-05-23,26,B3704
3705,6,12,2026-05-26,28,B3705
3706,6,12,2026-05-29,33,B3706
3707,6,12,2026-06-01,28,B3707
3708,6,12,2026-06-04,30,B3708
3709,6,12,2026-06-07,33,B3709
3710,6,12,2026-06-10,25,B3710
3711,6,12,2026-06-13,31,B3711
3712,6,12,2026-06-16,30,B3712
3713,6,12,2026-06-19,27,B3713
3714,6,12,2026-06-22,31,B3714
3715,6,12,2026-06-25,27,B3715
3716,6,12,2026-06-28,25,B3716
3717,6,12,2026-07-01,33,B3717
3718,6,12,2026-07-04,30,B3718
3719,6,12,2026-07-07,32,B3719
3720,6,12,2026-07-10,33,B3720
3721,6,12,2026-07-13,27,B3721
3722,6,12,2026-07-16,27,B3722
3723,6,12,2026-07-19,29,B3723
3724,6,12,2026-07-22,32,B3724
3725,6,12,2026-07-25,31,B3725
3726,6,12,2026-07-28,28,B3726
3727,6,12,2026-07-31,26,B3727
3728,6,12,2026-08-03,25,B3728
3729,6,13,2026-05-08,22,B3729
3730,6,13,2026-05-10,22,B3730
3731,6,13,2026-05-12,20,B3731
3732,6,13,2026-05-14,23,B3732
3733,6,13,2026-05-16,23,B3733
3734,6,13,2026-05-18,24,B3734
3735,6,13,2026-05-20,21,B3735
3736,6,13,2026-05-22,21,B3736
3737,6,13,2026-05-24,25,B3737
3738,6,13,2026-05-26,20,B3738
3739,6,13,2026-05-28,22,B3739
3740,6,13,2026-05-30,21,B3740
3741,6,13,2026-06-01,19,B3741
3742,6,13,2026-06-03,20,B3742
3743,6,13,2026-06-05,21,B3743
3744,6,13,2026-06-07,22,B3744
3745,6,13,2026-06-09,20,B3745
3746,6,13,2026-06-11,20,B3746
3747,6,13,2026-06-13,19,B3747
3748,6,13,2026-06-15,21,B3748
3749,6,13,2026-06-17,24,B3749
3750,6,13,2026-06-19,22,B3750
3751,6,13,2026-06-21,21,B3751
3752,6,13,2026-06-23,19,B3752
3753,6,13,2026-06-25,19,B3753
3754,6,13,2026-06-27,22,B3754
3755,6,13,2026-06-29,22,B3755
3756,6,13,2026-07-01,18,B3756
3757,6,13,2026-07-03,19,B3757
3758,6,13,2026-07-05,22,B3758
3759,6,13,2026-07-07,24,B3759
3760,6,13,2026-07-09,20,B3760
3761,6,13,2026-07-11,20,B3761
3762,6,13,2026-07-13,22,B3762
3763,6,13,2026-07-15,19,B3763
3764,6,13,2026-07-17,24,B3764
3765,6,13,2026-07-19,23,B3765
3766,6,13,2026-07-21,20,B3766
3767,6,13,2026-07-23,20,B3767
3768,6,13,2026-07-25,23,B3768
3769,6,13,2026-07-27,24,B3769
3770,6,13,2026-07-29,23,B3770
3771,6,13,2026-07-31,23,B3771
3772,6,13,2026-08-02,24,B3772
3773,6,13,2026-08-04,24,B3773
3774,6,14,2026-05-08,30,B3774
3775,6,14,2026-05-11,29,B3775
3776,6,14,2026-05-14,33,B3776
3777,6,14,2026-05-17,33,B3777
3778,6,14,2026-05-20,32,B3778
3779,6,14,2026-05-23,27,B3779
3780,6,14,2026-05-26,31,B3780
3781,6,14,2026-05-29,29,B3781
3782,6,14,2026-06-01,35,B3782
3783,6,14,2026-06-04,31,B3783
3784,6,14,2026-06-07,31,B3784
3785,6,14,2026-06-10,29,B3785
3786,6,14,2026-06-13,28,B3786
3787,6,14,2026-06-16,27,B3787
3788,6,14,2026-06-19,29,B3788
3789,6,14,2026-06-22,33,B3789
3790,6,14,2026-06-25,29,B3790
3791,6,14,2026-06-28,33,B3791
3792,6,14,2026-07-01,33,B3792
3793,6,14,2026-07-04,29,B3793
3794,6,14,2026-07-07,30,B3794
3795,6,14,2026-07-10,34,B3795
3796,6,14,2026-07-13,27,B3796
3797,6,14,2026-07-16,32,B3797
3798,6,14,2026-07-19,31,B3798
3799,6,14,2026-07-22,29,B3799
3800,6,14,2026-07-25,31,B3800
3801,6,14,2026-07-28,27,B3801
3802,6,14,2026-07-31,27,B3802
3803,6,14,2026-08-03,32,B3803
3804,6,15,2026-05-08,246,B3804
3805,6,15,2026-05-23,232,B3805
3806,6,15,2026-06-07,241,B3806
3807,6,15,2026-06-22,270,B3807
3808,6,15,2026-07-07,282,B3808
3809,6,15,2026-07-22,260,B3809
3810,6,16,2026-05-08,172,B3810
3811,6,16,2026-05-19,199,B3811
3812,6,16,2026-05-30,168,B3812
3813,6,16,2026-06-10,177,B3813
3814,6,16,2026-06-21,198,B3814
3815,6,16,2026-07-02,218,B3815
3816,6,16,2026-07-13,198,B3816
3817,6,16,2026-07-24,215,B3817
3818,6,17,2026-05-08,263,B3818
3819,6,17,2026-05-21,224,B3819
3820,6,17,2026-06-03,213,B3820
3821,6,17,2026-06-16,232,B3821
3822,6,17,2026-06-29,255,B3822
3823,6,17,2026-07-12,218,B3823
3824,6,18,2026-05-08,240,B3824
3825,6,18,2026-05-23,267,B3825
3826,6,18,2026-06-07,242,B3826
3827,6,18,2026-06-22,265,B3827
3828,6,18,2026-07-07,288,B3828
3829,6,18,2026-07-22,216,B3829
3830,6,19,2026-05-08,183,B3830
3831,6,19,2026-05-21,161,B3831
3832,6,19,2026-06-03,146,B3832
3833,6,19,2026-06-16,141,B3833
3834,6,19,2026-06-29,164,B3834
3835,6,19,2026-07-12,176,B3835
3836,6,20,2026-05-08,255,B3836
3837,6,20,2026-05-22,277,B3837
3838,6,20,2026-06-05,260,B3838
3839,6,20,2026-06-19,261,B3839
3840,6,20,2026-07-03,327,B3840
3841,6,20,2026-07-17,291,B3841
3842,6,21,2026-05-08,210,B3842
3843,6,21,2026-05-18,221,B3843
3844,6,21,2026-05-28,167,B3844
3845,6,21,2026-06-07,164,B3845
3846,6,21,2026-06-17,216,B3846
3847,6,21,2026-06-27,179,B3847
3848,6,21,2026-07-07,189,B3848
3849,6,21,2026-07-17,190,B3849
3850,6,21,2026-07-27,201,B3850
3851,6,22,2026-05-08,194,B3851
3852,6,22,2026-05-20,169,B3852
3853,6,22,2026-06-01,191,B3853
3854,6,22,2026-06-13,181,B3854
3855,6,22,2026-06-25,200,B3855
3856,6,22,2026-07-07,186,B3856
3857,6,22,2026-07-19,203,B3857
3858,6,23,2026-05-08,46,B3858
3859,6,23,2026-05-18,44,B3859
3860,6,23,2026-05-28,42,B3860
3861,6,23,2026-06-07,42,B3861
3862,6,23,2026-06-17,38,B3862
3863,6,23,2026-06-27,47,B3863
3864,6,23,2026-07-07,50,B3864
3865,6,23,2026-07-17,39,B3865
3866,6,23,2026-07-27,49,B3866
3867,6,24,2026-05-08,32,B3867
3868,6,24,2026-05-18,26,B3868
3869,6,24,2026-05-28,33,B3869
3870,6,24,2026-06-07,24,B3870
3871,6,24,2026-06-17,26,B3871
3872,6,24,2026-06-27,26,B3872
3873,6,24,2026-07-07,27,B3873
3874,6,24,2026-07-17,24,B3874
3875,6,24,2026-07-27,29,B3875
3876,6,25,2026-05-08,76,B3876
3877,6,25,2026-05-21,72,B3877
3878,6,25,2026-06-03,84,B3878
3879,6,25,2026-06-16,71,B3879
3880,6,25,2026-06-29,74,B3880
3881,6,25,2026-07-12,78,B3881
3882,6,26,2026-05-08,78,B3882
3883,6,26,2026-05-20,73,B3883
3884,6,26,2026-06-01,65,B3884
3885,6,26,2026-06-13,68,B3885
3886,6,26,2026-06-25,76,B3886
3887,6,26,2026-07-07,78,B3887
3888,6,26,2026-07-19,73,B3888
3889,6,27,2026-05-08,74,B3889
3890,6,27,2026-05-21,91,B3890
3891,6,27,2026-06-03,89,B3891
3892,6,27,2026-06-16,77,B3892
3893,6,27,2026-06-29,83,B3893
3894,6,27,2026-07-12,74,B3894
3895,6,28,2026-05-08,180,B3895
3896,6,28,2026-05-24,166,B3896
3897,6,28,2026-06-09,195,B3897
3898,6,28,2026-06-25,190,B3898
3899,6,28,2026-07-11,194,B3899
3900,6,29,2026-05-08,82,B3900
3901,6,29,2026-05-25,73,B3901
3902,6,29,2026-06-11,84,B3902
3903,6,29,2026-06-28,77,B3903
3904,6,29,2026-07-15,89,B3904
3905,6,30,2026-05-08,55,B3905
3906,6,30,2026-05-26,50,B3906
3907,6,30,2026-06-13,50,B3907
3908,6,30,2026-07-01,49,B3908
3909,6,30,2026-07-19,61,B3909
3910,6,31,2026-05-08,72,B3910
3911,6,31,2026-05-19,72,B3911
3912,6,31,2026-05-30,73,B3912
3913,6,31,2026-06-10,66,B3913
3914,6,31,2026-06-21,71,B3914
3915,6,31,2026-07-02,79,B3915
3916,6,31,2026-07-13,60,B3916
3917,6,31,2026-07-24,61,B3917
3918,6,32,2026-05-08,136,B3918
3919,6,32,2026-05-21,116,B3919
3920,6,32,2026-06-03,124,B3920
3921,6,32,2026-06-16,111,B3921
3922,6,32,2026-06-29,115,B3922
3923,6,32,2026-07-12,132,B3923
3924,6,33,2026-05-08,117,B3924
3925,6,33,2026-05-20,113,B3925
3926,6,33,2026-06-01,104,B3926
3927,6,33,2026-06-13,118,B3927
3928,6,33,2026-06-25,107,B3928
3929,6,33,2026-07-07,124,B3929
3930,6,33,2026-07-19,101,B3930
3931,6,34,2026-05-08,162,B3931
3932,6,34,2026-05-22,143,B3932
3933,6,34,2026-06-05,161,B3933
3934,6,34,2026-06-19,149,B3934
3935,6,34,2026-07-03,161,B3935
3936,6,34,2026-07-17,129,B3936
3937,7,1,2026-05-08,119,B3937
3938,7,1,2026-05-11,112,B3938
3939,7,1,2026-05-14,92,B3939
3940,7,1,2026-05-17,106,B3940
3941,7,1,2026-05-20,99,B3941
3942,7,1,2026-05-23,93,B3942
3943,7,1,2026-05-26,118,B3943
3944,7,1,2026-05-29,99,B3944
3945,7,1,2026-06-01,104,B3945
3946,7,1,2026-06-04,92,B3946
3947,7,1,2026-06-07,108,B3947
3948,7,1,2026-06-10,110,B3948
3949,7,1,2026-06-13,116,B3949
3950,7,1,2026-06-16,98,B3950
3951,7,1,2026-06-19,112,B3951
3952,7,1,2026-06-22,89,B3952
3953,7,1,2026-06-25,109,B3953
3954,7,1,2026-06-28,116,B3954
3955,7,1,2026-07-01,119,B3955
3956,7,1,2026-07-04,112,B3956
3957,7,1,2026-07-07,113,B3957
3958,7,1,2026-07-10,99,B3958
3959,7,1,2026-07-13,113,B3959
3960,7,1,2026-07-16,109,B3960
3961,7,1,2026-07-19,94,B3961
3962,7,1,2026-07-22,112,B3962
3963,7,1,2026-07-25,114,B3963
3964,7,1,2026-07-28,89,B3964
3965,7,1,2026-07-31,102,B3965
3966,7,1,2026-08-03,117,B3966
3967,7,2,2026-05-08,52,B3967
3968,7,2,2026-05-11,66,B3968
3969,7,2,2026-05-14,58,B3969
3970,7,2,2026-05-17,56,B3970
3971,7,2,2026-05-20,61,B3971
3972,7,2,2026-05-23,58,B3972
3973,7,2,2026-05-26,65,B3973
3974,7,2,2026-05-29,63,B3974
3975,7,2,2026-06-01,52,B3975
3976,7,2,2026-06-04,61,B3976
3977,7,2,2026-06-07,56,B3977
3978,7,2,2026-06-10,64,B3978
3979,7,2,2026-06-13,56,B3979
3980,7,2,2026-06-16,62,B3980
3981,7,2,2026-06-19,63,B3981
3982,7,2,2026-06-22,64,B3982
3983,7,2,2026-06-25,54,B3983
3984,7,2,2026-06-28,64,B3984
3985,7,2,2026-07-01,60,B3985
3986,7,2,2026-07-04,56,B3986
3987,7,2,2026-07-07,64,B3987
3988,7,2,2026-07-10,60,B3988
3989,7,2,2026-07-13,57,B3989
3990,7,2,2026-07-16,60,B3990
3991,7,2,2026-07-19,61,B3991
3992,7,2,2026-07-22,54,B3992
3993,7,2,2026-07-25,61,B3993
3994,7,2,2026-07-28,56,B3994
3995,7,2,2026-07-31,66,B3995
3996,7,2,2026-08-03,66,B3996
3997,7,3,2026-05-08,46,B3997
3998,7,3,2026-05-10,39,B3998
3999,7,3,2026-05-12,38,B3999
4000,7,3,2026-05-14,36,B4000
4001,7,3,2026-05-16,44,B4001
4002,7,3,2026-05-18,42,B4002
4003,7,3,2026-05-20,40,B4003
4004,7,3,2026-05-22,40,B4004
4005,7,3,2026-05-24,38,B4005
4006,7,3,2026-05-26,42,B4006
4007,7,3,2026-05-28,44,B4007
4008,7,3,2026-05-30,37,B4008
4009,7,3,2026-06-01,40,B4009
4010,7,3,2026-06-03,43,B4010
4011,7,3,2026-06-05,46,B4011
4012,7,3,2026-06-07,42,B4012
4013,7,3,2026-06-09,43,B4013
4014,7,3,2026-06-11,39,B4014
4015,7,3,2026-06-13,46,B4015
4016,7,3,2026-06-15,44,B4016
4017,7,3,2026-06-17,37,B4017
4018,7,3,2026-06-19,44,B4018
4019,7,3,2026-06-21,36,B4019
4020,7,3,2026-06-23,43,B4020
4021,7,3,2026-06-25,42,B4021
4022,7,3,2026-06-27,44,B4022
4023,7,3,2026-06-29,46,B4023
4024,7,3,2026-07-01,44,B4024
4025,7,3,2026-07-03,40,B4025
4026,7,3,2026-07-05,37,B4026
4027,7,3,2026-07-07,39,B4027
4028,7,3,2026-07-09,36,B4028
4029,7,3,2026-07-11,36,B4029
4030,7,3,2026-07-13,44,B4030
4031,7,3,2026-07-15,42,B4031
4032,7,3,2026-07-17,44,B4032
4033,7,3,2026-07-19,42,B4033
4034,7,3,2026-07-21,35,B4034
4035,7,3,2026-07-23,46,B4035
4036,7,3,2026-07-25,47,B4036
4037,7,3,2026-07-27,36,B4037
4038,7,3,2026-07-29,35,B4038
4039,7,3,2026-07-31,37,B4039
4040,7,3,2026-08-02,40,B4040
4041,7,3,2026-08-04,35,B4041
4042,7,4,2026-05-08,42,B4042
4043,7,4,2026-05-10,46,B4043
4044,7,4,2026-05-12,40,B4044
4045,7,4,2026-05-14,43,B4045
4046,7,4,2026-05-16,39,B4046
4047,7,4,2026-05-18,45,B4047
4048,7,4,2026-05-20,46,B4048
4049,7,4,2026-05-22,37,B4049
4050,7,4,2026-05-24,42,B4050
4051,7,4,2026-05-26,40,B4051
4052,7,4,2026-05-28,45,B4052
4053,7,4,2026-05-30,42,B4053
4054,7,4,2026-06-01,42,B4054
4055,7,4,2026-06-03,39,B4055
4056,7,4,2026-06-05,45,B4056
4057,7,4,2026-06-07,35,B4057
4058,7,4,2026-06-09,42,B4058
4059,7,4,2026-06-11,37,B4059
4060,7,4,2026-06-13,37,B4060
4061,7,4,2026-06-15,45,B4061
4062,7,4,2026-06-17,46,B4062
4063,7,4,2026-06-19,41,B4063
4064,7,4,2026-06-21,36,B4064
4065,7,4,2026-06-23,43,B4065
4066,7,4,2026-06-25,38,B4066
4067,7,4,2026-06-27,35,B4067
4068,7,4,2026-06-29,42,B4068
4069,7,4,2026-07-01,37,B4069
4070,7,4,2026-07-03,41,B4070
4071,7,4,2026-07-05,44,B4071
4072,7,4,2026-07-07,37,B4072
4073,7,4,2026-07-09,35,B4073
4074,7,4,2026-07-11,39,B4074
4075,7,4,2026-07-13,38,B4075
4076,7,4,2026-07-15,34,B4076
4077,7,4,2026-07-17,35,B4077
4078,7,4,2026-07-19,41,B4078
4079,7,4,2026-07-21,41,B4079
4080,7,4,2026-07-23,40,B4080
4081,7,4,2026-07-25,44,B4081
4082,7,4,2026-07-27,37,B4082
4083,7,4,2026-07-29,42,B4083
4084,7,4,2026-07-31,41,B4084
4085,7,4,2026-08-02,39,B4085
4086,7,4,2026-08-04,42,B4086
4087,7,5,2026-05-08,44,B4087
4088,7,5,2026-05-11,38,B4088
4089,7,5,2026-05-14,47,B4089
4090,7,5,2026-05-17,41,B4090
4091,7,5,2026-05-20,44,B4091
4092,7,5,2026-05-23,41,B4092
4093,7,5,2026-05-26,41,B4093
4094,7,5,2026-05-29,40,B4094
4095,7,5,2026-06-01,45,B4095
4096,7,5,2026-06-04,43,B4096
4097,7,5,2026-06-07,37,B4097
4098,7,5,2026-06-10,39,B4098
4099,7,5,2026-06-13,40,B4099
4100,7,5,2026-06-16,42,B4100
4101,7,5,2026-06-19,38,B4101
4102,7,5,2026-06-22,44,B4102
4103,7,5,2026-06-25,46,B4103
4104,7,5,2026-06-28,39,B4104
4105,7,5,2026-07-01,45,B4105
4106,7,5,2026-07-04,39,B4106
4107,7,5,2026-07-07,39,B4107
4108,7,5,2026-07-10,45,B4108
4109,7,5,2026-07-13,46,B4109
4110,7,5,2026-07-16,38,B4110
4111,7,5,2026-07-19,40,B4111
4112,7,5,2026-07-22,43,B4112
4113,7,5,2026-07-25,38,B4113
4114,7,5,2026-07-28,48,B4114
4115,7,5,2026-07-31,47,B4115
4116,7,5,2026-08-03,37,B4116
4117,7,6,2026-05-08,32,B4117
4118,7,6,2026-05-11,32,B4118
4119,7,6,2026-05-14,36,B4119
4120,7,6,2026-05-17,35,B4120
4121,7,6,2026-05-20,33,B4121
4122,7,6,2026-05-23,42,B4122
4123,7,6,2026-05-26,41,B4123
4124,7,6,2026-05-29,35,B4124
4125,7,6,2026-06-01,38,B4125
4126,7,6,2026-06-04,38,B4126
4127,7,6,2026-06-07,40,B4127
4128,7,6,2026-06-10,42,B4128
4129,7,6,2026-06-13,40,B4129
4130,7,6,2026-06-16,41,B4130
4131,7,6,2026-06-19,35,B4131
4132,7,6,2026-06-22,41,B4132
4133,7,6,2026-06-25,38,B4133
4134,7,6,2026-06-28,39,B4134
4135,7,6,2026-07-01,42,B4135
4136,7,6,2026-07-04,43,B4136
4137,7,6,2026-07-07,39,B4137
4138,7,6,2026-07-10,34,B4138
4139,7,6,2026-07-13,41,B4139
4140,7,6,2026-07-16,34,B4140
4141,7,6,2026-07-19,43,B4141
4142,7,6,2026-07-22,37,B4142
4143,7,6,2026-07-25,38,B4143
4144,7,6,2026-07-28,32,B4144
4145,7,6,2026-07-31,37,B4145
4146,7,6,2026-08-03,33,B4146
4147,7,7,2026-05-08,71,B4147
4148,7,7,2026-05-11,72,B4148
4149,7,7,2026-05-14,68,B4149
4150,7,7,2026-05-17,69,B4150
4151,7,7,2026-05-20,70,B4151
4152,7,7,2026-05-23,78,B4152
4153,7,7,2026-05-26,63,B4153
4154,7,7,2026-05-29,62,B4154
4155,7,7,2026-06-01,79,B4155
4156,7,7,2026-06-04,72,B4156
4157,7,7,2026-06-07,65,B4157
4158,7,7,2026-06-10,67,B4158
4159,7,7,2026-06-13,64,B4159
4160,7,7,2026-06-16,74,B4160
4161,7,7,2026-06-19,65,B4161
4162,7,7,2026-06-22,63,B4162
4163,7,7,2026-06-25,64,B4163
4164,7,7,2026-06-28,72,B4164
4165,7,7,2026-07-01,76,B4165
4166,7,7,2026-07-04,68,B4166
4167,7,7,2026-07-07,79,B4167
4168,7,7,2026-07-10,72,B4168
4169,7,7,2026-07-13,70,B4169
4170,7,7,2026-07-16,64,B4170
4171,7,7,2026-07-19,72,B4171
4172,7,7,2026-07-22,78,B4172
4173,7,7,2026-07-25,64,B4173
4174,7,7,2026-07-28,76,B4174
4175,7,7,2026-07-31,78,B4175
4176,7,7,2026-08-03,62,B4176
4177,7,8,2026-05-08,32,B4177
4178,7,8,2026-05-10,34,B4178
4179,7,8,2026-05-12,35,B4179
4180,7,8,2026-05-14,36,B4180
4181,7,8,2026-05-16,33,B4181
4182,7,8,2026-05-18,31,B4182
4183,7,8,2026-05-20,33,B4183
4184,7,8,2026-05-22,32,B4184
4185,7,8,2026-05-24,38,B4185
4186,7,8,2026-05-26,33,B4186
4187,7,8,2026-05-28,34,B4187
4188,7,8,2026-05-30,34,B4188
4189,7,8,2026-06-01,33,B4189
4190,7,8,2026-06-03,33,B4190
4191,7,8,2026-06-05,31,B4191
4192,7,8,2026-06-07,35,B4192
4193,7,8,2026-06-09,33,B4193
4194,7,8,2026-06-11,39,B4194
4195,7,8,2026-06-13,34,B4195
4196,7,8,2026-06-15,34,B4196
4197,7,8,2026-06-17,32,B4197
4198,7,8,2026-06-19,38,B4198
4199,7,8,2026-06-21,31,B4199
4200,7,8,2026-06-23,38,B4200
4201,7,8,2026-06-25,37,B4201
4202,7,8,2026-06-27,32,B4202
4203,7,8,2026-06-29,39,B4203
4204,7,8,2026-07-01,38,B4204
4205,7,8,2026-07-03,40,B4205
4206,7,8,2026-07-05,39,B4206
4207,7,8,2026-07-07,39,B4207
4208,7,8,2026-07-09,40,B4208
4209,7,8,2026-07-11,33,B4209
4210,7,8,2026-07-13,36,B4210
4211,7,8,2026-07-15,33,B4211
4212,7,8,2026-07-17,34,B4212
4213,7,8,2026-07-19,38,B4213
4214,7,8,2026-07-21,39,B4214
4215,7,8,2026-07-23,33,B4215
4216,7,8,2026-07-25,32,B4216
4217,7,8,2026-07-27,36,B4217
4218,7,8,2026-07-29,39,B4218
4219,7,8,2026-07-31,38,B4219
4220,7,8,2026-08-02,39,B4220
4221,7,8,2026-08-04,32,B4221
4222,7,9,2026-05-08,40,B4222
4223,7,9,2026-05-10,44,B4223
4224,7,9,2026-05-12,37,B4224
4225,7,9,2026-05-14,37,B4225
4226,7,9,2026-05-16,40,B4226
4227,7,9,2026-05-18,33,B4227
4228,7,9,2026-05-20,35,B4228
4229,7,9,2026-05-22,42,B4229
4230,7,9,2026-05-24,36,B4230
4231,7,9,2026-05-26,33,B4231
4232,7,9,2026-05-28,36,B4232
4233,7,9,2026-05-30,43,B4233
4234,7,9,2026-06-01,44,B4234
4235,7,9,2026-06-03,43,B4235
4236,7,9,2026-06-05,39,B4236
4237,7,9,2026-06-07,38,B4237
4238,7,9,2026-06-09,42,B4238
4239,7,9,2026-06-11,38,B4239
4240,7,9,2026-06-13,39,B4240
4241,7,9,2026-06-15,37,B4241
4242,7,9,2026-06-17,43,B4242
4243,7,9,2026-06-19,44,B4243
4244,7,9,2026-06-21,36,B4244
4245,7,9,2026-06-23,33,B4245
4246,7,9,2026-06-25,42,B4246
4247,7,9,2026-06-27,33,B4247
4248,7,9,2026-06-29,36,B4248
4249,7,9,2026-07-01,42,B4249
4250,7,9,2026-07-03,34,B4250
4251,7,9,2026-07-05,40,B4251
4252,7,9,2026-07-07,35,B4252
4253,7,9,2026-07-09,39,B4253
4254,7,9,2026-07-11,39,B4254
4255,7,9,2026-07-13,43,B4255
4256,7,9,2026-07-15,38,B4256
4257,7,9,2026-07-17,42,B4257
4258,7,9,2026-07-19,33,B4258
4259,7,9,2026-07-21,41,B4259
4260,7,9,2026-07-23,34,B4260
4261,7,9,2026-07-25,34,B4261
4262,7,9,2026-07-27,34,B4262
4263,7,9,2026-07-29,39,B4263
4264,7,9,2026-07-31,33,B4264
4265,7,9,2026-08-02,34,B4265
4266,7,9,2026-08-04,37,B4266
4267,7,10,2026-05-08,37,B4267
4268,7,10,2026-05-10,38,B4268
4269,7,10,2026-05-12,43,B4269
4270,7,10,2026-05-14,38,B4270
4271,7,10,2026-05-16,35,B4271
4272,7,10,2026-05-18,44,B4272
4273,7,10,2026-05-20,42,B4273
4274,7,10,2026-05-22,43,B4274
4275,7,10,2026-05-24,42,B4275
4276,7,10,2026-05-26,44,B4276
4277,7,10,2026-05-28,45,B4277
4278,7,10,2026-05-30,45,B4278
4279,7,10,2026-06-01,45,B4279
4280,7,10,2026-06-03,41,B4280
4281,7,10,2026-06-05,43,B4281
4282,7,10,2026-06-07,41,B4282
4283,7,10,2026-06-09,42,B4283
4284,7,10,2026-06-11,34,B4284
4285,7,10,2026-06-13,44,B4285
4286,7,10,2026-06-15,41,B4286
4287,7,10,2026-06-17,39,B4287
4288,7,10,2026-06-19,43,B4288
4289,7,10,2026-06-21,38,B4289
4290,7,10,2026-06-23,38,B4290
4291,7,10,2026-06-25,39,B4291
4292,7,10,2026-06-27,41,B4292
4293,7,10,2026-06-29,38,B4293
4294,7,10,2026-07-01,41,B4294
4295,7,10,2026-07-03,45,B4295
4296,7,10,2026-07-05,37,B4296
4297,7,10,2026-07-07,42,B4297
4298,7,10,2026-07-09,39,B4298
4299,7,10,2026-07-11,43,B4299
4300,7,10,2026-07-13,44,B4300
4301,7,10,2026-07-15,42,B4301
4302,7,10,2026-07-17,44,B4302
4303,7,10,2026-07-19,45,B4303
4304,7,10,2026-07-21,39,B4304
4305,7,10,2026-07-23,42,B4305
4306,7,10,2026-07-25,34,B4306
4307,7,10,2026-07-27,35,B4307
4308,7,10,2026-07-29,39,B4308
4309,7,10,2026-07-31,37,B4309
4310,7,10,2026-08-02,45,B4310
4311,7,10,2026-08-04,35,B4311
4312,7,11,2026-05-08,38,B4312
4313,7,11,2026-05-11,38,B4313
4314,7,11,2026-05-14,36,B4314
4315,7,11,2026-05-17,44,B4315
4316,7,11,2026-05-20,40,B4316
4317,7,11,2026-05-23,41,B4317
4318,7,11,2026-05-26,45,B4318
4319,7,11,2026-05-29,37,B4319
4320,7,11,2026-06-01,48,B4320
4321,7,11,2026-06-04,39,B4321
4322,7,11,2026-06-07,44,B4322
4323,7,11,2026-06-10,44,B4323
4324,7,11,2026-06-13,41,B4324
4325,7,11,2026-06-16,48,B4325
4326,7,11,2026-06-19,38,B4326
4327,7,11,2026-06-22,46,B4327
4328,7,11,2026-06-25,46,B4328
4329,7,11,2026-06-28,45,B4329
4330,7,11,2026-07-01,42,B4330
4331,7,11,2026-07-04,45,B4331
4332,7,11,2026-07-07,38,B4332
4333,7,11,2026-07-10,36,B4333
4334,7,11,2026-07-13,39,B4334
4335,7,11,2026-07-16,37,B4335
4336,7,11,2026-07-19,38,B4336
4337,7,11,2026-07-22,40,B4337
4338,7,11,2026-07-25,40,B4338
4339,7,11,2026-07-28,38,B4339
4340,7,11,2026-07-31,39,B4340
4341,7,11,2026-08-03,40,B4341
4342,7,12,2026-05-08,32,B4342
4343,7,12,2026-05-11,32,B4343
4344,7,12,2026-05-14,31,B4344
4345,7,12,2026-05-17,33,B4345
4346,7,12,2026-05-20,33,B4346
4347,7,12,2026-05-23,27,B4347
4348,7,12,2026-05-26,34,B4348
4349,7,12,2026-05-29,26,B4349
4350,7,12,2026-06-01,33,B4350
4351,7,12,2026-06-04,32,B4351
4352,7,12,2026-06-07,34,B4352
4353,7,12,2026-06-10,34,B4353
4354,7,12,2026-06-13,31,B4354
4355,7,12,2026-06-16,29,B4355
4356,7,12,2026-06-19,32,B4356
4357,7,12,2026-06-22,34,B4357
4358,7,12,2026-06-25,29,B4358
4359,7,12,2026-06-28,26,B4359
4360,7,12,2026-07-01,32,B4360
4361,7,12,2026-07-04,31,B4361
4362,7,12,2026-07-07,33,B4362
4363,7,12,2026-07-10,29,B4363
4364,7,12,2026-07-13,33,B4364
4365,7,12,2026-07-16,33,B4365
4366,7,12,2026-07-19,31,B4366
4367,7,12,2026-07-22,31,B4367
4368,7,12,2026-07-25,34,B4368
4369,7,12,2026-07-28,35,B4369
4370,7,12,2026-07-31,29,B4370
4371,7,12,2026-08-03,29,B4371
4372,7,13,2026-05-08,17,B4372
4373,7,13,2026-05-10,17,B4373
4374,7,13,2026-05-12,16,B4374
4375,7,13,2026-05-14,14,B4375
4376,7,13,2026-05-16,17,B4376
4377,7,13,2026-05-18,14,B4377
4378,7,13,2026-05-20,14,B4378
4379,7,13,2026-05-22,15,B4379
4380,7,13,2026-05-24,14,B4380
4381,7,13,2026-05-26,14,B4381
4382,7,13,2026-05-28,16,B4382
4383,7,13,2026-05-30,14,B4383
4384,7,13,2026-06-01,17,B4384
4385,7,13,2026-06-03,15,B4385
4386,7,13,2026-06-05,16,B4386
4387,7,13,2026-06-07,16,B4387
4388,7,13,2026-06-09,15,B4388
4389,7,13,2026-06-11,14,B4389
4390,7,13,2026-06-13,15,B4390
4391,7,13,2026-06-15,14,B4391
4392,7,13,2026-06-17,16,B4392
4393,7,13,2026-06-19,17,B4393
4394,7,13,2026-06-21,15,B4394
4395,7,13,2026-06-23,14,B4395
4396,7,13,2026-06-25,16,B4396
4397,7,13,2026-06-27,14,B4397
4398,7,13,2026-06-29,16,B4398
4399,7,13,2026-07-01,15,B4399
4400,7,13,2026-07-03,16,B4400
4401,7,13,2026-07-05,18,B4401
4402,7,13,2026-07-07,16,B4402
4403,7,13,2026-07-09,15,B4403
4404,7,13,2026-07-11,15,B4404
4405,7,13,2026-07-13,17,B4405
4406,7,13,2026-07-15,15,B4406
4407,7,13,2026-07-17,19,B4407
4408,7,13,2026-07-19,19,B4408
4409,7,13,2026-07-21,18,B4409
4410,7,13,2026-07-23,14,B4410
4411,7,13,2026-07-25,15,B4411
4412,7,13,2026-07-27,16,B4412
4413,7,13,2026-07-29,16,B4413
4414,7,13,2026-07-31,16,B4414
4415,7,13,2026-08-02,18,B4415
4416,7,13,2026-08-04,17,B4416
4417,7,14,2026-05-08,17,B4417
4418,7,14,2026-05-11,16,B4418
4419,7,14,2026-05-14,20,B4419
4420,7,14,2026-05-17,19,B4420
4421,7,14,2026-05-20,20,B4421
4422,7,14,2026-05-23,21,B4422
4423,7,14,2026-05-26,16,B4423
4424,7,14,2026-05-29,21,B4424
4425,7,14,2026-06-01,21,B4425
4426,7,14,2026-06-04,17,B4426
4427,7,14,2026-06-07,21,B4427
4428,7,14,2026-06-10,17,B4428
4429,7,14,2026-06-13,18,B4429
4430,7,14,2026-06-16,18,B4430
4431,7,14,2026-06-19,20,B4431
4432,7,14,2026-06-22,21,B4432
4433,7,14,2026-06-25,16,B4433
4434,7,14,2026-06-28,16,B4434
4435,7,14,2026-07-01,17,B4435
4436,7,14,2026-07-04,19,B4436
4437,7,14,2026-07-07,17,B4437
4438,7,14,2026-07-10,19,B4438
4439,7,14,2026-07-13,16,B4439
4440,7,14,2026-07-16,19,B4440
4441,7,14,2026-07-19,16,B4441
4442,7,14,2026-07-22,17,B4442
4443,7,14,2026-07-25,17,B4443
4444,7,14,2026-07-28,16,B4444
4445,7,14,2026-07-31,19,B4445
4446,7,14,2026-08-03,20,B4446
4447,7,15,2026-05-08,201,B4447
4448,7,15,2026-05-21,194,B4448
4449,7,15,2026-06-03,209,B4449
4450,7,15,2026-06-16,204,B4450
4451,7,15,2026-06-29,235,B4451
4452,7,15,2026-07-12,233,B4452
4453,7,16,2026-05-08,161,B4453
4454,7,16,2026-05-18,173,B4454
4455,7,16,2026-05-28,191,B4455
4456,7,16,2026-06-07,153,B4456
4457,7,16,2026-06-17,144,B4457
4458,7,16,2026-06-27,189,B4458
4459,7,16,2026-07-07,147,B4459
4460,7,16,2026-07-17,153,B4460
4461,7,16,2026-07-27,164,B4461
4462,7,17,2026-05-08,270,B4462
4463,7,17,2026-05-24,316,B4463
4464,7,17,2026-06-09,313,B4464
4465,7,17,2026-06-25,342,B4465
4466,7,17,2026-07-11,292,B4466
4467,7,18,2026-05-08,191,B4467
4468,7,18,2026-05-23,223,B4468
4469,7,18,2026-06-07,200,B4469
4470,7,18,2026-06-22,199,B4470
4471,7,18,2026-07-07,237,B4471
4472,7,18,2026-07-22,208,B4472
4473,7,19,2026-05-08,217,B4473
4474,7,19,2026-05-26,272,B4474
4475,7,19,2026-06-13,230,B4475
4476,7,19,2026-07-01,224,B4476
4477,7,19,2026-07-19,271,B4477
4478,7,20,2026-05-08,291,B4478
4479,7,20,2026-05-25,243,B4479
4480,7,20,2026-06-11,247,B4480
4481,7,20,2026-06-28,305,B4481
4482,7,20,2026-07-15,305,B4482
4483,7,21,2026-05-08,216,B4483
4484,7,21,2026-05-26,206,B4484
4485,7,21,2026-06-13,255,B4485
4486,7,21,2026-07-01,200,B4486
4487,7,21,2026-07-19,225,B4487
4488,7,22,2026-05-08,176,B4488
4489,7,22,2026-05-20,166,B4489
4490,7,22,2026-06-01,153,B4490
4491,7,22,2026-06-13,143,B4491
4492,7,22,2026-06-25,173,B4492
4493,7,22,2026-07-07,169,B4493
4494,7,22,2026-07-19,167,B4494
4495,7,23,2026-05-08,64,B4495
4496,7,23,2026-05-21,58,B4496
4497,7,23,2026-06-03,66,B4497
4498,7,23,2026-06-16,65,B4498
4499,7,23,2026-06-29,69,B4499
4500,7,23,2026-07-12,60,B4500
4501,7,24,2026-05-08,77,B4501
4502,7,24,2026-05-25,87,B4502
4503,7,24,2026-06-11,80,B4503
4504,7,24,2026-06-28,87,B4504
4505,7,24,2026-07-15,80,B4505
4506,7,25,2026-05-08,51,B4506
4507,7,25,2026-05-26,60,B4507
4508,7,25,2026-06-13,50,B4508
4509,7,25,2026-07-01,53,B4509
4510,7,25,2026-07-19,45,B4510
4511,7,26,2026-05-08,110,B4511
4512,7,26,2026-05-24,94,B4512
4513,7,26,2026-06-09,101,B4513
4514,7,26,2026-06-25,103,B4514
4515,7,26,2026-07-11,103,B4515
4516,7,27,2026-05-08,69,B4516
4517,7,27,2026-05-21,65,B4517
4518,7,27,2026-06-03,76,B4518
4519,7,27,2026-06-16,74,B4519
4520,7,27,2026-06-29,73,B4520
4521,7,27,2026-07-12,67,B4521
4522,7,28,2026-05-08,77,B4522
4523,7,28,2026-05-19,61,B4523
4524,7,28,2026-05-30,77,B4524
4525,7,28,2026-06-10,78,B4525
4526,7,28,2026-06-21,66,B4526
4527,7,28,2026-07-02,72,B4527
4528,7,28,2026-07-13,80,B4528
4529,7,28,2026-07-24,71,B4529
4530,7,29,2026-05-08,58,B4530
4531,7,29,2026-05-25,53,B4531
4532,7,29,2026-06-11,54,B4532
4533,7,29,2026-06-28,60,B4533
4534,7,29,2026-07-15,65,B4534
4535,7,30,2026-05-08,69,B4535
4536,7,30,2026-05-21,58,B4536
4537,7,30,2026-06-03,60,B4537
4538,7,30,2026-06-16,63,B4538
4539,7,30,2026-06-29,64,B4539
4540,7,30,2026-07-12,75,B4540
4541,7,31,2026-05-08,157,B4541
4542,7,31,2026-05-24,174,B4542
4543,7,31,2026-06-09,157,B4543
4544,7,31,2026-06-25,165,B4544
4545,7,31,2026-07-11,150,B4545
4546,7,32,2026-05-08,134,B4546
4547,7,32,2026-05-23,130,B4547
4548,7,32,2026-06-07,130,B4548
4549,7,32,2026-06-22,134,B4549
4550,7,32,2026-07-07,128,B4550
4551,7,32,2026-07-22,117,B4551
4552,7,33,2026-05-08,109,B4552
4553,7,33,2026-05-26,121,B4553
4554,7,33,2026-06-13,104,B4554
4555,7,33,2026-07-01,100,B4555
4556,7,33,2026-07-19,114,B4556
4557,7,34,2026-05-08,124,B4557
4558,7,34,2026-05-22,121,B4558
4559,7,34,2026-06-05,129,B4559
4560,7,34,2026-06-19,116,B4560
4561,7,34,2026-07-03,129,B4561
4562,7,34,2026-07-17,125,B4562
4563,8,1,2026-05-08,52,B4563
4564,8,1,2026-05-11,57,B4564
4565,8,1,2026-05-14,51,B4565
4566,8,1,2026-05-17,63,B4566
4567,8,1,2026-05-20,48,B4567
4568,8,1,2026-05-23,51,B4568
4569,8,1,2026-05-26,58,B4569
4570,8,1,2026-05-29,50,B4570
4571,8,1,2026-06-01,64,B4571
4572,8,1,2026-06-04,55,B4572
4573,8,1,2026-06-07,57,B4573
4574,8,1,2026-06-10,52,B4574
4575,8,1,2026-06-13,48,B4575
4576,8,1,2026-06-16,58,B4576
4577,8,1,2026-06-19,56,B4577
4578,8,1,2026-06-22,53,B4578
4579,8,1,2026-06-25,57,B4579
4580,8,1,2026-06-28,52,B4580
4581,8,1,2026-07-01,64,B4581
4582,8,1,2026-07-04,62,B4582
4583,8,1,2026-07-07,63,B4583
4584,8,1,2026-07-10,55,B4584
4585,8,1,2026-07-13,61,B4585
4586,8,1,2026-07-16,50,B4586
4587,8,1,2026-07-19,56,B4587
4588,8,1,2026-07-22,62,B4588
4589,8,1,2026-07-25,59,B4589
4590,8,1,2026-07-28,58,B4590
4591,8,1,2026-07-31,62,B4591
4592,8,1,2026-08-03,61,B4592
4593,8,2,2026-05-08,73,B4593
4594,8,2,2026-05-10,75,B4594
4595,8,2,2026-05-12,76,B4595
4596,8,2,2026-05-14,65,B4596
4597,8,2,2026-05-16,56,B4597
4598,8,2,2026-05-18,60,B4598
4599,8,2,2026-05-20,59,B4599
4600,8,2,2026-05-22,59,B4600
4601,8,2,2026-05-24,65,B4601
4602,8,2,2026-05-26,71,B4602
4603,8,2,2026-05-28,59,B4603
4604,8,2,2026-05-30,73,B4604
4605,8,2,2026-06-01,70,B4605
4606,8,2,2026-06-03,75,B4606
4607,8,2,2026-06-05,65,B4607
4608,8,2,2026-06-07,67,B4608
4609,8,2,2026-06-09,67,B4609
4610,8,2,2026-06-11,72,B4610
4611,8,2,2026-06-13,63,B4611
4612,8,2,2026-06-15,59,B4612
4613,8,2,2026-06-17,64,B4613
4614,8,2,2026-06-19,70,B4614
4615,8,2,2026-06-21,61,B4615
4616,8,2,2026-06-23,59,B4616
4617,8,2,2026-06-25,65,B4617
4618,8,2,2026-06-27,72,B4618
4619,8,2,2026-06-29,74,B4619
4620,8,2,2026-07-01,56,B4620
4621,8,2,2026-07-03,73,B4621
4622,8,2,2026-07-05,64,B4622
4623,8,2,2026-07-07,59,B4623
4624,8,2,2026-07-09,74,B4624
4625,8,2,2026-07-11,66,B4625
4626,8,2,2026-07-13,73,B4626
4627,8,2,2026-07-15,75,B4627
4628,8,2,2026-07-17,70,B4628
4629,8,2,2026-07-19,58,B4629
4630,8,2,2026-07-21,66,B4630
4631,8,2,2026-07-23,57,B4631
4632,8,2,2026-07-25,58,B4632
4633,8,2,2026-07-27,63,B4633
4634,8,2,2026-07-29,66,B4634
4635,8,2,2026-07-31,60,B4635
4636,8,2,2026-08-02,74,B4636
4637,8,2,2026-08-04,70,B4637
4638,8,3,2026-05-08,42,B4638
4639,8,3,2026-05-11,42,B4639
4640,8,3,2026-05-14,39,B4640
4641,8,3,2026-05-17,43,B4641
4642,8,3,2026-05-20,35,B4642
4643,8,3,2026-05-23,37,B4643
4644,8,3,2026-05-26,40,B4644
4645,8,3,2026-05-29,38,B4645
4646,8,3,2026-06-01,39,B4646
4647,8,3,2026-06-04,43,B4647
4648,8,3,2026-06-07,36,B4648
4649,8,3,2026-06-10,41,B4649
4650,8,3,2026-06-13,41,B4650
4651,8,3,2026-06-16,36,B4651
4652,8,3,2026-06-19,37,B4652
4653,8,3,2026-06-22,38,B4653
4654,8,3,2026-06-25,36,B4654
4655,8,3,2026-06-28,39,B4655
4656,8,3,2026-07-01,37,B4656
4657,8,3,2026-07-04,42,B4657
4658,8,3,2026-07-07,34,B4658
4659,8,3,2026-07-10,42,B4659
4660,8,3,2026-07-13,44,B4660
4661,8,3,2026-07-16,33,B4661
4662,8,3,2026-07-19,34,B4662
4663,8,3,2026-07-22,40,B4663
4664,8,3,2026-07-25,38,B4664
4665,8,3,2026-07-28,43,B4665
4666,8,3,2026-07-31,33,B4666
4667,8,3,2026-08-03,34,B4667
4668,8,4,2026-05-08,98,B4668
4669,8,4,2026-05-11,85,B4669
4670,8,4,2026-05-14,97,B4670
4671,8,4,2026-05-17,97,B4671
4672,8,4,2026-05-20,100,B4672
4673,8,4,2026-05-23,86,B4673
4674,8,4,2026-05-26,84,B4674
4675,8,4,2026-05-29,106,B4675
4676,8,4,2026-06-01,103,B4676
4677,8,4,2026-06-04,95,B4677
4678,8,4,2026-06-07,82,B4678
4679,8,4,2026-06-10,85,B4679
4680,8,4,2026-06-13,86,B4680
4681,8,4,2026-06-16,106,B4681
4682,8,4,2026-06-19,90,B4682
4683,8,4,2026-06-22,87,B4683
4684,8,4,2026-06-25,96,B4684
4685,8,4,2026-06-28,87,B4685
4686,8,4,2026-07-01,89,B4686
4687,8,4,2026-07-04,102,B4687
4688,8,4,2026-07-07,88,B4688
4689,8,4,2026-07-10,82,B4689
4690,8,4,2026-07-13,95,B4690
4691,8,4,2026-07-16,94,B4691
4692,8,4,2026-07-19,92,B4692
4693,8,4,2026-07-22,109,B4693
4694,8,4,2026-07-25,102,B4694
4695,8,4,2026-07-28,103,B4695
4696,8,4,2026-07-31,91,B4696
4697,8,4,2026-08-03,108,B4697
4698,8,5,2026-05-08,40,B4698
4699,8,5,2026-05-10,43,B4699
4700,8,5,2026-05-12,38,B4700
4701,8,5,2026-05-14,41,B4701
4702,8,5,2026-05-16,33,B4702
4703,8,5,2026-05-18,39,B4703
4704,8,5,2026-05-20,39,B4704
4705,8,5,2026-05-22,40,B4705
4706,8,5,2026-05-24,34,B4706
4707,8,5,2026-05-26,33,B4707
4708,8,5,2026-05-28,35,B4708
4709,8,5,2026-05-30,39,B4709
4710,8,5,2026-06-01,35,B4710
4711,8,5,2026-06-03,42,B4711
4712,8,5,2026-06-05,39,B4712
4713,8,5,2026-06-07,36,B4713
4714,8,5,2026-06-09,41,B4714
4715,8,5,2026-06-11,37,B4715
4716,8,5,2026-06-13,43,B4716
4717,8,5,2026-06-15,42,B4717
4718,8,5,2026-06-17,41,B4718
4719,8,5,2026-06-19,35,B4719
4720,8,5,2026-06-21,34,B4720
4721,8,5,2026-06-23,40,B4721
4722,8,5,2026-06-25,35,B4722
4723,8,5,2026-06-27,40,B4723
4724,8,5,2026-06-29,35,B4724
4725,8,5,2026-07-01,34,B4725
4726,8,5,2026-07-03,33,B4726
4727,8,5,2026-07-05,35,B4727
4728,8,5,2026-07-07,36,B4728
4729,8,5,2026-07-09,39,B4729
4730,8,5,2026-07-11,35,B4730
4731,8,5,2026-07-13,40,B4731
4732,8,5,2026-07-15,40,B4732
4733,8,5,2026-07-17,39,B4733
4734,8,5,2026-07-19,38,B4734
4735,8,5,2026-07-21,33,B4735
4736,8,5,2026-07-23,34,B4736
4737,8,5,2026-07-25,35,B4737
4738,8,5,2026-07-27,39,B4738
4739,8,5,2026-07-29,40,B4739
4740,8,5,2026-07-31,35,B4740
4741,8,5,2026-08-02,41,B4741
4742,8,5,2026-08-04,40,B4742
4743,8,6,2026-05-08,55,B4743
4744,8,6,2026-05-11,66,B4744
4745,8,6,2026-05-14,52,B4745
4746,8,6,2026-05-17,54,B4746
4747,8,6,2026-05-20,61,B4747
4748,8,6,2026-05-23,63,B4748
4749,8,6,2026-05-26,52,B4749
4750,8,6,2026-05-29,60,B4750
4751,8,6,2026-06-01,61,B4751
4752,8,6,2026-06-04,67,B4752
4753,8,6,2026-06-07,52,B4753
4754,8,6,2026-06-10,65,B4754
4755,8,6,2026-06-13,51,B4755
4756,8,6,2026-06-16,55,B4756
4757,8,6,2026-06-19,56,B4757
4758,8,6,2026-06-22,64,B4758
4759,8,6,2026-06-25,66,B4759
4760,8,6,2026-06-28,65,B4760
4761,8,6,2026-07-01,57,B4761
4762,8,6,2026-07-04,59,B4762
4763,8,6,2026-07-07,65,B4763
4764,8,6,2026-07-10,67,B4764
4765,8,6,2026-07-13,67,B4765
4766,8,6,2026-07-16,65,B4766
4767,8,6,2026-07-19,64,B4767
4768,8,6,2026-07-22,63,B4768
4769,8,6,2026-07-25,64,B4769
4770,8,6,2026-07-28,67,B4770
4771,8,6,2026-07-31,64,B4771
4772,8,6,2026-08-03,53,B4772
4773,8,7,2026-05-08,67,B4773
4774,8,7,2026-05-11,66,B4774
4775,8,7,2026-05-14,62,B4775
4776,8,7,2026-05-17,55,B4776
4777,8,7,2026-05-20,70,B4777
4778,8,7,2026-05-23,63,B4778
4779,8,7,2026-05-26,68,B4779
4780,8,7,2026-05-29,60,B4780
4781,8,7,2026-06-01,56,B4781
4782,8,7,2026-06-04,57,B4782
4783,8,7,2026-06-07,57,B4783
4784,8,7,2026-06-10,56,B4784
4785,8,7,2026-06-13,66,B4785
4786,8,7,2026-06-16,71,B4786
4787,8,7,2026-06-19,61,B4787
4788,8,7,2026-06-22,59,B4788
4789,8,7,2026-06-25,63,B4789
4790,8,7,2026-06-28,67,B4790
4791,8,7,2026-07-01,60,B4791
4792,8,7,2026-07-04,63,B4792
4793,8,7,2026-07-07,58,B4793
4794,8,7,2026-07-10,64,B4794
4795,8,7,2026-07-13,66,B4795
4796,8,7,2026-07-16,66,B4796
4797,8,7,2026-07-19,60,B4797
4798,8,7,2026-07-22,56,B4798
4799,8,7,2026-07-25,64,B4799
4800,8,7,2026-07-28,61,B4800
4801,8,7,2026-07-31,62,B4801
4802,8,7,2026-08-03,67,B4802
4803,8,8,2026-05-08,41,B4803
4804,8,8,2026-05-10,47,B4804
4805,8,8,2026-05-12,43,B4805
4806,8,8,2026-05-14,46,B4806
4807,8,8,2026-05-16,46,B4807
4808,8,8,2026-05-18,52,B4808
4809,8,8,2026-05-20,43,B4809
4810,8,8,2026-05-22,43,B4810
4811,8,8,2026-05-24,42,B4811
4812,8,8,2026-05-26,50,B4812
4813,8,8,2026-05-28,42,B4813
4814,8,8,2026-05-30,51,B4814
4815,8,8,2026-06-01,47,B4815
4816,8,8,2026-06-03,52,B4816
4817,8,8,2026-06-05,50,B4817
4818,8,8,2026-06-07,46,B4818
4819,8,8,2026-06-09,51,B4819
4820,8,8,2026-06-11,48,B4820
4821,8,8,2026-06-13,42,B4821
4822,8,8,2026-06-15,39,B4822
4823,8,8,2026-06-17,48,B4823
4824,8,8,2026-06-19,44,B4824
4825,8,8,2026-06-21,52,B4825
4826,8,8,2026-06-23,51,B4826
4827,8,8,2026-06-25,45,B4827
4828,8,8,2026-06-27,45,B4828
4829,8,8,2026-06-29,44,B4829
4830,8,8,2026-07-01,51,B4830
4831,8,8,2026-07-03,41,B4831
4832,8,8,2026-07-05,48,B4832
4833,8,8,2026-07-07,49,B4833
4834,8,8,2026-07-09,46,B4834
4835,8,8,2026-07-11,48,B4835
4836,8,8,2026-07-13,42,B4836
4837,8,8,2026-07-15,50,B4837
4838,8,8,2026-07-17,43,B4838
4839,8,8,2026-07-19,47,B4839
4840,8,8,2026-07-21,48,B4840
4841,8,8,2026-07-23,48,B4841
4842,8,8,2026-07-25,42,B4842
4843,8,8,2026-07-27,52,B4843
4844,8,8,2026-07-29,48,B4844
4845,8,8,2026-07-31,44,B4845
4846,8,8,2026-08-02,49,B4846
4847,8,8,2026-08-04,52,B4847
4848,8,9,2026-05-08,51,B4848
4849,8,9,2026-05-11,66,B4849
4850,8,9,2026-05-14,54,B4850
4851,8,9,2026-05-17,57,B4851
4852,8,9,2026-05-20,64,B4852
4853,8,9,2026-05-23,57,B4853
4854,8,9,2026-05-26,65,B4854
4855,8,9,2026-05-29,52,B4855
4856,8,9,2026-06-01,50,B4856
4857,8,9,2026-06-04,66,B4857
4858,8,9,2026-06-07,61,B4858
4859,8,9,2026-06-10,59,B4859
4860,8,9,2026-06-13,58,B4860
4861,8,9,2026-06-16,55,B4861
4862,8,9,2026-06-19,57,B4862
4863,8,9,2026-06-22,59,B4863
4864,8,9,2026-06-25,59,B4864
4865,8,9,2026-06-28,63,B4865
4866,8,9,2026-07-01,55,B4866
4867,8,9,2026-07-04,55,B4867
4868,8,9,2026-07-07,50,B4868
4869,8,9,2026-07-10,55,B4869
4870,8,9,2026-07-13,64,B4870
4871,8,9,2026-07-16,56,B4871
4872,8,9,2026-07-19,50,B4872
4873,8,9,2026-07-22,52,B4873
4874,8,9,2026-07-25,50,B4874
4875,8,9,2026-07-28,56,B4875
4876,8,9,2026-07-31,49,B4876
4877,8,9,2026-08-03,51,B4877
4878,8,10,2026-05-08,51,B4878
4879,8,10,2026-05-11,62,B4879
4880,8,10,2026-05-14,52,B4880
4881,8,10,2026-05-17,68,B4881
4882,8,10,2026-05-20,55,B4882
4883,8,10,2026-05-23,54,B4883
4884,8,10,2026-05-26,60,B4884
4885,8,10,2026-05-29,60,B4885
4886,8,10,2026-06-01,54,B4886
4887,8,10,2026-06-04,56,B4887
4888,8,10,2026-06-07,61,B4888
4889,8,10,2026-06-10,61,B4889
4890,8,10,2026-06-13,56,B4890
4891,8,10,2026-06-16,66,B4891
4892,8,10,2026-06-19,56,B4892
4893,8,10,2026-06-22,54,B4893
4894,8,10,2026-06-25,67,B4894
4895,8,10,2026-06-28,60,B4895
4896,8,10,2026-07-01,54,B4896
4897,8,10,2026-07-04,54,B4897
4898,8,10,2026-07-07,56,B4898
4899,8,10,2026-07-10,58,B4899
4900,8,10,2026-07-13,63,B4900
4901,8,10,2026-07-16,62,B4901
4902,8,10,2026-07-19,61,B4902
4903,8,10,2026-07-22,57,B4903
4904,8,10,2026-07-25,62,B4904
4905,8,10,2026-07-28,61,B4905
4906,8,10,2026-07-31,68,B4906
4907,8,10,2026-08-03,56,B4907
4908,8,11,2026-05-08,14,B4908
4909,8,11,2026-05-10,12,B4909
4910,8,11,2026-05-12,11,B4910
4911,8,11,2026-05-14,14,B4911
4912,8,11,2026-05-16,13,B4912
4913,8,11,2026-05-18,14,B4913
4914,8,11,2026-05-20,12,B4914
4915,8,11,2026-05-22,14,B4915
4916,8,11,2026-05-24,11,B4916
4917,8,11,2026-05-26,13,B4917
4918,8,11,2026-05-28,13,B4918
4919,8,11,2026-05-30,12,B4919
4920,8,11,2026-06-01,12,B4920
4921,8,11,2026-06-03,11,B4921
4922,8,11,2026-06-05,12,B4922
4923,8,11,2026-06-07,13,B4923
4924,8,11,2026-06-09,12,B4924
4925,8,11,2026-06-11,11,B4925
4926,8,11,2026-06-13,14,B4926
4927,8,11,2026-06-15,12,B4927
4928,8,11,2026-06-17,12,B4928
4929,8,11,2026-06-19,14,B4929
4930,8,11,2026-06-21,11,B4930
4931,8,11,2026-06-23,12,B4931
4932,8,11,2026-06-25,12,B4932
4933,8,11,2026-06-27,11,B4933
4934,8,11,2026-06-29,11,B4934
4935,8,11,2026-07-01,14,B4935
4936,8,11,2026-07-03,11,B4936
4937,8,11,2026-07-05,14,B4937
4938,8,11,2026-07-07,13,B4938
4939,8,11,2026-07-09,11,B4939
4940,8,11,2026-07-11,14,B4940
4941,8,11,2026-07-13,12,B4941
4942,8,11,2026-07-15,11,B4942
4943,8,11,2026-07-17,14,B4943
4944,8,11,2026-07-19,11,B4944
4945,8,11,2026-07-21,11,B4945
4946,8,11,2026-07-23,14,B4946
4947,8,11,2026-07-25,14,B4947
4948,8,11,2026-07-27,14,B4948
4949,8,11,2026-07-29,14,B4949
4950,8,11,2026-07-31,12,B4950
4951,8,11,2026-08-02,13,B4951
4952,8,11,2026-08-04,12,B4952
4953,8,12,2026-05-08,19,B4953
4954,8,12,2026-05-10,21,B4954
4955,8,12,2026-05-12,18,B4955
4956,8,12,2026-05-14,18,B4956
4957,8,12,2026-05-16,21,B4957
4958,8,12,2026-05-18,19,B4958
4959,8,12,2026-05-20,22,B4959
4960,8,12,2026-05-22,19,B4960
4961,8,12,2026-05-24,23,B4961
4962,8,12,2026-05-26,18,B4962
4963,8,12,2026-05-28,19,B4963
4964,8,12,2026-05-30,19,B4964
4965,8,12,2026-06-01,20,B4965
4966,8,12,2026-06-03,23,B4966
4967,8,12,2026-06-05,23,B4967
4968,8,12,2026-06-07,20,B4968
4969,8,12,2026-06-09,19,B4969
4970,8,12,2026-06-11,18,B4970
4971,8,12,2026-06-13,21,B4971
4972,8,12,2026-06-15,22,B4972
4973,8,12,2026-06-17,23,B4973
4974,8,12,2026-06-19,24,B4974
4975,8,12,2026-06-21,21,B4975
4976,8,12,2026-06-23,24,B4976
4977,8,12,2026-06-25,21,B4977
4978,8,12,2026-06-27,20,B4978
4979,8,12,2026-06-29,20,B4979
4980,8,12,2026-07-01,19,B4980
4981,8,12,2026-07-03,21,B4981
4982,8,12,2026-07-05,21,B4982
4983,8,12,2026-07-07,20,B4983
4984,8,12,2026-07-09,22,B4984
4985,8,12,2026-07-11,21,B4985
4986,8,12,2026-07-13,22,B4986
4987,8,12,2026-07-15,23,B4987
4988,8,12,2026-07-17,21,B4988
4989,8,12,2026-07-19,22,B4989
4990,8,12,2026-07-21,22,B4990
4991,8,12,2026-07-23,17,B4991
4992,8,12,2026-07-25,23,B4992
4993,8,12,2026-07-27,20,B4993
4994,8,12,2026-07-29,23,B4994
4995,8,12,2026-07-31,18,B4995
4996,8,12,2026-08-02,22,B4996
4997,8,12,2026-08-04,23,B4997
4998,8,13,2026-05-08,18,B4998
4999,8,13,2026-05-10,21,B4999
5000,8,13,2026-05-12,21,B5000
5001,8,13,2026-05-14,17,B5001
5002,8,13,2026-05-16,19,B5002
5003,8,13,2026-05-18,20,B5003
5004,8,13,2026-05-20,17,B5004
5005,8,13,2026-05-22,16,B5005
5006,8,13,2026-05-24,18,B5006
5007,8,13,2026-05-26,17,B5007
5008,8,13,2026-05-28,21,B5008
5009,8,13,2026-05-30,18,B5009
5010,8,13,2026-06-01,19,B5010
5011,8,13,2026-06-03,21,B5011
5012,8,13,2026-06-05,20,B5012
5013,8,13,2026-06-07,17,B5013
5014,8,13,2026-06-09,19,B5014
5015,8,13,2026-06-11,19,B5015
5016,8,13,2026-06-13,21,B5016
5017,8,13,2026-06-15,20,B5017
5018,8,13,2026-06-17,21,B5018
5019,8,13,2026-06-19,20,B5019
5020,8,13,2026-06-21,19,B5020
5021,8,13,2026-06-23,18,B5021
5022,8,13,2026-06-25,18,B5022
5023,8,13,2026-06-27,20,B5023
5024,8,13,2026-06-29,18,B5024
5025,8,13,2026-07-01,19,B5025
5026,8,13,2026-07-03,18,B5026
5027,8,13,2026-07-05,19,B5027
5028,8,13,2026-07-07,19,B5028
5029,8,13,2026-07-09,18,B5029
5030,8,13,2026-07-11,19,B5030
5031,8,13,2026-07-13,20,B5031
5032,8,13,2026-07-15,19,B5032
5033,8,13,2026-07-17,16,B5033
5034,8,13,2026-07-19,18,B5034
5035,8,13,2026-07-21,20,B5035
5036,8,13,2026-07-23,20,B5036
5037,8,13,2026-07-25,19,B5037
5038,8,13,2026-07-27,17,B5038
5039,8,13,2026-07-29,20,B5039
5040,8,13,2026-07-31,21,B5040
5041,8,13,2026-08-02,16,B5041
5042,8,13,2026-08-04,16,B5042
5043,8,14,2026-05-08,22,B5043
5044,8,14,2026-05-11,24,B5044
5045,8,14,2026-05-14,21,B5045
5046,8,14,2026-05-17,27,B5046
5047,8,14,2026-05-20,23,B5047
5048,8,14,2026-05-23,27,B5048
5049,8,14,2026-05-26,28,B5049
5050,8,14,2026-05-29,21,B5050
5051,8,14,2026-06-01,27,B5051
5052,8,14,2026-06-04,27,B5052
5053,8,14,2026-06-07,26,B5053
5054,8,14,2026-06-10,27,B5054
5055,8,14,2026-06-13,22,B5055
5056,8,14,2026-06-16,26,B5056
5057,8,14,2026-06-19,25,B5057
5058,8,14,2026-06-22,22,B5058
5059,8,14,2026-06-25,24,B5059
5060,8,14,2026-06-28,21,B5060
5061,8,14,2026-07-01,25,B5061
5062,8,14,2026-07-04,22,B5062
5063,8,14,2026-07-07,22,B5063
5064,8,14,2026-07-10,23,B5064
5065,8,14,2026-07-13,24,B5065
5066,8,14,2026-07-16,28,B5066
5067,8,14,2026-07-19,21,B5067
5068,8,14,2026-07-22,27,B5068
5069,8,14,2026-07-25,24,B5069
5070,8,14,2026-07-28,23,B5070
5071,8,14,2026-07-31,22,B5071
5072,8,14,2026-08-03,22,B5072
5073,8,15,2026-05-08,224,B5073
5074,8,15,2026-05-20,215,B5074
5075,8,15,2026-06-01,176,B5075
5076,8,15,2026-06-13,216,B5076
5077,8,15,2026-06-25,199,B5077
5078,8,15,2026-07-07,189,B5078
5079,8,15,2026-07-19,171,B5079
5080,8,16,2026-05-08,142,B5080
5081,8,16,2026-05-18,173,B5081
5082,8,16,2026-05-28,182,B5082
5083,8,16,2026-06-07,149,B5083
5084,8,16,2026-06-17,182,B5084
5085,8,16,2026-06-27,169,B5085
5086,8,16,2026-07-07,142,B5086
5087,8,16,2026-07-17,138,B5087
5088,8,16,2026-07-27,178,B5088
5089,8,17,2026-05-08,251,B5089
5090,8,17,2026-05-21,284,B5090
5091,8,17,2026-06-03,294,B5091
5092,8,17,2026-06-16,278,B5092
5093,8,17,2026-06-29,259,B5093
5094,8,17,2026-07-12,283,B5094
5095,8,18,2026-05-08,301,B5095
5096,8,18,2026-05-24,302,B5096
5097,8,18,2026-06-09,250,B5097
5098,8,18,2026-06-25,275,B5098
5099,8,18,2026-07-11,298,B5099
5100,8,19,2026-05-08,127,B5100
5101,8,19,2026-05-18,127,B5101
5102,8,19,2026-05-28,139,B5102
5103,8,19,2026-06-07,133,B5103
5104,8,19,2026-06-17,136,B5104
5105,8,19,2026-06-27,114,B5105
5106,8,19,2026-07-07,109,B5106
5107,8,19,2026-07-17,127,B5107
5108,8,19,2026-07-27,119,B5108
5109,8,20,2026-05-08,121,B5109
5110,8,20,2026-05-20,141,B5110
5111,8,20,2026-06-01,131,B5111
5112,8,20,2026-06-13,129,B5112
5113,8,20,2026-06-25,132,B5113
5114,8,20,2026-07-07,142,B5114
5115,8,20,2026-07-19,134,B5115
5116,8,21,2026-05-08,249,B5116
5117,8,21,2026-05-24,245,B5117
5118,8,21,2026-06-09,262,B5118
5119,8,21,2026-06-25,296,B5119
5120,8,21,2026-07-11,260,B5120
5121,8,22,2026-05-08,250,B5121
5122,8,22,2026-05-18,234,B5122
5123,8,22,2026-05-28,238,B5123
5124,8,22,2026-06-07,194,B5124
5125,8,22,2026-06-17,223,B5125
5126,8,22,2026-06-27,233,B5126
5127,8,22,2026-07-07,218,B5127
5128,8,22,2026-07-17,195,B5128
5129,8,22,2026-07-27,253,B5129
5130,8,23,2026-05-08,68,B5130
5131,8,23,2026-05-22,86,B5131
5132,8,23,2026-06-05,77,B5132
5133,8,23,2026-06-19,83,B5133
5134,8,23,2026-07-03,72,B5134
5135,8,23,2026-07-17,67,B5135
5136,8,24,2026-05-08,74,B5136
5137,8,24,2026-05-20,66,B5137
5138,8,24,2026-06-01,77,B5138
5139,8,24,2026-06-13,83,B5139
5140,8,24,2026-06-25,69,B5140
5141,8,24,2026-07-07,75,B5141
5142,8,24,2026-07-19,75,B5142
5143,8,25,2026-05-08,146,B5143
5144,8,25,2026-05-21,139,B5144
5145,8,25,2026-06-03,143,B5145
5146,8,25,2026-06-16,136,B5146
5147,8,25,2026-06-29,125,B5147
5148,8,25,2026-07-12,125,B5148
5149,8,26,2026-05-08,59,B5149
5150,8,26,2026-05-18,59,B5150
5151,8,26,2026-05-28,62,B5151
5152,8,26,2026-06-07,53,B5152
5153,8,26,2026-06-17,56,B5153
5154,8,26,2026-06-27,65,B5154
5155,8,26,2026-07-07,67,B5155
5156,8,26,2026-07-17,58,B5156
5157,8,26,2026-07-27,64,B5157
5158,8,27,2026-05-08,64,B5158
5159,8,27,2026-05-20,63,B5159
5160,8,27,2026-06-01,71,B5160
5161,8,27,2026-06-13,74,B5161
5162,8,27,2026-06-25,71,B5162
5163,8,27,2026-07-07,70,B5163
5164,8,27,2026-07-19,81,B5164
5165,8,28,2026-05-08,96,B5165
5166,8,28,2026-05-25,101,B5166
5167,8,28,2026-06-11,97,B5167
5168,8,28,2026-06-28,100,B5168
5169,8,28,2026-07-15,93,B5169
5170,8,29,2026-05-08,90,B5170
5171,8,29,2026-05-23,90,B5171
5172,8,29,2026-06-07,74,B5172
5173,8,29,2026-06-22,84,B5173
5174,8,29,2026-07-07,80,B5174
5175,8,29,2026-07-22,82,B5175
5176,8,30,2026-05-08,79,B5176
5177,8,30,2026-05-22,86,B5177
5178,8,30,2026-06-05,65,B5178
5179,8,30,2026-06-19,77,B5179
5180,8,30,2026-07-03,66,B5180
5181,8,30,2026-07-17,74,B5181
5182,8,31,2026-05-08,50,B5182
5183,8,31,2026-05-18,59,B5183
5184,8,31,2026-05-28,64,B5184
5185,8,31,2026-06-07,51,B5185
5186,8,31,2026-06-17,51,B5186
5187,8,31,2026-06-27,49,B5187
5188,8,31,2026-07-07,51,B5188
5189,8,31,2026-07-17,57,B5189
5190,8,31,2026-07-27,56,B5190
5191,8,32,2026-05-08,99,B5191
5192,8,32,2026-05-21,92,B5192
5193,8,32,2026-06-03,103,B5193
5194,8,32,2026-06-16,90,B5194
5195,8,32,2026-06-29,106,B5195
5196,8,32,2026-07-12,90,B5196
5197,8,33,2026-05-08,124,B5197
5198,8,33,2026-05-24,105,B5198
5199,8,33,2026-06-09,104,B5199
5200,8,33,2026-06-25,128,B5200
5201,8,33,2026-07-11,124,B5201
5202,8,34,2026-05-08,124,B5202
5203,8,34,2026-05-21,117,B5203
5204,8,34,2026-06-03,108,B5204
5205,8,34,2026-06-16,120,B5205
5206,8,34,2026-06-29,118,B5206
5207,8,34,2026-07-12,129,B5207
5208,9,1,2026-05-08,47,B5208
5209,9,1,2026-05-11,56,B5209
5210,9,1,2026-05-14,48,B5210
5211,9,1,2026-05-17,45,B5211
5212,9,1,2026-05-20,54,B5212
5213,9,1,2026-05-23,46,B5213
5214,9,1,2026-05-26,58,B5214
5215,9,1,2026-05-29,58,B5215
5216,9,1,2026-06-01,58,B5216
5217,9,1,2026-06-04,59,B5217
5218,9,1,2026-06-07,59,B5218
5219,9,1,2026-06-10,53,B5219
5220,9,1,2026-06-13,46,B5220
5221,9,1,2026-06-16,60,B5221
5222,9,1,2026-06-19,58,B5222
5223,9,1,2026-06-22,47,B5223
5224,9,1,2026-06-25,50,B5224
5225,9,1,2026-06-28,45,B5225
5226,9,1,2026-07-01,52,B5226
5227,9,1,2026-07-04,49,B5227
5228,9,1,2026-07-07,52,B5228
5229,9,1,2026-07-10,53,B5229
5230,9,1,2026-07-13,59,B5230
5231,9,1,2026-07-16,46,B5231
5232,9,1,2026-07-19,48,B5232
5233,9,1,2026-07-22,55,B5233
5234,9,1,2026-07-25,49,B5234
5235,9,1,2026-07-28,52,B5235
5236,9,1,2026-07-31,54,B5236
5237,9,1,2026-08-03,48,B5237
5238,9,2,2026-05-08,58,B5238
5239,9,2,2026-05-11,56,B5239
5240,9,2,2026-05-14,57,B5240
5241,9,2,2026-05-17,65,B5241
5242,9,2,2026-05-20,60,B5242
5243,9,2,2026-05-23,52,B5243
5244,9,2,2026-05-26,52,B5244
5245,9,2,2026-05-29,56,B5245
5246,9,2,2026-06-01,57,B5246
5247,9,2,2026-06-04,65,B5247
5248,9,2,2026-06-07,52,B5248
5249,9,2,2026-06-10,69,B5249
5250,9,2,2026-06-13,54,B5250
5251,9,2,2026-06-16,68,B5251
5252,9,2,2026-06-19,52,B5252
5253,9,2,2026-06-22,66,B5253
5254,9,2,2026-06-25,56,B5254
5255,9,2,2026-06-28,63,B5255
5256,9,2,2026-07-01,69,B5256
5257,9,2,2026-07-04,67,B5257
5258,9,2,2026-07-07,68,B5258
5259,9,2,2026-07-10,64,B5259
5260,9,2,2026-07-13,67,B5260
5261,9,2,2026-07-16,54,B5261
5262,9,2,2026-07-19,56,B5262
5263,9,2,2026-07-22,66,B5263
5264,9,2,2026-07-25,59,B5264
5265,9,2,2026-07-28,68,B5265
5266,9,2,2026-07-31,55,B5266
5267,9,2,2026-08-03,67,B5267
5268,9,3,2026-05-08,33,B5268
5269,9,3,2026-05-10,41,B5269
5270,9,3,2026-05-12,37,B5270
5271,9,3,2026-05-14,38,B5271
5272,9,3,2026-05-16,44,B5272
5273,9,3,2026-05-18,40,B5273
5274,9,3,2026-05-20,37,B5274
5275,9,3,2026-05-22,41,B5275
5276,9,3,2026-05-24,38,B5276
5277,9,3,2026-05-26,33,B5277
5278,9,3,2026-05-28,35,B5278
5279,9,3,2026-05-30,36,B5279
5280,9,3,2026-06-01,43,B5280
5281,9,3,2026-06-03,34,B5281
5282,9,3,2026-06-05,42,B5282
5283,9,3,2026-06-07,39,B5283
5284,9,3,2026-06-09,35,B5284
5285,9,3,2026-06-11,39,B5285
5286,9,3,2026-06-13,41,B5286
5287,9,3,2026-06-15,40,B5287
5288,9,3,2026-06-17,41,B5288
5289,9,3,2026-06-19,37,B5289
5290,9,3,2026-06-21,35,B5290
5291,9,3,2026-06-23,35,B5291
5292,9,3,2026-06-25,42,B5292
5293,9,3,2026-06-27,44,B5293
5294,9,3,2026-06-29,35,B5294
5295,9,3,2026-07-01,43,B5295
5296,9,3,2026-07-03,44,B5296
5297,9,3,2026-07-05,37,B5297
5298,9,3,2026-07-07,40,B5298
5299,9,3,2026-07-09,42,B5299
5300,9,3,2026-07-11,35,B5300
5301,9,3,2026-07-13,41,B5301
5302,9,3,2026-07-15,39,B5302
5303,9,3,2026-07-17,39,B5303
5304,9,3,2026-07-19,40,B5304
5305,9,3,2026-07-21,34,B5305
5306,9,3,2026-07-23,40,B5306
5307,9,3,2026-07-25,44,B5307
5308,9,3,2026-07-27,44,B5308
5309,9,3,2026-07-29,44,B5309
5310,9,3,2026-07-31,40,B5310
5311,9,3,2026-08-02,34,B5311
5312,9,3,2026-08-04,42,B5312
5313,9,4,2026-05-08,41,B5313
5314,9,4,2026-05-10,40,B5314
5315,9,4,2026-05-12,38,B5315
5316,9,4,2026-05-14,34,B5316
5317,9,4,2026-05-16,35,B5317
5318,9,4,2026-05-18,39,B5318
5319,9,4,2026-05-20,39,B5319
5320,9,4,2026-05-22,36,B5320
5321,9,4,2026-05-24,37,B5321
5322,9,4,2026-05-26,34,B5322
5323,9,4,2026-05-28,34,B5323
5324,9,4,2026-05-30,38,B5324
5325,9,4,2026-06-01,40,B5325
5326,9,4,2026-06-03,38,B5326
5327,9,4,2026-06-05,37,B5327
5328,9,4,2026-06-07,35,B5328
5329,9,4,2026-06-09,39,B5329
5330,9,4,2026-06-11,41,B5330
5331,9,4,2026-06-13,34,B5331
5332,9,4,2026-06-15,43,B5332
5333,9,4,2026-06-17,41,B5333
5334,9,4,2026-06-19,43,B5334
5335,9,4,2026-06-21,37,B5335
5336,9,4,2026-06-23,44,B5336
5337,9,4,2026-06-25,41,B5337
5338,9,4,2026-06-27,39,B5338
5339,9,4,2026-06-29,43,B5339
5340,9,4,2026-07-01,42,B5340
5341,9,4,2026-07-03,37,B5341
5342,9,4,2026-07-05,37,B5342
5343,9,4,2026-07-07,39,B5343
5344,9,4,2026-07-09,39,B5344
5345,9,4,2026-07-11,42,B5345
5346,9,4,2026-07-13,42,B5346
5347,9,4,2026-07-15,41,B5347
5348,9,4,2026-07-17,41,B5348
5349,9,4,2026-07-19,37,B5349
5350,9,4,2026-07-21,41,B5350
5351,9,4,2026-07-23,44,B5351
5352,9,4,2026-07-25,45,B5352
5353,9,4,2026-07-27,40,B5353
5354,9,4,2026-07-29,42,B5354
5355,9,4,2026-07-31,36,B5355
5356,9,4,2026-08-02,43,B5356
5357,9,4,2026-08-04,34,B5357
5358,9,5,2026-05-08,40,B5358
5359,9,5,2026-05-10,32,B5359
5360,9,5,2026-05-12,37,B5360
5361,9,5,2026-05-14,37,B5361
5362,9,5,2026-05-16,42,B5362
5363,9,5,2026-05-18,41,B5363
5364,9,5,2026-05-20,42,B5364
5365,9,5,2026-05-22,36,B5365
5366,9,5,2026-05-24,37,B5366
5367,9,5,2026-05-26,40,B5367
5368,9,5,2026-05-28,33,B5368
5369,9,5,2026-05-30,34,B5369
5370,9,5,2026-06-01,42,B5370
5371,9,5,2026-06-03,41,B5371
5372,9,5,2026-06-05,36,B5372
5373,9,5,2026-06-07,43,B5373
5374,9,5,2026-06-09,40,B5374
5375,9,5,2026-06-11,32,B5375
5376,9,5,2026-06-13,34,B5376
5377,9,5,2026-06-15,36,B5377
5378,9,5,2026-06-17,36,B5378
5379,9,5,2026-06-19,39,B5379
5380,9,5,2026-06-21,34,B5380
5381,9,5,2026-06-23,38,B5381
5382,9,5,2026-06-25,33,B5382
5383,9,5,2026-06-27,39,B5383
5384,9,5,2026-06-29,42,B5384
5385,9,5,2026-07-01,37,B5385
5386,9,5,2026-07-03,42,B5386
5387,9,5,2026-07-05,38,B5387
5388,9,5,2026-07-07,34,B5388
5389,9,5,2026-07-09,35,B5389
5390,9,5,2026-07-11,33,B5390
5391,9,5,2026-07-13,43,B5391
5392,9,5,2026-07-15,32,B5392
5393,9,5,2026-07-17,41,B5393
5394,9,5,2026-07-19,43,B5394
5395,9,5,2026-07-21,34,B5395
5396,9,5,2026-07-23,43,B5396
5397,9,5,2026-07-25,39,B5397
5398,9,5,2026-07-27,32,B5398
5399,9,5,2026-07-29,33,B5399
5400,9,5,2026-07-31,33,B5400
5401,9,5,2026-08-02,37,B5401
5402,9,5,2026-08-04,35,B5402
5403,9,6,2026-05-08,41,B5403
5404,9,6,2026-05-10,33,B5404
5405,9,6,2026-05-12,37,B5405
5406,9,6,2026-05-14,34,B5406
5407,9,6,2026-05-16,39,B5407
5408,9,6,2026-05-18,43,B5408
5409,9,6,2026-05-20,44,B5409
5410,9,6,2026-05-22,39,B5410
5411,9,6,2026-05-24,39,B5411
5412,9,6,2026-05-26,36,B5412
5413,9,6,2026-05-28,42,B5413
5414,9,6,2026-05-30,34,B5414
5415,9,6,2026-06-01,37,B5415
5416,9,6,2026-06-03,42,B5416
5417,9,6,2026-06-05,43,B5417
5418,9,6,2026-06-07,36,B5418
5419,9,6,2026-06-09,40,B5419
5420,9,6,2026-06-11,42,B5420
5421,9,6,2026-06-13,34,B5421
5422,9,6,2026-06-15,36,B5422
5423,9,6,2026-06-17,39,B5423
5424,9,6,2026-06-19,40,B5424
5425,9,6,2026-06-21,40,B5425
5426,9,6,2026-06-23,40,B5426
5427,9,6,2026-06-25,41,B5427
5428,9,6,2026-06-27,42,B5428
5429,9,6,2026-06-29,43,B5429
5430,9,6,2026-07-01,42,B5430
5431,9,6,2026-07-03,33,B5431
5432,9,6,2026-07-05,39,B5432
5433,9,6,2026-07-07,41,B5433
5434,9,6,2026-07-09,41,B5434
5435,9,6,2026-07-11,36,B5435
5436,9,6,2026-07-13,36,B5436
5437,9,6,2026-07-15,34,B5437
5438,9,6,2026-07-17,42,B5438
5439,9,6,2026-07-19,42,B5439
5440,9,6,2026-07-21,41,B5440
5441,9,6,2026-07-23,39,B5441
5442,9,6,2026-07-25,38,B5442
5443,9,6,2026-07-27,39,B5443
5444,9,6,2026-07-29,40,B5444
5445,9,6,2026-07-31,40,B5445
5446,9,6,2026-08-02,36,B5446
5447,9,6,2026-08-04,38,B5447
5448,9,7,2026-05-08,52,B5448
5449,9,7,2026-05-11,54,B5449
5450,9,7,2026-05-14,61,B5450
5451,9,7,2026-05-17,53,B5451
5452,9,7,2026-05-20,60,B5452
5453,9,7,2026-05-23,59,B5453
5454,9,7,2026-05-26,51,B5454
5455,9,7,2026-05-29,50,B5455
5456,9,7,2026-06-01,45,B5456
5457,9,7,2026-06-04,52,B5457
5458,9,7,2026-06-07,48,B5458
5459,9,7,2026-06-10,56,B5459
5460,9,7,2026-06-13,58,B5460
5461,9,7,2026-06-16,49,B5461
5462,9,7,2026-06-19,55,B5462
5463,9,7,2026-06-22,50,B5463
5464,9,7,2026-06-25,57,B5464
5465,9,7,2026-06-28,59,B5465
5466,9,7,2026-07-01,49,B5466
5467,9,7,2026-07-04,57,B5467
5468,9,7,2026-07-07,50,B5468
5469,9,7,2026-07-10,52,B5469
5470,9,7,2026-07-13,58,B5470
5471,9,7,2026-07-16,51,B5471
5472,9,7,2026-07-19,52,B5472
5473,9,7,2026-07-22,49,B5473
5474,9,7,2026-07-25,58,B5474
5475,9,7,2026-07-28,58,B5475
5476,9,7,2026-07-31,46,B5476
5477,9,7,2026-08-03,50,B5477
5478,9,8,2026-05-08,54,B5478
5479,9,8,2026-05-11,58,B5479
5480,9,8,2026-05-14,60,B5480
5481,9,8,2026-05-17,56,B5481
5482,9,8,2026-05-20,59,B5482
5483,9,8,2026-05-23,46,B5483
5484,9,8,2026-05-26,54,B5484
5485,9,8,2026-05-29,48,B5485
5486,9,8,2026-06-01,61,B5486
5487,9,8,2026-06-04,51,B5487
5488,9,8,2026-06-07,50,B5488
5489,9,8,2026-06-10,60,B5489
5490,9,8,2026-06-13,60,B5490
5491,9,8,2026-06-16,54,B5491
5492,9,8,2026-06-19,61,B5492
5493,9,8,2026-06-22,46,B5493
5494,9,8,2026-06-25,59,B5494
5495,9,8,2026-06-28,59,B5495
5496,9,8,2026-07-01,60,B5496
5497,9,8,2026-07-04,49,B5497
5498,9,8,2026-07-07,46,B5498
5499,9,8,2026-07-10,52,B5499
5500,9,8,2026-07-13,50,B5500
5501,9,8,2026-07-16,54,B5501
5502,9,8,2026-07-19,61,B5502
5503,9,8,2026-07-22,51,B5503
5504,9,8,2026-07-25,48,B5504
5505,9,8,2026-07-28,57,B5505
5506,9,8,2026-07-31,54,B5506
5507,9,8,2026-08-03,50,B5507
5508,9,9,2026-05-08,35,B5508
5509,9,9,2026-05-10,38,B5509
5510,9,9,2026-05-12,42,B5510
5511,9,9,2026-05-14,39,B5511
5512,9,9,2026-05-16,38,B5512
5513,9,9,2026-05-18,42,B5513
5514,9,9,2026-05-20,33,B5514
5515,9,9,2026-05-22,41,B5515
5516,9,9,2026-05-24,42,B5516
5517,9,9,2026-05-26,42,B5517
5518,9,9,2026-05-28,34,B5518
5519,9,9,2026-05-30,35,B5519
5520,9,9,2026-06-01,35,B5520
5521,9,9,2026-06-03,33,B5521
5522,9,9,2026-06-05,39,B5522
5523,9,9,2026-06-07,39,B5523
5524,9,9,2026-06-09,33,B5524
5525,9,9,2026-06-11,34,B5525
5526,9,9,2026-06-13,38,B5526
5527,9,9,2026-06-15,40,B5527
5528,9,9,2026-06-17,42,B5528
5529,9,9,2026-06-19,33,B5529
5530,9,9,2026-06-21,42,B5530
5531,9,9,2026-06-23,35,B5531
5532,9,9,2026-06-25,38,B5532
5533,9,9,2026-06-27,35,B5533
5534,9,9,2026-06-29,38,B5534
5535,9,9,2026-07-01,34,B5535
5536,9,9,2026-07-03,33,B5536
5537,9,9,2026-07-05,35,B5537
5538,9,9,2026-07-07,35,B5538
5539,9,9,2026-07-09,38,B5539
5540,9,9,2026-07-11,36,B5540
5541,9,9,2026-07-13,35,B5541
5542,9,9,2026-07-15,41,B5542
5543,9,9,2026-07-17,33,B5543
5544,9,9,2026-07-19,34,B5544
5545,9,9,2026-07-21,39,B5545
5546,9,9,2026-07-23,41,B5546
5547,9,9,2026-07-25,40,B5547
5548,9,9,2026-07-27,32,B5548
5549,9,9,2026-07-29,33,B5549
5550,9,9,2026-07-31,42,B5550
5551,9,9,2026-08-02,37,B5551
5552,9,9,2026-08-04,38,B5552
5553,9,10,2026-05-08,40,B5553
5554,9,10,2026-05-10,34,B5554
5555,9,10,2026-05-12,43,B5555
5556,9,10,2026-05-14,37,B5556
5557,9,10,2026-05-16,42,B5557
5558,9,10,2026-05-18,32,B5558
5559,9,10,2026-05-20,39,B5559
5560,9,10,2026-05-22,39,B5560
5561,9,10,2026-05-24,32,B5561
5562,9,10,2026-05-26,35,B5562
5563,9,10,2026-05-28,38,B5563
5564,9,10,2026-05-30,34,B5564
5565,9,10,2026-06-01,33,B5565
5566,9,10,2026-06-03,33,B5566
5567,9,10,2026-06-05,33,B5567
5568,9,10,2026-06-07,35,B5568
5569,9,10,2026-06-09,34,B5569
5570,9,10,2026-06-11,41,B5570
5571,9,10,2026-06-13,33,B5571
5572,9,10,2026-06-15,39,B5572
5573,9,10,2026-06-17,36,B5573
5574,9,10,2026-06-19,34,B5574
5575,9,10,2026-06-21,43,B5575
5576,9,10,2026-06-23,40,B5576
5577,9,10,2026-06-25,38,B5577
5578,9,10,2026-06-27,41,B5578
5579,9,10,2026-06-29,43,B5579
5580,9,10,2026-07-01,41,B5580
5581,9,10,2026-07-03,38,B5581
5582,9,10,2026-07-05,39,B5582
5583,9,10,2026-07-07,40,B5583
5584,9,10,2026-07-09,34,B5584
5585,9,10,2026-07-11,41,B5585
5586,9,10,2026-07-13,41,B5586
5587,9,10,2026-07-15,36,B5587
5588,9,10,2026-07-17,39,B5588
5589,9,10,2026-07-19,42,B5589
5590,9,10,2026-07-21,34,B5590
5591,9,10,2026-07-23,41,B5591
5592,9,10,2026-07-25,39,B5592
5593,9,10,2026-07-27,38,B5593
5594,9,10,2026-07-29,34,B5594
5595,9,10,2026-07-31,38,B5595
5596,9,10,2026-08-02,41,B5596
5597,9,10,2026-08-04,40,B5597
5598,9,11,2026-05-08,32,B5598
5599,9,11,2026-05-11,27,B5599
5600,9,11,2026-05-14,30,B5600
5601,9,11,2026-05-17,27,B5601
5602,9,11,2026-05-20,27,B5602
5603,9,11,2026-05-23,31,B5603
5604,9,11,2026-05-26,28,B5604
5605,9,11,2026-05-29,30,B5605
5606,9,11,2026-06-01,33,B5606
5607,9,11,2026-06-04,33,B5607
5608,9,11,2026-06-07,30,B5608
5609,9,11,2026-06-10,28,B5609
5610,9,11,2026-06-13,29,B5610
5611,9,11,2026-06-16,26,B5611
5612,9,11,2026-06-19,32,B5612
5613,9,11,2026-06-22,32,B5613
5614,9,11,2026-06-25,32,B5614
5615,9,11,2026-06-28,34,B5615
5616,9,11,2026-07-01,29,B5616
5617,9,11,2026-07-04,33,B5617
5618,9,11,2026-07-07,27,B5618
5619,9,11,2026-07-10,32,B5619
5620,9,11,2026-07-13,32,B5620
5621,9,11,2026-07-16,26,B5621
5622,9,11,2026-07-19,27,B5622
5623,9,11,2026-07-22,30,B5623
5624,9,11,2026-07-25,33,B5624
5625,9,11,2026-07-28,28,B5625
5626,9,11,2026-07-31,34,B5626
5627,9,11,2026-08-03,27,B5627
5628,9,12,2026-05-08,18,B5628
5629,9,12,2026-05-10,18,B5629
5630,9,12,2026-05-12,17,B5630
5631,9,12,2026-05-14,16,B5631
5632,9,12,2026-05-16,16,B5632
5633,9,12,2026-05-18,16,B5633
5634,9,12,2026-05-20,16,B5634
5635,9,12,2026-05-22,20,B5635
5636,9,12,2026-05-24,18,B5636
5637,9,12,2026-05-26,16,B5637
5638,9,12,2026-05-28,15,B5638
5639,9,12,2026-05-30,19,B5639
5640,9,12,2026-06-01,20,B5640
5641,9,12,2026-06-03,17,B5641
5642,9,12,2026-06-05,19,B5642
5643,9,12,2026-06-07,15,B5643
5644,9,12,2026-06-09,16,B5644
5645,9,12,2026-06-11,20,B5645
5646,9,12,2026-06-13,17,B5646
5647,9,12,2026-06-15,20,B5647
5648,9,12,2026-06-17,20,B5648
5649,9,12,2026-06-19,18,B5649
5650,9,12,2026-06-21,17,B5650
5651,9,12,2026-06-23,19,B5651
5652,9,12,2026-06-25,20,B5652
5653,9,12,2026-06-27,19,B5653
5654,9,12,2026-06-29,19,B5654
5655,9,12,2026-07-01,17,B5655
5656,9,12,2026-07-03,18,B5656
5657,9,12,2026-07-05,16,B5657
5658,9,12,2026-07-07,20,B5658
5659,9,12,2026-07-09,17,B5659
5660,9,12,2026-07-11,15,B5660
5661,9,12,2026-07-13,16,B5661
5662,9,12,2026-07-15,20,B5662
5663,9,12,2026-07-17,17,B5663
5664,9,12,2026-07-19,16,B5664
5665,9,12,2026-07-21,18,B5665
5666,9,12,2026-07-23,18,B5666
5667,9,12,2026-07-25,15,B5667
5668,9,12,2026-07-27,15,B5668
5669,9,12,2026-07-29,20,B5669
5670,9,12,2026-07-31,16,B5670
5671,9,12,2026-08-02,17,B5671
5672,9,12,2026-08-04,18,B5672
5673,9,13,2026-05-08,30,B5673
5674,9,13,2026-05-11,29,B5674
5675,9,13,2026-05-14,32,B5675
5676,9,13,2026-05-17,28,B5676
5677,9,13,2026-05-20,29,B5677
5678,9,13,2026-05-23,33,B5678
5679,9,13,2026-05-26,33,B5679
5680,9,13,2026-05-29,30,B5680
5681,9,13,2026-06-01,34,B5681
5682,9,13,2026-06-04,35,B5682
5683,9,13,2026-06-07,31,B5683
5684,9,13,2026-06-10,35,B5684
5685,9,13,2026-06-13,34,B5685
5686,9,13,2026-06-16,30,B5686
5687,9,13,2026-06-19,34,B5687
5688,9,13,2026-06-22,35,B5688
5689,9,13,2026-06-25,33,B5689
5690,9,13,2026-06-28,30,B5690
5691,9,13,2026-07-01,28,B5691
5692,9,13,2026-07-04,27,B5692
5693,9,13,2026-07-07,27,B5693
5694,9,13,2026-07-10,30,B5694
5695,9,13,2026-07-13,33,B5695
5696,9,13,2026-07-16,32,B5696
5697,9,13,2026-07-19,32,B5697
5698,9,13,2026-07-22,34,B5698
5699,9,13,2026-07-25,30,B5699
5700,9,13,2026-07-28,28,B5700
5701,9,13,2026-07-31,33,B5701
5702,9,13,2026-08-03,31,B5702
5703,9,14,2026-05-08,18,B5703
5704,9,14,2026-05-10,20,B5704
5705,9,14,2026-05-12,19,B5705
5706,9,14,2026-05-14,17,B5706
5707,9,14,2026-05-16,18,B5707
5708,9,14,2026-05-18,17,B5708
5709,9,14,2026-05-20,15,B5709
5710,9,14,2026-05-22,18,B5710
5711,9,14,2026-05-24,19,B5711
5712,9,14,2026-05-26,17,B5712
5713,9,14,2026-05-28,20,B5713
5714,9,14,2026-05-30,17,B5714
5715,9,14,2026-06-01,16,B5715
5716,9,14,2026-06-03,17,B5716
5717,9,14,2026-06-05,15,B5717
5718,9,14,2026-06-07,18,B5718
5719,9,14,2026-06-09,17,B5719
5720,9,14,2026-06-11,18,B5720
5721,9,14,2026-06-13,19,B5721
5722,9,14,2026-06-15,17,B5722
5723,9,14,2026-06-17,18,B5723
5724,9,14,2026-06-19,19,B5724
5725,9,14,2026-06-21,20,B5725
5726,9,14,2026-06-23,20,B5726
5727,9,14,2026-06-25,16,B5727
5728,9,14,2026-06-27,17,B5728
5729,9,14,2026-06-29,18,B5729
5730,9,14,2026-07-01,20,B5730
5731,9,14,2026-07-03,20,B5731
5732,9,14,2026-07-05,15,B5732
5733,9,14,2026-07-07,18,B5733
5734,9,14,2026-07-09,17,B5734
5735,9,14,2026-07-11,18,B5735
5736,9,14,2026-07-13,18,B5736
5737,9,14,2026-07-15,16,B5737
5738,9,14,2026-07-17,18,B5738
5739,9,14,2026-07-19,17,B5739
5740,9,14,2026-07-21,15,B5740
5741,9,14,2026-07-23,20,B5741
5742,9,14,2026-07-25,18,B5742
5743,9,14,2026-07-27,19,B5743
5744,9,14,2026-07-29,18,B5744
5745,9,14,2026-07-31,18,B5745
5746,9,14,2026-08-02,16,B5746
5747,9,14,2026-08-04,16,B5747
5748,9,15,2026-05-08,243,B5748
5749,9,15,2026-05-22,203,B5749
5750,9,15,2026-06-05,212,B5750
5751,9,15,2026-06-19,241,B5751
5752,9,15,2026-07-03,247,B5752
5753,9,15,2026-07-17,207,B5753
5754,9,16,2026-05-08,162,B5754
5755,9,16,2026-05-26,207,B5755
5756,9,16,2026-06-13,187,B5756
5757,9,16,2026-07-01,208,B5757
5758,9,16,2026-07-19,204,B5758
5759,9,17,2026-05-08,265,B5759
5760,9,17,2026-05-26,285,B5760
5761,9,17,2026-06-13,286,B5761
5762,9,17,2026-07-01,293,B5762
5763,9,17,2026-07-19,318,B5763
5764,9,18,2026-05-08,569,B5764
5765,9,18,2026-05-26,573,B5765
5766,9,18,2026-06-13,462,B5766
5767,9,18,2026-07-01,505,B5767
5768,9,18,2026-07-19,466,B5768
5769,9,19,2026-05-08,138,B5769
5770,9,19,2026-05-18,126,B5770
5771,9,19,2026-05-28,110,B5771
5772,9,19,2026-06-07,118,B5772
5773,9,19,2026-06-17,112,B5773
5774,9,19,2026-06-27,119,B5774
5775,9,19,2026-07-07,141,B5775
5776,9,19,2026-07-17,141,B5776
5777,9,19,2026-07-27,140,B5777
5778,9,20,2026-05-08,116,B5778
5779,9,20,2026-05-18,106,B5779
5780,9,20,2026-05-28,121,B5780
5781,9,20,2026-06-07,107,B5781
5782,9,20,2026-06-17,99,B5782
5783,9,20,2026-06-27,116,B5783
5784,9,20,2026-07-07,116,B5784
5785,9,20,2026-07-17,104,B5785
5786,9,20,2026-07-27,107,B5786
5787,9,21,2026-05-08,167,B5787
5788,9,21,2026-05-25,156,B5788
5789,9,21,2026-06-11,172,B5789
5790,9,21,2026-06-28,155,B5790
5791,9,21,2026-07-15,145,B5791
5792,9,22,2026-05-08,305,B5792
5793,9,22,2026-05-22,295,B5793
5794,9,22,2026-06-05,305,B5794
5795,9,22,2026-06-19,320,B5795
5796,9,22,2026-07-03,363,B5796
5797,9,22,2026-07-17,299,B5797
5798,9,23,2026-05-08,81,B5798
5799,9,23,2026-05-24,74,B5799
5800,9,23,2026-06-09,89,B5800
5801,9,23,2026-06-25,81,B5801
5802,9,23,2026-07-11,74,B5802
5803,9,24,2026-05-08,48,B5803
5804,9,24,2026-05-19,60,B5804
5805,9,24,2026-05-30,48,B5805
5806,9,24,2026-06-10,50,B5806
5807,9,24,2026-06-21,63,B5807
5808,9,24,2026-07-02,50,B5808
5809,9,24,2026-07-13,51,B5809
5810,9,24,2026-07-24,48,B5810
5811,9,25,2026-05-08,88,B5811
5812,9,25,2026-05-22,87,B5812
5813,9,25,2026-06-05,86,B5813
5814,9,25,2026-06-19,71,B5814
5815,9,25,2026-07-03,94,B5815
5816,9,25,2026-07-17,71,B5816
5817,9,26,2026-05-08,75,B5817
5818,9,26,2026-05-26,98,B5818
5819,9,26,2026-06-13,97,B5819
5820,9,26,2026-07-01,96,B5820
5821,9,26,2026-07-19,94,B5821
5822,9,27,2026-05-08,52,B5822
5823,9,27,2026-05-18,52,B5823
5824,9,27,2026-05-28,48,B5824
5825,9,27,2026-06-07,46,B5825
5826,9,27,2026-06-17,58,B5826
5827,9,27,2026-06-27,55,B5827
5828,9,27,2026-07-07,59,B5828
5829,9,27,2026-07-17,58,B5829
5830,9,27,2026-07-27,48,B5830
5831,9,28,2026-05-08,65,B5831
5832,9,28,2026-05-19,56,B5832
5833,9,28,2026-05-30,52,B5833
5834,9,28,2026-06-10,49,B5834
5835,9,28,2026-06-21,60,B5835
5836,9,28,2026-07-02,65,B5836
5837,9,28,2026-07-13,56,B5837
5838,9,28,2026-07-24,53,B5838
5839,9,29,2026-05-08,78,B5839
5840,9,29,2026-05-25,75,B5840
5841,9,29,2026-06-11,80,B5841
5842,9,29,2026-06-28,89,B5842
5843,9,29,2026-07-15,89,B5843
5844,9,30,2026-05-08,86,B5844
5845,9,30,2026-05-26,90,B5845
5846,9,30,2026-06-13,94,B5846
5847,9,30,2026-07-01,95,B5847
5848,9,30,2026-07-19,79,B5848
5849,9,31,2026-05-08,145,B5849
5850,9,31,2026-05-23,127,B5850
5851,9,31,2026-06-07,138,B5851
5852,9,31,2026-06-22,138,B5852
5853,9,31,2026-07-07,119,B5853
5854,9,31,2026-07-22,139,B5854
5855,9,32,2026-05-08,67,B5855
5856,9,32,2026-05-18,75,B5856
5857,9,32,2026-05-28,79,B5857
5858,9,32,2026-06-07,75,B5858
5859,9,32,2026-06-17,84,B5859
5860,9,32,2026-06-27,73,B5860
5861,9,32,2026-07-07,68,B5861
5862,9,32,2026-07-17,79,B5862
5863,9,32,2026-07-27,77,B5863
5864,9,33,2026-05-08,97,B5864
5865,9,33,2026-05-20,98,B5865
5866,9,33,2026-06-01,98,B5866
5867,9,33,2026-06-13,92,B5867
5868,9,33,2026-06-25,105,B5868
5869,9,33,2026-07-07,116,B5869
5870,9,33,2026-07-19,93,B5870
5871,9,34,2026-05-08,108,B5871
5872,9,34,2026-05-23,136,B5872
5873,9,34,2026-06-07,112,B5873
5874,9,34,2026-06-22,127,B5874
5875,9,34,2026-07-07,124,B5875
5876,9,34,2026-07-22,138,B5876
5877,10,1,2026-05-08,33,B5877
5878,10,1,2026-05-10,38,B5878
5879,10,1,2026-05-12,43,B5879
5880,10,1,2026-05-14,34,B5880
5881,10,1,2026-05-16,33,B5881
5882,10,1,2026-05-18,42,B5882
5883,10,1,2026-05-20,37,B5883
5884,10,1,2026-05-22,42,B5884
5885,10,1,2026-05-24,40,B5885
5886,10,1,2026-05-26,35,B5886
5887,10,1,2026-05-28,35,B5887
5888,10,1,2026-05-30,36,B5888
5889,10,1,2026-06-01,33,B5889
5890,10,1,2026-06-03,38,B5890
5891,10,1,2026-06-05,42,B5891
5892,10,1,2026-06-07,33,B5892
5893,10,1,2026-06-09,37,B5893
5894,10,1,2026-06-11,39,B5894
5895,10,1,2026-06-13,39,B5895
5896,10,1,2026-06-15,41,B5896
5897,10,1,2026-06-17,39,B5897
5898,10,1,2026-06-19,33,B5898
5899,10,1,2026-06-21,32,B5899
5900,10,1,2026-06-23,38,B5900
5901,10,1,2026-06-25,34,B5901
5902,10,1,2026-06-27,43,B5902
5903,10,1,2026-06-29,42,B5903
5904,10,1,2026-07-01,43,B5904
5905,10,1,2026-07-03,39,B5905
5906,10,1,2026-07-05,34,B5906
5907,10,1,2026-07-07,39,B5907
5908,10,1,2026-07-09,37,B5908
5909,10,1,2026-07-11,36,B5909
5910,10,1,2026-07-13,32,B5910
5911,10,1,2026-07-15,32,B5911
5912,10,1,2026-07-17,33,B5912
5913,10,1,2026-07-19,32,B5913
5914,10,1,2026-07-21,42,B5914
5915,10,1,2026-07-23,39,B5915
5916,10,1,2026-07-25,40,B5916
5917,10,1,2026-07-27,42,B5917
5918,10,1,2026-07-29,35,B5918
5919,10,1,2026-07-31,40,B5919
5920,10,1,2026-08-02,33,B5920
5921,10,1,2026-08-04,36,B5921
5922,10,2,2026-05-08,31,B5922
5923,10,2,2026-05-10,31,B5923
5924,10,2,2026-05-12,29,B5924
5925,10,2,2026-05-14,23,B5925
5926,10,2,2026-05-16,29,B5926
5927,10,2,2026-05-18,26,B5927
5928,10,2,2026-05-20,30,B5928
5929,10,2,2026-05-22,24,B5929
5930,10,2,2026-05-24,28,B5930
5931,10,2,2026-05-26,28,B5931
5932,10,2,2026-05-28,29,B5932
5933,10,2,2026-05-30,31,B5933
5934,10,2,2026-06-01,28,B5934
5935,10,2,2026-06-03,26,B5935
5936,10,2,2026-06-05,31,B5936
5937,10,2,2026-06-07,24,B5937
5938,10,2,2026-06-09,28,B5938
5939,10,2,2026-06-11,25,B5939
5940,10,2,2026-06-13,25,B5940
5941,10,2,2026-06-15,26,B5941
5942,10,2,2026-06-17,25,B5942
5943,10,2,2026-06-19,31,B5943
5944,10,2,2026-06-21,29,B5944
5945,10,2,2026-06-23,30,B5945
5946,10,2,2026-06-25,28,B5946
5947,10,2,2026-06-27,28,B5947
5948,10,2,2026-06-29,31,B5948
5949,10,2,2026-07-01,26,B5949
5950,10,2,2026-07-03,30,B5950
5951,10,2,2026-07-05,25,B5951
5952,10,2,2026-07-07,26,B5952
5953,10,2,2026-07-09,31,B5953
5954,10,2,2026-07-11,24,B5954
5955,10,2,2026-07-13,30,B5955
5956,10,2,2026-07-15,25,B5956
5957,10,2,2026-07-17,31,B5957
5958,10,2,2026-07-19,28,B5958
5959,10,2,2026-07-21,27,B5959
5960,10,2,2026-07-23,24,B5960
5961,10,2,2026-07-25,24,B5961
5962,10,2,2026-07-27,24,B5962
5963,10,2,2026-07-29,29,B5963
5964,10,2,2026-07-31,25,B5964
5965,10,2,2026-08-02,32,B5965
5966,10,2,2026-08-04,31,B5966
5967,10,3,2026-05-08,68,B5967
5968,10,3,2026-05-10,57,B5968
5969,10,3,2026-05-12,63,B5969
5970,10,3,2026-05-14,73,B5970
5971,10,3,2026-05-16,57,B5971
5972,10,3,2026-05-18,75,B5972
5973,10,3,2026-05-20,75,B5973
5974,10,3,2026-05-22,64,B5974
5975,10,3,2026-05-24,70,B5975
5976,10,3,2026-05-26,71,B5976
5977,10,3,2026-05-28,71,B5977
5978,10,3,2026-05-30,75,B5978
5979,10,3,2026-06-01,68,B5979
5980,10,3,2026-06-03,70,B5980
5981,10,3,2026-06-05,67,B5981
5982,10,3,2026-06-07,59,B5982
5983,10,3,2026-06-09,70,B5983
5984,10,3,2026-06-11,72,B5984
5985,10,3,2026-06-13,63,B5985
5986,10,3,2026-06-15,70,B5986
5987,10,3,2026-06-17,67,B5987
5988,10,3,2026-06-19,61,B5988
5989,10,3,2026-06-21,70,B5989
5990,10,3,2026-06-23,72,B5990
5991,10,3,2026-06-25,61,B5991
5992,10,3,2026-06-27,61,B5992
5993,10,3,2026-06-29,64,B5993
5994,10,3,2026-07-01,57,B5994
5995,10,3,2026-07-03,73,B5995
5996,10,3,2026-07-05,75,B5996
5997,10,3,2026-07-07,73,B5997
5998,10,3,2026-07-09,60,B5998
5999,10,3,2026-07-11,71,B5999
6000,10,3,2026-07-13,59,B6000
6001,10,3,2026-07-15,73,B6001
6002,10,3,2026-07-17,67,B6002
6003,10,3,2026-07-19,73,B6003
6004,10,3,2026-07-21,59,B6004
6005,10,3,2026-07-23,66,B6005
6006,10,3,2026-07-25,74,B6006
6007,10,3,2026-07-27,61,B6007
6008,10,3,2026-07-29,66,B6008
6009,10,3,2026-07-31,59,B6009
6010,10,3,2026-08-02,63,B6010
6011,10,3,2026-08-04,65,B6011
6012,10,4,2026-05-08,39,B6012
6013,10,4,2026-05-10,42,B6013
6014,10,4,2026-05-12,37,B6014
6015,10,4,2026-05-14,41,B6015
6016,10,4,2026-05-16,42,B6016
6017,10,4,2026-05-18,37,B6017
6018,10,4,2026-05-20,38,B6018
6019,10,4,2026-05-22,35,B6019
6020,10,4,2026-05-24,36,B6020
6021,10,4,2026-05-26,34,B6021
6022,10,4,2026-05-28,39,B6022
6023,10,4,2026-05-30,36,B6023
6024,10,4,2026-06-01,35,B6024
6025,10,4,2026-06-03,38,B6025
6026,10,4,2026-06-05,35,B6026
6027,10,4,2026-06-07,38,B6027
6028,10,4,2026-06-09,40,B6028
6029,10,4,2026-06-11,40,B6029
6030,10,4,2026-06-13,34,B6030
6031,10,4,2026-06-15,35,B6031
6032,10,4,2026-06-17,42,B6032
6033,10,4,2026-06-19,40,B6033
6034,10,4,2026-06-21,42,B6034
6035,10,4,2026-06-23,38,B6035
6036,10,4,2026-06-25,43,B6036
6037,10,4,2026-06-27,37,B6037
6038,10,4,2026-06-29,38,B6038
6039,10,4,2026-07-01,38,B6039
6040,10,4,2026-07-03,38,B6040
6041,10,4,2026-07-05,42,B6041
6042,10,4,2026-07-07,35,B6042
6043,10,4,2026-07-09,42,B6043
6044,10,4,2026-07-11,37,B6044
6045,10,4,2026-07-13,39,B6045
6046,10,4,2026-07-15,44,B6046
6047,10,4,2026-07-17,37,B6047
6048,10,4,2026-07-19,41,B6048
6049,10,4,2026-07-21,42,B6049
6050,10,4,2026-07-23,40,B6050
6051,10,4,2026-07-25,35,B6051
6052,10,4,2026-07-27,35,B6052
6053,10,4,2026-07-29,34,B6053
6054,10,4,2026-07-31,41,B6054
6055,10,4,2026-08-02,44,B6055
6056,10,4,2026-08-04,37,B6056
6057,10,5,2026-05-08,23,B6057
6058,10,5,2026-05-10,26,B6058
6059,10,5,2026-05-12,29,B6059
6060,10,5,2026-05-14,24,B6060
6061,10,5,2026-05-16,28,B6061
6062,10,5,2026-05-18,22,B6062
6063,10,5,2026-05-20,24,B6063
6064,10,5,2026-05-22,26,B6064
6065,10,5,2026-05-24,28,B6065
6066,10,5,2026-05-26,28,B6066
6067,10,5,2026-05-28,23,B6067
6068,10,5,2026-05-30,24,B6068
6069,10,5,2026-06-01,30,B6069
6070,10,5,2026-06-03,26,B6070
6071,10,5,2026-06-05,26,B6071
6072,10,5,2026-06-07,25,B6072
6073,10,5,2026-06-09,28,B6073
6074,10,5,2026-06-11,23,B6074
6075,10,5,2026-06-13,29,B6075
6076,10,5,2026-06-15,30,B6076
6077,10,5,2026-06-17,28,B6077
6078,10,5,2026-06-19,28,B6078
6079,10,5,2026-06-21,25,B6079
6080,10,5,2026-06-23,27,B6080
6081,10,5,2026-06-25,23,B6081
6082,10,5,2026-06-27,29,B6082
6083,10,5,2026-06-29,30,B6083
6084,10,5,2026-07-01,27,B6084
6085,10,5,2026-07-03,30,B6085
6086,10,5,2026-07-05,25,B6086
6087,10,5,2026-07-07,24,B6087
6088,10,5,2026-07-09,28,B6088
6089,10,5,2026-07-11,26,B6089
6090,10,5,2026-07-13,24,B6090
6091,10,5,2026-07-15,24,B6091
6092,10,5,2026-07-17,29,B6092
6093,10,5,2026-07-19,26,B6093
6094,10,5,2026-07-21,28,B6094
6095,10,5,2026-07-23,26,B6095
6096,10,5,2026-07-25,27,B6096
6097,10,5,2026-07-27,23,B6097
6098,10,5,2026-07-29,29,B6098
6099,10,5,2026-07-31,23,B6099
6100,10,5,2026-08-02,28,B6100
6101,10,5,2026-08-04,28,B6101
6102,10,6,2026-05-08,67,B6102
6103,10,6,2026-05-11,53,B6103
6104,10,6,2026-05-14,64,B6104
6105,10,6,2026-05-17,55,B6105
6106,10,6,2026-05-20,51,B6106
6107,10,6,2026-05-23,51,B6107
6108,10,6,2026-05-26,57,B6108
6109,10,6,2026-05-29,53,B6109
6110,10,6,2026-06-01,53,B6110
6111,10,6,2026-06-04,50,B6111
6112,10,6,2026-06-07,63,B6112
6113,10,6,2026-06-10,62,B6113
6114,10,6,2026-06-13,53,B6114
6115,10,6,2026-06-16,59,B6115
6116,10,6,2026-06-19,66,B6116
6117,10,6,2026-06-22,66,B6117
6118,10,6,2026-06-25,59,B6118
6119,10,6,2026-06-28,60,B6119
6120,10,6,2026-07-01,54,B6120
6121,10,6,2026-07-04,67,B6121
6122,10,6,2026-07-07,56,B6122
6123,10,6,2026-07-10,62,B6123
6124,10,6,2026-07-13,66,B6124
6125,10,6,2026-07-16,65,B6125
6126,10,6,2026-07-19,50,B6126
6127,10,6,2026-07-22,63,B6127
6128,10,6,2026-07-25,63,B6128
6129,10,6,2026-07-28,67,B6129
6130,10,6,2026-07-31,64,B6130
6131,10,6,2026-08-03,65,B6131
6132,10,7,2026-05-08,98,B6132
6133,10,7,2026-05-11,96,B6133
6134,10,7,2026-05-14,112,B6134
6135,10,7,2026-05-17,105,B6135
6136,10,7,2026-05-20,103,B6136
6137,10,7,2026-05-23,111,B6137
6138,10,7,2026-05-26,101,B6138
6139,10,7,2026-05-29,93,B6139
6140,10,7,2026-06-01,89,B6140
6141,10,7,2026-06-04,86,B6141
6142,10,7,2026-06-07,116,B6142
6143,10,7,2026-06-10,89,B6143
6144,10,7,2026-06-13,105,B6144
6145,10,7,2026-06-16,89,B6145
6146,10,7,2026-06-19,91,B6146
6147,10,7,2026-06-22,93,B6147
6148,10,7,2026-06-25,102,B6148
6149,10,7,2026-06-28,111,B6149
6150,10,7,2026-07-01,96,B6150
6151,10,7,2026-07-04,93,B6151
6152,10,7,2026-07-07,114,B6152
6153,10,7,2026-07-10,94,B6153
6154,10,7,2026-07-13,113,B6154
6155,10,7,2026-07-16,105,B6155
6156,10,7,2026-07-19,96,B6156
6157,10,7,2026-07-22,104,B6157
6158,10,7,2026-07-25,105,B6158
6159,10,7,2026-07-28,89,B6159
6160,10,7,2026-07-31,114,B6160
6161,10,7,2026-08-03,104,B6161
6162,10,8,2026-05-08,45,B6162
6163,10,8,2026-05-11,47,B6163
6164,10,8,2026-05-14,52,B6164
6165,10,8,2026-05-17,51,B6165
6166,10,8,2026-05-20,47,B6166
6167,10,8,2026-05-23,55,B6167
6168,10,8,2026-05-26,44,B6168
6169,10,8,2026-05-29,52,B6169
6170,10,8,2026-06-01,50,B6170
6171,10,8,2026-06-04,51,B6171
6172,10,8,2026-06-07,51,B6172
6173,10,8,2026-06-10,59,B6173
6174,10,8,2026-06-13,51,B6174
6175,10,8,2026-06-16,54,B6175
6176,10,8,2026-06-19,48,B6176
6177,10,8,2026-06-22,49,B6177
6178,10,8,2026-06-25,51,B6178
6179,10,8,2026-06-28,49,B6179
6180,10,8,2026-07-01,53,B6180
6181,10,8,2026-07-04,48,B6181
6182,10,8,2026-07-07,56,B6182
6183,10,8,2026-07-10,49,B6183
6184,10,8,2026-07-13,50,B6184
6185,10,8,2026-07-16,55,B6185
6186,10,8,2026-07-19,59,B6186
6187,10,8,2026-07-22,48,B6187
6188,10,8,2026-07-25,55,B6188
6189,10,8,2026-07-28,52,B6189
6190,10,8,2026-07-31,53,B6190
6191,10,8,2026-08-03,56,B6191
6192,10,9,2026-05-08,34,B6192
6193,10,9,2026-05-11,33,B6193
6194,10,9,2026-05-14,34,B6194
6195,10,9,2026-05-17,36,B6195
6196,10,9,2026-05-20,31,B6196
6197,10,9,2026-05-23,35,B6197
6198,10,9,2026-05-26,35,B6198
6199,10,9,2026-05-29,32,B6199
6200,10,9,2026-06-01,31,B6200
6201,10,9,2026-06-04,36,B6201
6202,10,9,2026-06-07,34,B6202
6203,10,9,2026-06-10,36,B6203
6204,10,9,2026-06-13,37,B6204
6205,10,9,2026-06-16,30,B6205
6206,10,9,2026-06-19,37,B6206
6207,10,9,2026-06-22,34,B6207
6208,10,9,2026-06-25,32,B6208
6209,10,9,2026-06-28,28,B6209
6210,10,9,2026-07-01,31,B6210
6211,10,9,2026-07-04,36,B6211
6212,10,9,2026-07-07,30,B6212
6213,10,9,2026-07-10,31,B6213
6214,10,9,2026-07-13,31,B6214
6215,10,9,2026-07-16,35,B6215
6216,10,9,2026-07-19,35,B6216
6217,10,9,2026-07-22,36,B6217
6218,10,9,2026-07-25,32,B6218
6219,10,9,2026-07-28,34,B6219
6220,10,9,2026-07-31,31,B6220
6221,10,9,2026-08-03,33,B6221
6222,10,10,2026-05-08,55,B6222
6223,10,10,2026-05-11,52,B6223
6224,10,10,2026-05-14,48,B6224
6225,10,10,2026-05-17,49,B6225
6226,10,10,2026-05-20,48,B6226
6227,10,10,2026-05-23,48,B6227
6228,10,10,2026-05-26,47,B6228
6229,10,10,2026-05-29,52,B6229
6230,10,10,2026-06-01,55,B6230
6231,10,10,2026-06-04,48,B6231
6232,10,10,2026-06-07,59,B6232
6233,10,10,2026-06-10,49,B6233
6234,10,10,2026-06-13,58,B6234
6235,10,10,2026-06-16,58,B6235
6236,10,10,2026-06-19,47,B6236
6237,10,10,2026-06-22,46,B6237
6238,10,10,2026-06-25,56,B6238
6239,10,10,2026-06-28,54,B6239
6240,10,10,2026-07-01,55,B6240
6241,10,10,2026-07-04,56,B6241
6242,10,10,2026-07-07,51,B6242
6243,10,10,2026-07-10,46,B6243
6244,10,10,2026-07-13,60,B6244
6245,10,10,2026-07-16,57,B6245
6246,10,10,2026-07-19,50,B6246
6247,10,10,2026-07-22,49,B6247
6248,10,10,2026-07-25,51,B6248
6249,10,10,2026-07-28,46,B6249
6250,10,10,2026-07-31,58,B6250
6251,10,10,2026-08-03,49,B6251
6252,10,11,2026-05-08,19,B6252
6253,10,11,2026-05-10,16,B6253
6254,10,11,2026-05-12,17,B6254
6255,10,11,2026-05-14,19,B6255
6256,10,11,2026-05-16,16,B6256
6257,10,11,2026-05-18,17,B6257
6258,10,11,2026-05-20,21,B6258
6259,10,11,2026-05-22,19,B6259
6260,10,11,2026-05-24,16,B6260
6261,10,11,2026-05-26,16,B6261
6262,10,11,2026-05-28,19,B6262
6263,10,11,2026-05-30,17,B6263
6264,10,11,2026-06-01,18,B6264
6265,10,11,2026-06-03,19,B6265
6266,10,11,2026-06-05,19,B6266
6267,10,11,2026-06-07,20,B6267
6268,10,11,2026-06-09,21,B6268
6269,10,11,2026-06-11,16,B6269
6270,10,11,2026-06-13,20,B6270
6271,10,11,2026-06-15,18,B6271
6272,10,11,2026-06-17,17,B6272
6273,10,11,2026-06-19,18,B6273
6274,10,11,2026-06-21,17,B6274
6275,10,11,2026-06-23,17,B6275
6276,10,11,2026-06-25,21,B6276
6277,10,11,2026-06-27,19,B6277
6278,10,11,2026-06-29,19,B6278
6279,10,11,2026-07-01,16,B6279
6280,10,11,2026-07-03,18,B6280
6281,10,11,2026-07-05,17,B6281
6282,10,11,2026-07-07,19,B6282
6283,10,11,2026-07-09,20,B6283
6284,10,11,2026-07-11,18,B6284
6285,10,11,2026-07-13,16,B6285
6286,10,11,2026-07-15,19,B6286
6287,10,11,2026-07-17,19,B6287
6288,10,11,2026-07-19,18,B6288
6289,10,11,2026-07-21,20,B6289
6290,10,11,2026-07-23,16,B6290
6291,10,11,2026-07-25,18,B6291
6292,10,11,2026-07-27,18,B6292
6293,10,11,2026-07-29,16,B6293
6294,10,11,2026-07-31,20,B6294
6295,10,11,2026-08-02,16,B6295
6296,10,11,2026-08-04,18,B6296
6297,10,12,2026-05-08,28,B6297
6298,10,12,2026-05-11,24,B6298
6299,10,12,2026-05-14,27,B6299
6300,10,12,2026-05-17,31,B6300
6301,10,12,2026-05-20,31,B6301
6302,10,12,2026-05-23,28,B6302
6303,10,12,2026-05-26,26,B6303
6304,10,12,2026-05-29,25,B6304
6305,10,12,2026-06-01,25,B6305
6306,10,12,2026-06-04,24,B6306
6307,10,12,2026-06-07,29,B6307
6308,10,12,2026-06-10,31,B6308
6309,10,12,2026-06-13,24,B6309
6310,10,12,2026-06-16,26,B6310
6311,10,12,2026-06-19,25,B6311
6312,10,12,2026-06-22,25,B6312
6313,10,12,2026-06-25,26,B6313
6314,10,12,2026-06-28,26,B6314
6315,10,12,2026-07-01,32,B6315
6316,10,12,2026-07-04,28,B6316
6317,10,12,2026-07-07,27,B6317
6318,10,12,2026-07-10,30,B6318
6319,10,12,2026-07-13,30,B6319
6320,10,12,2026-07-16,26,B6320
6321,10,12,2026-07-19,27,B6321
6322,10,12,2026-07-22,25,B6322
6323,10,12,2026-07-25,31,B6323
6324,10,12,2026-07-28,29,B6324
6325,10,12,2026-07-31,29,B6325
6326,10,12,2026-08-03,24,B6326
6327,10,13,2026-05-08,20,B6327
6328,10,13,2026-05-10,15,B6328
6329,10,13,2026-05-12,20,B6329
6330,10,13,2026-05-14,17,B6330
6331,10,13,2026-05-16,16,B6331
6332,10,13,2026-05-18,20,B6332
6333,10,13,2026-05-20,20,B6333
6334,10,13,2026-05-22,17,B6334
6335,10,13,2026-05-24,17,B6335
6336,10,13,2026-05-26,17,B6336
6337,10,13,2026-05-28,18,B6337
6338,10,13,2026-05-30,19,B6338
6339,10,13,2026-06-01,15,B6339
6340,10,13,2026-06-03,16,B6340
6341,10,13,2026-06-05,19,B6341
6342,10,13,2026-06-07,16,B6342
6343,10,13,2026-06-09,17,B6343
6344,10,13,2026-06-11,19,B6344
6345,10,13,2026-06-13,18,B6345
6346,10,13,2026-06-15,16,B6346
6347,10,13,2026-06-17,20,B6347
6348,10,13,2026-06-19,16,B6348
6349,10,13,2026-06-21,17,B6349
6350,10,13,2026-06-23,15,B6350
6351,10,13,2026-06-25,20,B6351
6352,10,13,2026-06-27,19,B6352
6353,10,13,2026-06-29,15,B6353
6354,10,13,2026-07-01,18,B6354
6355,10,13,2026-07-03,20,B6355
6356,10,13,2026-07-05,17,B6356
6357,10,13,2026-07-07,20,B6357
6358,10,13,2026-07-09,18,B6358
6359,10,13,2026-07-11,20,B6359
6360,10,13,2026-07-13,17,B6360
6361,10,13,2026-07-15,20,B6361
6362,10,13,2026-07-17,20,B6362
6363,10,13,2026-07-19,17,B6363
6364,10,13,2026-07-21,19,B6364
6365,10,13,2026-07-23,19,B6365
6366,10,13,2026-07-25,19,B6366
6367,10,13,2026-07-27,16,B6367
6368,10,13,2026-07-29,16,B6368
6369,10,13,2026-07-31,16,B6369
6370,10,13,2026-08-02,19,B6370
6371,10,13,2026-08-04,18,B6371
6372,10,14,2026-05-08,19,B6372
6373,10,14,2026-05-11,20,B6373
6374,10,14,2026-05-14,20,B6374
6375,10,14,2026-05-17,19,B6375
6376,10,14,2026-05-20,21,B6376
6377,10,14,2026-05-23,19,B6377
6378,10,14,2026-05-26,20,B6378
6379,10,14,2026-05-29,25,B6379
6380,10,14,2026-06-01,26,B6380
6381,10,14,2026-06-04,23,B6381
6382,10,14,2026-06-07,20,B6382
6383,10,14,2026-06-10,19,B6383
6384,10,14,2026-06-13,21,B6384
6385,10,14,2026-06-16,19,B6385
6386,10,14,2026-06-19,21,B6386
6387,10,14,2026-06-22,23,B6387
6388,10,14,2026-06-25,23,B6388
6389,10,14,2026-06-28,25,B6389
6390,10,14,2026-07-01,25,B6390
6391,10,14,2026-07-04,25,B6391
6392,10,14,2026-07-07,26,B6392
6393,10,14,2026-07-10,21,B6393
6394,10,14,2026-07-13,19,B6394
6395,10,14,2026-07-16,25,B6395
6396,10,14,2026-07-19,22,B6396
6397,10,14,2026-07-22,22,B6397
6398,10,14,2026-07-25,25,B6398
6399,10,14,2026-07-28,22,B6399
6400,10,14,2026-07-31,24,B6400
6401,10,14,2026-08-03,24,B6401
6402,10,15,2026-05-08,261,B6402
6403,10,15,2026-05-25,262,B6403
6404,10,15,2026-06-11,239,B6404
6405,10,15,2026-06-28,252,B6405
6406,10,15,2026-07-15,258,B6406
6407,10,16,2026-05-08,255,B6407
6408,10,16,2026-05-21,236,B6408
6409,10,16,2026-06-03,281,B6409
6410,10,16,2026-06-16,249,B6410
6411,10,16,2026-06-29,259,B6411
6412,10,16,2026-07-12,227,B6412
6413,10,17,2026-05-08,169,B6413
6414,10,17,2026-05-18,168,B6414
6415,10,17,2026-05-28,197,B6415
6416,10,17,2026-06-07,192,B6416
6417,10,17,2026-06-17,181,B6417
6418,10,17,2026-06-27,150,B6418
6419,10,17,2026-07-07,193,B6419
6420,10,17,2026-07-17,158,B6420
6421,10,17,2026-07-27,162,B6421
6422,10,18,2026-05-08,122,B6422
6423,10,18,2026-05-18,108,B6423
6424,10,18,2026-05-28,102,B6424
6425,10,18,2026-06-07,98,B6425
6426,10,18,2026-06-17,124,B6426
6427,10,18,2026-06-27,110,B6427
6428,10,18,2026-07-07,101,B6428
6429,10,18,2026-07-17,114,B6429
6430,10,18,2026-07-27,128,B6430
6431,10,19,2026-05-08,378,B6431
6432,10,19,2026-05-24,379,B6432
6433,10,19,2026-06-09,308,B6433
6434,10,19,2026-06-25,329,B6434
6435,10,19,2026-07-11,371,B6435
6436,10,20,2026-05-08,314,B6436
6437,10,20,2026-05-20,276,B6437
6438,10,20,2026-06-01,290,B6438
6439,10,20,2026-06-13,263,B6439
6440,10,20,2026-06-25,234,B6440
6441,10,20,2026-07-07,310,B6441
6442,10,20,2026-07-19,243,B6442
6443,10,21,2026-05-08,147,B6443
6444,10,21,2026-05-26,131,B6444
6445,10,21,2026-06-13,161,B6445
6446,10,21,2026-07-01,161,B6446
6447,10,21,2026-07-19,146,B6447
6448,10,22,2026-05-08,143,B6448
6449,10,22,2026-05-26,118,B6449
6450,10,22,2026-06-13,143,B6450
6451,10,22,2026-07-01,132,B6451
6452,10,22,2026-07-19,152,B6452
6453,10,23,2026-05-08,81,B6453
6454,10,23,2026-05-21,73,B6454
6455,10,23,2026-06-03,84,B6455
6456,10,23,2026-06-16,67,B6456
6457,10,23,2026-06-29,63,B6457
6458,10,23,2026-07-12,83,B6458
6459,10,24,2026-05-08,78,B6459
6460,10,24,2026-05-26,92,B6460
6461,10,24,2026-06-13,89,B6461
6462,10,24,2026-07-01,94,B6462
6463,10,24,2026-07-19,78,B6463
6464,10,25,2026-05-08,64,B6464
6465,10,25,2026-05-18,72,B6465
6466,10,25,2026-05-28,69,B6466
6467,10,25,2026-06-07,66,B6467
6468,10,25,2026-06-17,68,B6468
6469,10,25,2026-06-27,71,B6469
6470,10,25,2026-07-07,71,B6470
6471,10,25,2026-07-17,61,B6471
6472,10,25,2026-07-27,70,B6472
6473,10,26,2026-05-08,74,B6473
6474,10,26,2026-05-26,82,B6474
6475,10,26,2026-06-13,73,B6475
6476,10,26,2026-07-01,77,B6476
6477,10,26,2026-07-19,81,B6477
6478,10,27,2026-05-08,102,B6478
6479,10,27,2026-05-26,98,B6479
6480,10,27,2026-06-13,87,B6480
6481,10,27,2026-07-01,82,B6481
6482,10,27,2026-07-19,101,B6482
6483,10,28,2026-05-08,54,B6483
6484,10,28,2026-05-26,46,B6484
6485,10,28,2026-06-13,52,B6485
6486,10,28,2026-07-01,60,B6486
6487,10,28,2026-07-19,58,B6487
6488,10,29,2026-05-08,52,B6488
6489,10,29,2026-05-18,63,B6489
6490,10,29,2026-05-28,56,B6490
6491,10,29,2026-06-07,49,B6491
6492,10,29,2026-06-17,53,B6492
6493,10,29,2026-06-27,56,B6493
6494,10,29,2026-07-07,55,B6494
6495,10,29,2026-07-17,63,B6495
6496,10,29,2026-07-27,58,B6496
6497,10,30,2026-05-08,55,B6497
6498,10,30,2026-05-20,63,B6498
6499,10,30,2026-06-01,62,B6499
6500,10,30,2026-06-13,59,B6500
6501,10,30,2026-06-25,51,B6501
6502,10,30,2026-07-07,52,B6502
6503,10,30,2026-07-19,49,B6503
6504,10,31,2026-05-08,68,B6504
6505,10,31,2026-05-18,88,B6505
6506,10,31,2026-05-28,81,B6506
6507,10,31,2026-06-07,70,B6507
6508,10,31,2026-06-17,71,B6508
6509,10,31,2026-06-27,83,B6509
6510,10,31,2026-07-07,72,B6510
6511,10,31,2026-07-17,70,B6511
6512,10,31,2026-07-27,70,B6512
6513,10,32,2026-05-08,75,B6513
6514,10,32,2026-05-19,87,B6514
6515,10,32,2026-05-30,70,B6515
6516,10,32,2026-06-10,75,B6516
6517,10,32,2026-06-21,82,B6517
6518,10,32,2026-07-02,69,B6518
6519,10,32,2026-07-13,88,B6519
6520,10,32,2026-07-24,78,B6520
6521,10,33,2026-05-08,82,B6521
6522,10,33,2026-05-22,74,B6522
6523,10,33,2026-06-05,88,B6523
6524,10,33,2026-06-19,94,B6524
6525,10,33,2026-07-03,90,B6525
6526,10,33,2026-07-17,90,B6526
6527,10,34,2026-05-08,103,B6527
6528,10,34,2026-05-23,100,B6528
6529,10,34,2026-06-07,118,B6529
6530,10,34,2026-06-22,109,B6530
6531,10,34,2026-07-07,102,B6531
6532,10,34,2026-07-22,120,B6532
6533,11,1,2026-05-08,58,B6533
6534,11,1,2026-05-10,73,B6534
6535,11,1,2026-05-12,66,B6535
6536,11,1,2026-05-14,72,B6536
6537,11,1,2026-05-16,60,B6537
6538,11,1,2026-05-18,72,B6538
6539,11,1,2026-05-20,64,B6539
6540,11,1,2026-05-22,74,B6540
6541,11,1,2026-05-24,60,B6541
6542,11,1,2026-05-26,61,B6542
6543,11,1,2026-05-28,75,B6543
6544,11,1,2026-05-30,75,B6544
6545,11,1,2026-06-01,75,B6545
6546,11,1,2026-06-03,77,B6546
6547,11,1,2026-06-05,78,B6547
6548,11,1,2026-06-07,70,B6548
6549,11,1,2026-06-09,75,B6549
6550,11,1,2026-06-11,62,B6550
6551,11,1,2026-06-13,70,B6551
6552,11,1,2026-06-15,59,B6552
6553,11,1,2026-06-17,59,B6553
6554,11,1,2026-06-19,67,B6554
6555,11,1,2026-06-21,70,B6555
6556,11,1,2026-06-23,59,B6556
6557,11,1,2026-06-25,71,B6557
6558,11,1,2026-06-27,58,B6558
6559,11,1,2026-06-29,68,B6559
6560,11,1,2026-07-01,69,B6560
6561,11,1,2026-07-03,64,B6561
6562,11,1,2026-07-05,76,B6562
6563,11,1,2026-07-07,66,B6563
6564,11,1,2026-07-09,72,B6564
6565,11,1,2026-07-11,77,B6565
6566,11,1,2026-07-13,67,B6566
6567,11,1,2026-07-15,69,B6567
6568,11,1,2026-07-17,61,B6568
6569,11,1,2026-07-19,64,B6569
6570,11,1,2026-07-21,62,B6570
6571,11,1,2026-07-23,59,B6571
6572,11,1,2026-07-25,68,B6572
6573,11,1,2026-07-27,66,B6573
6574,11,1,2026-07-29,66,B6574
6575,11,1,2026-07-31,68,B6575
6576,11,1,2026-08-02,67,B6576
6577,11,1,2026-08-04,61,B6577
6578,11,2,2026-05-08,30,B6578
6579,11,2,2026-05-10,32,B6579
6580,11,2,2026-05-12,31,B6580
6581,11,2,2026-05-14,37,B6581
6582,11,2,2026-05-16,36,B6582
6583,11,2,2026-05-18,31,B6583
6584,11,2,2026-05-20,38,B6584
6585,11,2,2026-05-22,31,B6585
6586,11,2,2026-05-24,40,B6586
6587,11,2,2026-05-26,39,B6587
6588,11,2,2026-05-28,31,B6588
6589,11,2,2026-05-30,34,B6589
6590,11,2,2026-06-01,32,B6590
6591,11,2,2026-06-03,37,B6591
6592,11,2,2026-06-05,31,B6592
6593,11,2,2026-06-07,41,B6593
6594,11,2,2026-06-09,39,B6594
6595,11,2,2026-06-11,41,B6595
6596,11,2,2026-06-13,34,B6596
6597,11,2,2026-06-15,33,B6597
6598,11,2,2026-06-17,35,B6598
6599,11,2,2026-06-19,37,B6599
6600,11,2,2026-06-21,34,B6600
6601,11,2,2026-06-23,36,B6601
6602,11,2,2026-06-25,34,B6602
6603,11,2,2026-06-27,31,B6603
6604,11,2,2026-06-29,37,B6604
6605,11,2,2026-07-01,31,B6605
6606,11,2,2026-07-03,38,B6606
6607,11,2,2026-07-05,41,B6607
6608,11,2,2026-07-07,39,B6608
6609,11,2,2026-07-09,36,B6609
6610,11,2,2026-07-11,31,B6610
6611,11,2,2026-07-13,35,B6611
6612,11,2,2026-07-15,38,B6612
6613,11,2,2026-07-17,34,B6613
6614,11,2,2026-07-19,39,B6614
6615,11,2,2026-07-21,34,B6615
6616,11,2,2026-07-23,32,B6616
6617,11,2,2026-07-25,30,B6617
6618,11,2,2026-07-27,38,B6618
6619,11,2,2026-07-29,38,B6619
6620,11,2,2026-07-31,37,B6620
6621,11,2,2026-08-02,39,B6621
6622,11,2,2026-08-04,33,B6622
6623,11,3,2026-05-08,66,B6623
6624,11,3,2026-05-11,62,B6624
6625,11,3,2026-05-14,60,B6625
6626,11,3,2026-05-17,69,B6626
6627,11,3,2026-05-20,68,B6627
6628,11,3,2026-05-23,62,B6628
6629,11,3,2026-05-26,57,B6629
6630,11,3,2026-05-29,70,B6630
6631,11,3,2026-06-01,62,B6631
6632,11,3,2026-06-04,57,B6632
6633,11,3,2026-06-07,55,B6633
6634,11,3,2026-06-10,65,B6634
6635,11,3,2026-06-13,61,B6635
6636,11,3,2026-06-16,58,B6636
6637,11,3,2026-06-19,68,B6637
6638,11,3,2026-06-22,68,B6638
6639,11,3,2026-06-25,58,B6639
6640,11,3,2026-06-28,62,B6640
6641,11,3,2026-07-01,53,B6641
6642,11,3,2026-07-04,55,B6642
6643,11,3,2026-07-07,63,B6643
6644,11,3,2026-07-10,57,B6644
6645,11,3,2026-07-13,65,B6645
6646,11,3,2026-07-16,71,B6646
6647,11,3,2026-07-19,65,B6647
6648,11,3,2026-07-22,64,B6648
6649,11,3,2026-07-25,53,B6649
6650,11,3,2026-07-28,65,B6650
6651,11,3,2026-07-31,59,B6651
6652,11,3,2026-08-03,69,B6652
6653,11,4,2026-05-08,29,B6653
6654,11,4,2026-05-10,33,B6654
6655,11,4,2026-05-12,37,B6655
6656,11,4,2026-05-14,29,B6656
6657,11,4,2026-05-16,29,B6657
6658,11,4,2026-05-18,34,B6658
6659,11,4,2026-05-20,30,B6659
6660,11,4,2026-05-22,36,B6660
6661,11,4,2026-05-24,30,B6661
6662,11,4,2026-05-26,31,B6662
6663,11,4,2026-05-28,31,B6663
6664,11,4,2026-05-30,28,B6664
6665,11,4,2026-06-01,34,B6665
6666,11,4,2026-06-03,29,B6666
6667,11,4,2026-06-05,30,B6667
6668,11,4,2026-06-07,30,B6668
6669,11,4,2026-06-09,33,B6669
6670,11,4,2026-06-11,36,B6670
6671,11,4,2026-06-13,32,B6671
6672,11,4,2026-06-15,36,B6672
6673,11,4,2026-06-17,29,B6673
6674,11,4,2026-06-19,34,B6674
6675,11,4,2026-06-21,31,B6675
6676,11,4,2026-06-23,35,B6676
6677,11,4,2026-06-25,33,B6677
6678,11,4,2026-06-27,31,B6678
6679,11,4,2026-06-29,37,B6679
6680,11,4,2026-07-01,30,B6680
6681,11,4,2026-07-03,31,B6681
6682,11,4,2026-07-05,28,B6682
6683,11,4,2026-07-07,33,B6683
6684,11,4,2026-07-09,35,B6684
6685,11,4,2026-07-11,36,B6685
6686,11,4,2026-07-13,28,B6686
6687,11,4,2026-07-15,32,B6687
6688,11,4,2026-07-17,37,B6688
6689,11,4,2026-07-19,33,B6689
6690,11,4,2026-07-21,28,B6690
6691,11,4,2026-07-23,36,B6691
6692,11,4,2026-07-25,37,B6692
6693,11,4,2026-07-27,28,B6693
6694,11,4,2026-07-29,28,B6694
6695,11,4,2026-07-31,32,B6695
6696,11,4,2026-08-02,32,B6696
6697,11,4,2026-08-04,30,B6697
6698,11,5,2026-05-08,29,B6698
6699,11,5,2026-05-10,23,B6699
6700,11,5,2026-05-12,28,B6700
6701,11,5,2026-05-14,26,B6701
6702,11,5,2026-05-16,23,B6702
6703,11,5,2026-05-18,26,B6703
6704,11,5,2026-05-20,23,B6704
6705,11,5,2026-05-22,25,B6705
6706,11,5,2026-05-24,27,B6706
6707,11,5,2026-05-26,24,B6707
6708,11,5,2026-05-28,28,B6708
6709,11,5,2026-05-30,25,B6709
6710,11,5,2026-06-01,30,B6710
6711,11,5,2026-06-03,30,B6711
6712,11,5,2026-06-05,23,B6712
6713,11,5,2026-06-07,30,B6713
6714,11,5,2026-06-09,30,B6714
6715,11,5,2026-06-11,26,B6715
6716,11,5,2026-06-13,30,B6716
6717,11,5,2026-06-15,25,B6717
6718,11,5,2026-06-17,30,B6718
6719,11,5,2026-06-19,28,B6719
6720,11,5,2026-06-21,23,B6720
6721,11,5,2026-06-23,23,B6721
6722,11,5,2026-06-25,26,B6722
6723,11,5,2026-06-27,28,B6723
6724,11,5,2026-06-29,24,B6724
6725,11,5,2026-07-01,27,B6725
6726,11,5,2026-07-03,28,B6726
6727,11,5,2026-07-05,25,B6727
6728,11,5,2026-07-07,23,B6728
6729,11,5,2026-07-09,24,B6729
6730,11,5,2026-07-11,30,B6730
6731,11,5,2026-07-13,24,B6731
6732,11,5,2026-07-15,24,B6732
6733,11,5,2026-07-17,25,B6733
6734,11,5,2026-07-19,27,B6734
6735,11,5,2026-07-21,27,B6735
6736,11,5,2026-07-23,27,B6736
6737,11,5,2026-07-25,30,B6737
6738,11,5,2026-07-27,30,B6738
6739,11,5,2026-07-29,26,B6739
6740,11,5,2026-07-31,23,B6740
6741,11,5,2026-08-02,30,B6741
6742,11,5,2026-08-04,24,B6742
6743,11,6,2026-05-08,92,B6743
6744,11,6,2026-05-11,89,B6744
6745,11,6,2026-05-14,74,B6745
6746,11,6,2026-05-17,74,B6746
6747,11,6,2026-05-20,95,B6747
6748,11,6,2026-05-23,76,B6748
6749,11,6,2026-05-26,75,B6749
6750,11,6,2026-05-29,75,B6750
6751,11,6,2026-06-01,77,B6751
6752,11,6,2026-06-04,93,B6752
6753,11,6,2026-06-07,84,B6753
6754,11,6,2026-06-10,79,B6754
6755,11,6,2026-06-13,94,B6755
6756,11,6,2026-06-16,82,B6756
6757,11,6,2026-06-19,82,B6757
6758,11,6,2026-06-22,76,B6758
6759,11,6,2026-06-25,94,B6759
6760,11,6,2026-06-28,86,B6760
6761,11,6,2026-07-01,93,B6761
6762,11,6,2026-07-04,83,B6762
6763,11,6,2026-07-07,89,B6763
6764,11,6,2026-07-10,80,B6764
6765,11,6,2026-07-13,94,B6765
6766,11,6,2026-07-16,87,B6766
6767,11,6,2026-07-19,81,B6767
6768,11,6,2026-07-22,88,B6768
6769,11,6,2026-07-25,73,B6769
6770,11,6,2026-07-28,73,B6770
6771,11,6,2026-07-31,88,B6771
6772,11,6,2026-08-03,77,B6772
6773,11,7,2026-05-08,52,B6773
6774,11,7,2026-05-11,46,B6774
6775,11,7,2026-05-14,48,B6775
6776,11,7,2026-05-17,44,B6776
6777,11,7,2026-05-20,56,B6777
6778,11,7,2026-05-23,58,B6778
6779,11,7,2026-05-26,45,B6779
6780,11,7,2026-05-29,53,B6780
6781,11,7,2026-06-01,47,B6781
6782,11,7,2026-06-04,47,B6782
6783,11,7,2026-06-07,59,B6783
6784,11,7,2026-06-10,47,B6784
6785,11,7,2026-06-13,52,B6785
6786,11,7,2026-06-16,44,B6786
6787,11,7,2026-06-19,56,B6787
6788,11,7,2026-06-22,49,B6788
6789,11,7,2026-06-25,52,B6789
6790,11,7,2026-06-28,52,B6790
6791,11,7,2026-07-01,59,B6791
6792,11,7,2026-07-04,52,B6792
6793,11,7,2026-07-07,56,B6793
6794,11,7,2026-07-10,45,B6794
6795,11,7,2026-07-13,57,B6795
6796,11,7,2026-07-16,55,B6796
6797,11,7,2026-07-19,53,B6797
6798,11,7,2026-07-22,50,B6798
6799,11,7,2026-07-25,59,B6799
6800,11,7,2026-07-28,52,B6800
6801,11,7,2026-07-31,50,B6801
6802,11,7,2026-08-03,53,B6802
6803,11,8,2026-05-08,36,B6803
6804,11,8,2026-05-10,35,B6804
6805,11,8,2026-05-12,40,B6805
6806,11,8,2026-05-14,37,B6806
6807,11,8,2026-05-16,36,B6807
6808,11,8,2026-05-18,34,B6808
6809,11,8,2026-05-20,39,B6809
6810,11,8,2026-05-22,41,B6810
6811,11,8,2026-05-24,35,B6811
6812,11,8,2026-05-26,38,B6812
6813,11,8,2026-05-28,32,B6813
6814,11,8,2026-05-30,31,B6814
6815,11,8,2026-06-01,32,B6815
6816,11,8,2026-06-03,34,B6816
6817,11,8,2026-06-05,37,B6817
6818,11,8,2026-06-07,32,B6818
6819,11,8,2026-06-09,36,B6819
6820,11,8,2026-06-11,40,B6820
6821,11,8,2026-06-13,40,B6821
6822,11,8,2026-06-15,35,B6822
6823,11,8,2026-06-17,40,B6823
6824,11,8,2026-06-19,40,B6824
6825,11,8,2026-06-21,31,B6825
6826,11,8,2026-06-23,35,B6826
6827,11,8,2026-06-25,37,B6827
6828,11,8,2026-06-27,34,B6828
6829,11,8,2026-06-29,37,B6829
6830,11,8,2026-07-01,41,B6830
6831,11,8,2026-07-03,34,B6831
6832,11,8,2026-07-05,41,B6832
6833,11,8,2026-07-07,33,B6833
6834,11,8,2026-07-09,39,B6834
6835,11,8,2026-07-11,40,B6835
6836,11,8,2026-07-13,38,B6836
6837,11,8,2026-07-15,36,B6837
6838,11,8,2026-07-17,34,B6838
6839,11,8,2026-07-19,34,B6839
6840,11,8,2026-07-21,32,B6840
6841,11,8,2026-07-23,40,B6841
6842,11,8,2026-07-25,37,B6842
6843,11,8,2026-07-27,37,B6843
6844,11,8,2026-07-29,34,B6844
6845,11,8,2026-07-31,33,B6845
6846,11,8,2026-08-02,42,B6846
6847,11,8,2026-08-04,34,B6847
6848,11,9,2026-05-08,32,B6848
6849,11,9,2026-05-10,28,B6849
6850,11,9,2026-05-12,28,B6850
6851,11,9,2026-05-14,31,B6851
6852,11,9,2026-05-16,30,B6852
6853,11,9,2026-05-18,32,B6853
6854,11,9,2026-05-20,33,B6854
6855,11,9,2026-05-22,27,B6855
6856,11,9,2026-05-24,30,B6856
6857,11,9,2026-05-26,29,B6857
6858,11,9,2026-05-28,27,B6858
6859,11,9,2026-05-30,27,B6859
6860,11,9,2026-06-01,34,B6860
6861,11,9,2026-06-03,28,B6861
6862,11,9,2026-06-05,32,B6862
6863,11,9,2026-06-07,34,B6863
6864,11,9,2026-06-09,33,B6864
6865,11,9,2026-06-11,31,B6865
6866,11,9,2026-06-13,28,B6866
6867,11,9,2026-06-15,33,B6867
6868,11,9,2026-06-17,32,B6868
6869,11,9,2026-06-19,31,B6869
6870,11,9,2026-06-21,33,B6870
6871,11,9,2026-06-23,28,B6871
6872,11,9,2026-06-25,27,B6872
6873,11,9,2026-06-27,34,B6873
6874,11,9,2026-06-29,31,B6874
6875,11,9,2026-07-01,27,B6875
6876,11,9,2026-07-03,26,B6876
6877,11,9,2026-07-05,32,B6877
6878,11,9,2026-07-07,31,B6878
6879,11,9,2026-07-09,29,B6879
6880,11,9,2026-07-11,27,B6880
6881,11,9,2026-07-13,32,B6881
6882,11,9,2026-07-15,31,B6882
6883,11,9,2026-07-17,27,B6883
6884,11,9,2026-07-19,32,B6884
6885,11,9,2026-07-21,28,B6885
6886,11,9,2026-07-23,30,B6886
6887,11,9,2026-07-25,29,B6887
6888,11,9,2026-07-27,28,B6888
6889,11,9,2026-07-29,30,B6889
6890,11,9,2026-07-31,28,B6890
6891,11,9,2026-08-02,28,B6891
6892,11,9,2026-08-04,27,B6892
6893,11,10,2026-05-08,54,B6893
6894,11,10,2026-05-11,53,B6894
6895,11,10,2026-05-14,56,B6895
6896,11,10,2026-05-17,58,B6896
6897,11,10,2026-05-20,56,B6897
6898,11,10,2026-05-23,65,B6898
6899,11,10,2026-05-26,58,B6899
6900,11,10,2026-05-29,56,B6900
6901,11,10,2026-06-01,54,B6901
6902,11,10,2026-06-04,63,B6902
6903,11,10,2026-06-07,65,B6903
6904,11,10,2026-06-10,66,B6904
6905,11,10,2026-06-13,54,B6905
6906,11,10,2026-06-16,65,B6906
6907,11,10,2026-06-19,68,B6907
6908,11,10,2026-06-22,63,B6908
6909,11,10,2026-06-25,57,B6909
6910,11,10,2026-06-28,61,B6910
6911,11,10,2026-07-01,61,B6911
6912,11,10,2026-07-04,60,B6912
6913,11,10,2026-07-07,57,B6913
6914,11,10,2026-07-10,55,B6914
6915,11,10,2026-07-13,61,B6915
6916,11,10,2026-07-16,56,B6916
6917,11,10,2026-07-19,56,B6917
6918,11,10,2026-07-22,68,B6918
6919,11,10,2026-07-25,68,B6919
6920,11,10,2026-07-28,51,B6920
6921,11,10,2026-07-31,52,B6921
6922,11,10,2026-08-03,66,B6922
6923,11,11,2026-05-08,23,B6923
6924,11,11,2026-05-10,19,B6924
6925,11,11,2026-05-12,22,B6925
6926,11,11,2026-05-14,18,B6926
6927,11,11,2026-05-16,23,B6927
6928,11,11,2026-05-18,18,B6928
6929,11,11,2026-05-20,21,B6929
6930,11,11,2026-05-22,19,B6930
6931,11,11,2026-05-24,19,B6931
6932,11,11,2026-05-26,20,B6932
6933,11,11,2026-05-28,20,B6933
6934,11,11,2026-05-30,22,B6934
6935,11,11,2026-06-01,17,B6935
6936,11,11,2026-06-03,22,B6936
6937,11,11,2026-06-05,21,B6937
6938,11,11,2026-06-07,20,B6938
6939,11,11,2026-06-09,21,B6939
6940,11,11,2026-06-11,24,B6940
6941,11,11,2026-06-13,21,B6941
6942,11,11,2026-06-15,21,B6942
6943,11,11,2026-06-17,17,B6943
6944,11,11,2026-06-19,23,B6944
6945,11,11,2026-06-21,20,B6945
6946,11,11,2026-06-23,20,B6946
6947,11,11,2026-06-25,19,B6947
6948,11,11,2026-06-27,20,B6948
6949,11,11,2026-06-29,18,B6949
6950,11,11,2026-07-01,18,B6950
6951,11,11,2026-07-03,17,B6951
6952,11,11,2026-07-05,18,B6952
6953,11,11,2026-07-07,19,B6953
6954,11,11,2026-07-09,19,B6954
6955,11,11,2026-07-11,19,B6955
6956,11,11,2026-07-13,23,B6956
6957,11,11,2026-07-15,22,B6957
6958,11,11,2026-07-17,22,B6958
6959,11,11,2026-07-19,18,B6959
6960,11,11,2026-07-21,21,B6960
6961,11,11,2026-07-23,18,B6961
6962,11,11,2026-07-25,23,B6962
6963,11,11,2026-07-27,23,B6963
6964,11,11,2026-07-29,18,B6964
6965,11,11,2026-07-31,20,B6965
6966,11,11,2026-08-02,19,B6966
6967,11,11,2026-08-04,18,B6967
6968,11,12,2026-05-08,27,B6968
6969,11,12,2026-05-11,30,B6969
6970,11,12,2026-05-14,26,B6970
6971,11,12,2026-05-17,26,B6971
6972,11,12,2026-05-20,33,B6972
6973,11,12,2026-05-23,27,B6973
6974,11,12,2026-05-26,27,B6974
6975,11,12,2026-05-29,33,B6975
6976,11,12,2026-06-01,27,B6976
6977,11,12,2026-06-04,28,B6977
6978,11,12,2026-06-07,33,B6978
6979,11,12,2026-06-10,30,B6979
6980,11,12,2026-06-13,28,B6980
6981,11,12,2026-06-16,30,B6981
6982,11,12,2026-06-19,26,B6982
6983,11,12,2026-06-22,29,B6983
6984,11,12,2026-06-25,33,B6984
6985,11,12,2026-06-28,28,B6985
6986,11,12,2026-07-01,33,B6986
6987,11,12,2026-07-04,31,B6987
6988,11,12,2026-07-07,29,B6988
6989,11,12,2026-07-10,33,B6989
6990,11,12,2026-07-13,30,B6990
6991,11,12,2026-07-16,33,B6991
6992,11,12,2026-07-19,25,B6992
6993,11,12,2026-07-22,29,B6993
6994,11,12,2026-07-25,33,B6994
6995,11,12,2026-07-28,27,B6995
6996,11,12,2026-07-31,27,B6996
6997,11,12,2026-08-03,27,B6997
6998,11,13,2026-05-08,20,B6998
6999,11,13,2026-05-10,18,B6999
7000,11,13,2026-05-12,22,B7000
7001,11,13,2026-05-14,21,B7001
7002,11,13,2026-05-16,18,B7002
7003,11,13,2026-05-18,22,B7003
7004,11,13,2026-05-20,19,B7004
7005,11,13,2026-05-22,21,B7005
7006,11,13,2026-05-24,21,B7006
7007,11,13,2026-05-26,21,B7007
7008,11,13,2026-05-28,18,B7008
7009,11,13,2026-05-30,21,B7009
7010,11,13,2026-06-01,22,B7010
7011,11,13,2026-06-03,20,B7011
7012,11,13,2026-06-05,21,B7012
7013,11,13,2026-06-07,18,B7013
7014,11,13,2026-06-09,19,B7014
7015,11,13,2026-06-11,17,B7015
7016,11,13,2026-06-13,17,B7016
7017,11,13,2026-06-15,19,B7017
7018,11,13,2026-06-17,18,B7018
7019,11,13,2026-06-19,20,B7019
7020,11,13,2026-06-21,20,B7020
7021,11,13,2026-06-23,22,B7021
7022,11,13,2026-06-25,19,B7022
7023,11,13,2026-06-27,19,B7023
7024,11,13,2026-06-29,19,B7024
7025,11,13,2026-07-01,22,B7025
7026,11,13,2026-07-03,20,B7026
7027,11,13,2026-07-05,19,B7027
7028,11,13,2026-07-07,22,B7028
7029,11,13,2026-07-09,21,B7029
7030,11,13,2026-07-11,18,B7030
7031,11,13,2026-07-13,17,B7031
7032,11,13,2026-07-15,17,B7032
7033,11,13,2026-07-17,17,B7033
7034,11,13,2026-07-19,21,B7034
7035,11,13,2026-07-21,18,B7035
7036,11,13,2026-07-23,21,B7036
7037,11,13,2026-07-25,22,B7037
7038,11,13,2026-07-27,21,B7038
7039,11,13,2026-07-29,17,B7039
7040,11,13,2026-07-31,18,B7040
7041,11,13,2026-08-02,22,B7041
7042,11,13,2026-08-04,19,B7042
7043,11,14,2026-05-08,31,B7043
7044,11,14,2026-05-11,33,B7044
7045,11,14,2026-05-14,32,B7045
7046,11,14,2026-05-17,26,B7046
7047,11,14,2026-05-20,27,B7047
7048,11,14,2026-05-23,26,B7048
7049,11,14,2026-05-26,32,B7049
7050,11,14,2026-05-29,29,B7050
7051,11,14,2026-06-01,33,B7051
7052,11,14,2026-06-04,28,B7052
7053,11,14,2026-06-07,29,B7053
7054,11,14,2026-06-10,32,B7054
7055,11,14,2026-06-13,32,B7055
7056,11,14,2026-06-16,29,B7056
7057,11,14,2026-06-19,29,B7057
7058,11,14,2026-06-22,27,B7058
7059,11,14,2026-06-25,30,B7059
7060,11,14,2026-06-28,28,B7060
7061,11,14,2026-07-01,28,B7061
7062,11,14,2026-07-04,30,B7062
7063,11,14,2026-07-07,28,B7063
7064,11,14,2026-07-10,25,B7064
7065,11,14,2026-07-13,32,B7065
7066,11,14,2026-07-16,27,B7066
7067,11,14,2026-07-19,25,B7067
7068,11,14,2026-07-22,33,B7068
7069,11,14,2026-07-25,28,B7069
7070,11,14,2026-07-28,27,B7070
7071,11,14,2026-07-31,32,B7071
7072,11,14,2026-08-03,25,B7072
7073,11,15,2026-05-08,500,B7073
7074,11,15,2026-05-25,507,B7074
7075,11,15,2026-06-11,464,B7075
7076,11,15,2026-06-28,489,B7076
7077,11,15,2026-07-15,475,B7077
7078,11,16,2026-05-08,266,B7078
7079,11,16,2026-05-20,274,B7079
7080,11,16,2026-06-01,267,B7080
7081,11,16,2026-06-13,277,B7081
7082,11,16,2026-06-25,299,B7082
7083,11,16,2026-07-07,287,B7083
7084,11,16,2026-07-19,245,B7084
7085,11,17,2026-05-08,257,B7085
7086,11,17,2026-05-25,317,B7086
7087,11,17,2026-06-11,314,B7087
7088,11,17,2026-06-28,316,B7088
7089,11,17,2026-07-15,318,B7089
7090,11,18,2026-05-08,222,B7090
7091,11,18,2026-05-23,228,B7091
7092,11,18,2026-06-07,226,B7092
7093,11,18,2026-06-22,228,B7093
7094,11,18,2026-07-07,217,B7094
7095,11,18,2026-07-22,172,B7095
7096,11,19,2026-05-08,137,B7096
7097,11,19,2026-05-21,127,B7097
7098,11,19,2026-06-03,122,B7098
7099,11,19,2026-06-16,148,B7099
7100,11,19,2026-06-29,129,B7100
7101,11,19,2026-07-12,123,B7101
7102,11,20,2026-05-08,134,B7102
7103,11,20,2026-05-19,160,B7103
7104,11,20,2026-05-30,137,B7104
7105,11,20,2026-06-10,160,B7105
7106,11,20,2026-06-21,124,B7106
7107,11,20,2026-07-02,139,B7107
7108,11,20,2026-07-13,154,B7108
7109,11,20,2026-07-24,149,B7109
7110,11,21,2026-05-08,207,B7110
7111,11,21,2026-05-24,265,B7111
7112,11,21,2026-06-09,242,B7112
7113,11,21,2026-06-25,244,B7113
7114,11,21,2026-07-11,257,B7114
7115,11,22,2026-05-08,216,B7115
7116,11,22,2026-05-24,236,B7116
7117,11,22,2026-06-09,248,B7117
7118,11,22,2026-06-25,250,B7118
7119,11,22,2026-07-11,235,B7119
7120,11,23,2026-05-08,86,B7120
7121,11,23,2026-05-24,95,B7121
7122,11,23,2026-06-09,94,B7122
7123,11,23,2026-06-25,83,B7123
7124,11,23,2026-07-11,88,B7124
7125,11,24,2026-05-08,66,B7125
7126,11,24,2026-05-20,65,B7126
7127,11,24,2026-06-01,60,B7127
7128,11,24,2026-06-13,67,B7128
7129,11,24,2026-06-25,67,B7129
7130,11,24,2026-07-07,60,B7130
7131,11,24,2026-07-19,61,B7131
7132,11,25,2026-05-08,85,B7132
7133,11,25,2026-05-26,71,B7133
7134,11,25,2026-06-13,80,B7134
7135,11,25,2026-07-01,83,B7135
7136,11,25,2026-07-19,70,B7136
7137,11,26,2026-05-08,101,B7137
7138,11,26,2026-05-26,81,B7138
7139,11,26,2026-06-13,86,B7139
7140,11,26,2026-07-01,99,B7140
7141,11,26,2026-07-19,84,B7141
7142,11,27,2026-05-08,44,B7142
7143,11,27,2026-05-18,41,B7143
7144,11,27,2026-05-28,46,B7144
7145,11,27,2026-06-07,39,B7145
7146,11,27,2026-06-17,41,B7146
7147,11,27,2026-06-27,36,B7147
7148,11,27,2026-07-07,46,B7148
7149,11,27,2026-07-17,46,B7149
7150,11,27,2026-07-27,39,B7150
7151,11,28,2026-05-08,62,B7151
7152,11,28,2026-05-23,51,B7152
7153,11,28,2026-06-07,59,B7153
7154,11,28,2026-06-22,52,B7154
7155,11,28,2026-07-07,52,B7155
7156,11,28,2026-07-22,51,B7156
7157,11,29,2026-05-08,64,B7157
7158,11,29,2026-05-22,69,B7158
7159,11,29,2026-06-05,70,B7159
7160,11,29,2026-06-19,71,B7160
7161,11,29,2026-07-03,72,B7161
7162,11,29,2026-07-17,69,B7162
7163,11,30,2026-05-08,70,B7163
7164,11,30,2026-05-23,75,B7164
7165,11,30,2026-06-07,71,B7165
7166,11,30,2026-06-22,84,B7166
7167,11,30,2026-07-07,81,B7167
7168,11,30,2026-07-22,76,B7168
7169,11,31,2026-05-08,170,B7169
7170,11,31,2026-05-20,143,B7170
7171,11,31,2026-06-01,149,B7171
7172,11,31,2026-06-13,171,B7172
7173,11,31,2026-06-25,140,B7173
7174,11,31,2026-07-07,137,B7174
7175,11,31,2026-07-19,163,B7175
7176,11,32,2026-05-08,208,B7176
7177,11,32,2026-05-22,205,B7177
7178,11,32,2026-06-05,170,B7178
7179,11,32,2026-06-19,174,B7179
7180,11,32,2026-07-03,165,B7180
7181,11,32,2026-07-17,161,B7181
7182,11,33,2026-05-08,121,B7182
7183,11,33,2026-05-21,124,B7183
7184,11,33,2026-06-03,97,B7184
7185,11,33,2026-06-16,116,B7185
7186,11,33,2026-06-29,114,B7186
7187,11,33,2026-07-12,127,B7187
7188,11,34,2026-05-08,134,B7188
7189,11,34,2026-05-23,135,B7189
7190,11,34,2026-06-07,133,B7190
7191,11,34,2026-06-22,108,B7191
7192,11,34,2026-07-07,136,B7192
7193,11,34,2026-07-22,128,B7193
7194,12,1,2026-05-08,37,B7194
7195,12,1,2026-05-10,39,B7195
7196,12,1,2026-05-12,39,B7196
7197,12,1,2026-05-14,35,B7197
7198,12,1,2026-05-16,41,B7198
7199,12,1,2026-05-18,34,B7199
7200,12,1,2026-05-20,37,B7200
7201,12,1,2026-05-22,36,B7201
7202,12,1,2026-05-24,44,B7202
7203,12,1,2026-05-26,44,B7203
7204,12,1,2026-05-28,36,B7204
7205,12,1,2026-05-30,38,B7205
7206,12,1,2026-06-01,35,B7206
7207,12,1,2026-06-03,38,B7207
7208,12,1,2026-06-05,37,B7208
7209,12,1,2026-06-07,35,B7209
7210,12,1,2026-06-09,38,B7210
7211,12,1,2026-06-11,35,B7211
7212,12,1,2026-06-13,35,B7212
7213,12,1,2026-06-15,40,B7213
7214,12,1,2026-06-17,36,B7214
7215,12,1,2026-06-19,44,B7215
7216,12,1,2026-06-21,36,B7216
7217,12,1,2026-06-23,42,B7217
7218,12,1,2026-06-25,33,B7218
7219,12,1,2026-06-27,34,B7219
7220,12,1,2026-06-29,39,B7220
7221,12,1,2026-07-01,39,B7221
7222,12,1,2026-07-03,42,B7222
7223,12,1,2026-07-05,38,B7223
7224,12,1,2026-07-07,33,B7224
7225,12,1,2026-07-09,39,B7225
7226,12,1,2026-07-11,37,B7226
7227,12,1,2026-07-13,40,B7227
7228,12,1,2026-07-15,43,B7228
7229,12,1,2026-07-17,40,B7229
7230,12,1,2026-07-19,39,B7230
7231,12,1,2026-07-21,41,B7231
7232,12,1,2026-07-23,34,B7232
7233,12,1,2026-07-25,37,B7233
7234,12,1,2026-07-27,38,B7234
7235,12,1,2026-07-29,38,B7235
7236,12,1,2026-07-31,43,B7236
7237,12,1,2026-08-02,42,B7237
7238,12,1,2026-08-04,36,B7238
7239,12,2,2026-05-08,27,B7239
7240,12,2,2026-05-10,24,B7240
7241,12,2,2026-05-12,23,B7241
7242,12,2,2026-05-14,22,B7242
7243,12,2,2026-05-16,26,B7243
7244,12,2,2026-05-18,27,B7244
7245,12,2,2026-05-20,27,B7245
7246,12,2,2026-05-22,22,B7246
7247,12,2,2026-05-24,26,B7247
7248,12,2,2026-05-26,27,B7248
7249,12,2,2026-05-28,28,B7249
7250,12,2,2026-05-30,28,B7250
7251,12,2,2026-06-01,27,B7251
7252,12,2,2026-06-03,28,B7252
7253,12,2,2026-06-05,26,B7253
7254,12,2,2026-06-07,25,B7254
7255,12,2,2026-06-09,26,B7255
7256,12,2,2026-06-11,27,B7256
7257,12,2,2026-06-13,22,B7257
7258,12,2,2026-06-15,28,B7258
7259,12,2,2026-06-17,25,B7259
7260,12,2,2026-06-19,23,B7260
7261,12,2,2026-06-21,26,B7261
7262,12,2,2026-06-23,27,B7262
7263,12,2,2026-06-25,24,B7263
7264,12,2,2026-06-27,21,B7264
7265,12,2,2026-06-29,25,B7265
7266,12,2,2026-07-01,23,B7266
7267,12,2,2026-07-03,26,B7267
7268,12,2,2026-07-05,26,B7268
7269,12,2,2026-07-07,25,B7269
7270,12,2,2026-07-09,24,B7270
7271,12,2,2026-07-11,24,B7271
7272,12,2,2026-07-13,24,B7272
7273,12,2,2026-07-15,23,B7273
7274,12,2,2026-07-17,27,B7274
7275,12,2,2026-07-19,24,B7275
7276,12,2,2026-07-21,27,B7276
7277,12,2,2026-07-23,24,B7277
7278,12,2,2026-07-25,25,B7278
7279,12,2,2026-07-27,21,B7279
7280,12,2,2026-07-29,22,B7280
7281,12,2,2026-07-31,22,B7281
7282,12,2,2026-08-02,22,B7282
7283,12,2,2026-08-04,22,B7283
7284,12,3,2026-05-08,41,B7284
7285,12,3,2026-05-10,44,B7285
7286,12,3,2026-05-12,38,B7286
7287,12,3,2026-05-14,40,B7287
7288,12,3,2026-05-16,44,B7288
7289,12,3,2026-05-18,41,B7289
7290,12,3,2026-05-20,39,B7290
7291,12,3,2026-05-22,43,B7291
7292,12,3,2026-05-24,33,B7292
7293,12,3,2026-05-26,37,B7293
7294,12,3,2026-05-28,40,B7294
7295,12,3,2026-05-30,33,B7295
7296,12,3,2026-06-01,36,B7296
7297,12,3,2026-06-03,42,B7297
7298,12,3,2026-06-05,39,B7298
7299,12,3,2026-06-07,40,B7299
7300,12,3,2026-06-09,39,B7300
7301,12,3,2026-06-11,43,B7301
7302,12,3,2026-06-13,43,B7302
7303,12,3,2026-06-15,34,B7303
7304,12,3,2026-06-17,39,B7304
7305,12,3,2026-06-19,33,B7305
7306,12,3,2026-06-21,40,B7306
7307,12,3,2026-06-23,43,B7307
7308,12,3,2026-06-25,36,B7308
7309,12,3,2026-06-27,34,B7309
7310,12,3,2026-06-29,38,B7310
7311,12,3,2026-07-01,44,B7311
7312,12,3,2026-07-03,43,B7312
7313,12,3,2026-07-05,41,B7313
7314,12,3,2026-07-07,39,B7314
7315,12,3,2026-07-09,38,B7315
7316,12,3,2026-07-11,36,B7316
7317,12,3,2026-07-13,33,B7317
7318,12,3,2026-07-15,39,B7318
7319,12,3,2026-07-17,36,B7319
7320,12,3,2026-07-19,36,B7320
7321,12,3,2026-07-21,33,B7321
7322,12,3,2026-07-23,34,B7322
7323,12,3,2026-07-25,36,B7323
7324,12,3,2026-07-27,34,B7324
7325,12,3,2026-07-29,37,B7325
7326,12,3,2026-07-31,42,B7326
7327,12,3,2026-08-02,44,B7327
7328,12,3,2026-08-04,39,B7328
7329,12,4,2026-05-08,37,B7329
7330,12,4,2026-05-10,31,B7330
7331,12,4,2026-05-12,32,B7331
7332,12,4,2026-05-14,31,B7332
7333,12,4,2026-05-16,39,B7333
7334,12,4,2026-05-18,32,B7334
7335,12,4,2026-05-20,35,B7335
7336,12,4,2026-05-22,40,B7336
7337,12,4,2026-05-24,32,B7337
7338,12,4,2026-05-26,33,B7338
7339,12,4,2026-05-28,36,B7339
7340,12,4,2026-05-30,36,B7340
7341,12,4,2026-06-01,30,B7341
7342,12,4,2026-06-03,38,B7342
7343,12,4,2026-06-05,30,B7343
7344,12,4,2026-06-07,37,B7344
7345,12,4,2026-06-09,33,B7345
7346,12,4,2026-06-11,33,B7346
7347,12,4,2026-06-13,34,B7347
7348,12,4,2026-06-15,33,B7348
7349,12,4,2026-06-17,37,B7349
7350,12,4,2026-06-19,34,B7350
7351,12,4,2026-06-21,32,B7351
7352,12,4,2026-06-23,30,B7352
7353,12,4,2026-06-25,34,B7353
7354,12,4,2026-06-27,32,B7354
7355,12,4,2026-06-29,38,B7355
7356,12,4,2026-07-01,38,B7356
7357,12,4,2026-07-03,31,B7357
7358,12,4,2026-07-05,30,B7358
7359,12,4,2026-07-07,33,B7359
7360,12,4,2026-07-09,38,B7360
7361,12,4,2026-07-11,38,B7361
7362,12,4,2026-07-13,32,B7362
7363,12,4,2026-07-15,37,B7363
7364,12,4,2026-07-17,34,B7364
7365,12,4,2026-07-19,35,B7365
7366,12,4,2026-07-21,34,B7366
7367,12,4,2026-07-23,38,B7367
7368,12,4,2026-07-25,32,B7368
7369,12,4,2026-07-27,30,B7369
7370,12,4,2026-07-29,36,B7370
7371,12,4,2026-07-31,36,B7371
7372,12,4,2026-08-02,36,B7372
7373,12,4,2026-08-04,35,B7373
7374,12,5,2026-05-08,49,B7374
7375,12,5,2026-05-10,59,B7375
7376,12,5,2026-05-12,64,B7376
7377,12,5,2026-05-14,63,B7377
7378,12,5,2026-05-16,55,B7378
7379,12,5,2026-05-18,53,B7379
7380,12,5,2026-05-20,52,B7380
7381,12,5,2026-05-22,59,B7381
7382,12,5,2026-05-24,54,B7382
7383,12,5,2026-05-26,54,B7383
7384,12,5,2026-05-28,49,B7384
7385,12,5,2026-05-30,56,B7385
7386,12,5,2026-06-01,60,B7386
7387,12,5,2026-06-03,57,B7387
7388,12,5,2026-06-05,55,B7388
7389,12,5,2026-06-07,53,B7389
7390,12,5,2026-06-09,65,B7390
7391,12,5,2026-06-11,60,B7391
7392,12,5,2026-06-13,54,B7392
7393,12,5,2026-06-15,54,B7393
7394,12,5,2026-06-17,56,B7394
7395,12,5,2026-06-19,65,B7395
7396,12,5,2026-06-21,63,B7396
7397,12,5,2026-06-23,62,B7397
7398,12,5,2026-06-25,57,B7398
7399,12,5,2026-06-27,62,B7399
7400,12,5,2026-06-29,53,B7400
7401,12,5,2026-07-01,55,B7401
7402,12,5,2026-07-03,56,B7402
7403,12,5,2026-07-05,54,B7403
7404,12,5,2026-07-07,57,B7404
7405,12,5,2026-07-09,60,B7405
7406,12,5,2026-07-11,63,B7406
7407,12,5,2026-07-13,59,B7407
7408,12,5,2026-07-15,60,B7408
7409,12,5,2026-07-17,62,B7409
7410,12,5,2026-07-19,58,B7410
7411,12,5,2026-07-21,59,B7411
7412,12,5,2026-07-23,54,B7412
7413,12,5,2026-07-25,52,B7413
7414,12,5,2026-07-27,61,B7414
7415,12,5,2026-07-29,52,B7415
7416,12,5,2026-07-31,54,B7416
7417,12,5,2026-08-02,64,B7417
7418,12,5,2026-08-04,52,B7418
7419,12,6,2026-05-08,36,B7419
7420,12,6,2026-05-10,30,B7420
7421,12,6,2026-05-12,40,B7421
7422,12,6,2026-05-14,32,B7422
7423,12,6,2026-05-16,32,B7423
7424,12,6,2026-05-18,34,B7424
7425,12,6,2026-05-20,36,B7425
7426,12,6,2026-05-22,41,B7426
7427,12,6,2026-05-24,37,B7427
7428,12,6,2026-05-26,34,B7428
7429,12,6,2026-05-28,40,B7429
7430,12,6,2026-05-30,37,B7430
7431,12,6,2026-06-01,30,B7431
7432,12,6,2026-06-03,39,B7432
7433,12,6,2026-06-05,37,B7433
7434,12,6,2026-06-07,32,B7434
7435,12,6,2026-06-09,32,B7435
7436,12,6,2026-06-11,40,B7436
7437,12,6,2026-06-13,39,B7437
7438,12,6,2026-06-15,40,B7438
7439,12,6,2026-06-17,32,B7439
7440,12,6,2026-06-19,37,B7440
7441,12,6,2026-06-21,34,B7441
7442,12,6,2026-06-23,36,B7442
7443,12,6,2026-06-25,35,B7443
7444,12,6,2026-06-27,38,B7444
7445,12,6,2026-06-29,30,B7445
7446,12,6,2026-07-01,35,B7446
7447,12,6,2026-07-03,34,B7447
7448,12,6,2026-07-05,39,B7448
7449,12,6,2026-07-07,36,B7449
7450,12,6,2026-07-09,41,B7450
7451,12,6,2026-07-11,41,B7451
7452,12,6,2026-07-13,34,B7452
7453,12,6,2026-07-15,38,B7453
7454,12,6,2026-07-17,33,B7454
7455,12,6,2026-07-19,37,B7455
7456,12,6,2026-07-21,38,B7456
7457,12,6,2026-07-23,41,B7457
7458,12,6,2026-07-25,41,B7458
7459,12,6,2026-07-27,33,B7459
7460,12,6,2026-07-29,36,B7460
7461,12,6,2026-07-31,31,B7461
7462,12,6,2026-08-02,31,B7462
7463,12,6,2026-08-04,31,B7463
7464,12,7,2026-05-08,52,B7464
7465,12,7,2026-05-11,43,B7465
7466,12,7,2026-05-14,54,B7466
7467,12,7,2026-05-17,50,B7467
7468,12,7,2026-05-20,46,B7468
7469,12,7,2026-05-23,50,B7469
7470,12,7,2026-05-26,52,B7470
7471,12,7,2026-05-29,43,B7471
7472,12,7,2026-06-01,53,B7472
7473,12,7,2026-06-04,44,B7473
7474,12,7,2026-06-07,52,B7474
7475,12,7,2026-06-10,52,B7475
7476,12,7,2026-06-13,43,B7476
7477,12,7,2026-06-16,43,B7477
7478,12,7,2026-06-19,47,B7478
7479,12,7,2026-06-22,42,B7479
7480,12,7,2026-06-25,49,B7480
7481,12,7,2026-06-28,54,B7481
7482,12,7,2026-07-01,46,B7482
7483,12,7,2026-07-04,45,B7483
7484,12,7,2026-07-07,43,B7484
7485,12,7,2026-07-10,50,B7485
7486,12,7,2026-07-13,51,B7486
7487,12,7,2026-07-16,52,B7487
7488,12,7,2026-07-19,51,B7488
7489,12,7,2026-07-22,50,B7489
7490,12,7,2026-07-25,44,B7490
7491,12,7,2026-07-28,49,B7491
7492,12,7,2026-07-31,55,B7492
7493,12,7,2026-08-03,50,B7493
7494,12,8,2026-05-08,62,B7494
7495,12,8,2026-05-11,53,B7495
7496,12,8,2026-05-14,52,B7496
7497,12,8,2026-05-17,61,B7497
7498,12,8,2026-05-20,61,B7498
7499,12,8,2026-05-23,54,B7499
7500,12,8,2026-05-26,62,B7500
7501,12,8,2026-05-29,59,B7501
7502,12,8,2026-06-01,62,B7502
7503,12,8,2026-06-04,58,B7503
7504,12,8,2026-06-07,58,B7504
7505,12,8,2026-06-10,62,B7505
7506,12,8,2026-06-13,54,B7506
7507,12,8,2026-06-16,48,B7507
7508,12,8,2026-06-19,54,B7508
7509,12,8,2026-06-22,60,B7509
7510,12,8,2026-06-25,47,B7510
7511,12,8,2026-06-28,51,B7511
7512,12,8,2026-07-01,62,B7512
7513,12,8,2026-07-04,53,B7513
7514,12,8,2026-07-07,62,B7514
7515,12,8,2026-07-10,53,B7515
7516,12,8,2026-07-13,49,B7516
7517,12,8,2026-07-16,62,B7517
7518,12,8,2026-07-19,59,B7518
7519,12,8,2026-07-22,47,B7519
7520,12,8,2026-07-25,53,B7520
7521,12,8,2026-07-28,49,B7521
7522,12,8,2026-07-31,51,B7522
7523,12,8,2026-08-03,50,B7523
7524,12,9,2026-05-08,38,B7524
7525,12,9,2026-05-11,41,B7525
7526,12,9,2026-05-14,36,B7526
7527,12,9,2026-05-17,34,B7527
7528,12,9,2026-05-20,39,B7528
7529,12,9,2026-05-23,33,B7529
7530,12,9,2026-05-26,30,B7530
7531,12,9,2026-05-29,38,B7531
7532,12,9,2026-06-01,40,B7532
7533,12,9,2026-06-04,33,B7533
7534,12,9,2026-06-07,34,B7534
7535,12,9,2026-06-10,40,B7535
7536,12,9,2026-06-13,36,B7536
7537,12,9,2026-06-16,30,B7537
7538,12,9,2026-06-19,38,B7538
7539,12,9,2026-06-22,39,B7539
7540,12,9,2026-06-25,31,B7540
7541,12,9,2026-06-28,34,B7541
7542,12,9,2026-07-01,37,B7542
7543,12,9,2026-07-04,35,B7543
7544,12,9,2026-07-07,37,B7544
7545,12,9,2026-07-10,36,B7545
7546,12,9,2026-07-13,39,B7546
7547,12,9,2026-07-16,35,B7547
7548,12,9,2026-07-19,33,B7548
7549,12,9,2026-07-22,33,B7549
7550,12,9,2026-07-25,37,B7550
7551,12,9,2026-07-28,32,B7551
7552,12,9,2026-07-31,33,B7552
7553,12,9,2026-08-03,40,B7553
7554,12,10,2026-05-08,53,B7554
7555,12,10,2026-05-10,47,B7555
7556,12,10,2026-05-12,52,B7556
7557,12,10,2026-05-14,57,B7557
7558,12,10,2026-05-16,57,B7558
7559,12,10,2026-05-18,48,B7559
7560,12,10,2026-05-20,59,B7560
7561,12,10,2026-05-22,55,B7561
7562,12,10,2026-05-24,53,B7562
7563,12,10,2026-05-26,55,B7563
7564,12,10,2026-05-28,55,B7564
7565,12,10,2026-05-30,48,B7565
7566,12,10,2026-06-01,48,B7566
7567,12,10,2026-06-03,58,B7567
7568,12,10,2026-06-05,62,B7568
7569,12,10,2026-06-07,59,B7569
7570,12,10,2026-06-09,59,B7570
7571,12,10,2026-06-11,62,B7571
7572,12,10,2026-06-13,52,B7572
7573,12,10,2026-06-15,58,B7573
7574,12,10,2026-06-17,62,B7574
7575,12,10,2026-06-19,60,B7575
7576,12,10,2026-06-21,59,B7576
7577,12,10,2026-06-23,61,B7577
7578,12,10,2026-06-25,48,B7578
7579,12,10,2026-06-27,57,B7579
7580,12,10,2026-06-29,53,B7580
7581,12,10,2026-07-01,58,B7581
7582,12,10,2026-07-03,58,B7582
7583,12,10,2026-07-05,59,B7583
7584,12,10,2026-07-07,46,B7584
7585,12,10,2026-07-09,60,B7585
7586,12,10,2026-07-11,61,B7586
7587,12,10,2026-07-13,51,B7587
7588,12,10,2026-07-15,58,B7588
7589,12,10,2026-07-17,52,B7589
7590,12,10,2026-07-19,48,B7590
7591,12,10,2026-07-21,50,B7591
7592,12,10,2026-07-23,56,B7592
7593,12,10,2026-07-25,50,B7593
7594,12,10,2026-07-27,62,B7594
7595,12,10,2026-07-29,57,B7595
7596,12,10,2026-07-31,59,B7596
7597,12,10,2026-08-02,53,B7597
7598,12,10,2026-08-04,55,B7598
7599,12,11,2026-05-08,25,B7599
7600,12,11,2026-05-11,27,B7600
7601,12,11,2026-05-14,28,B7601
7602,12,11,2026-05-17,27,B7602
7603,12,11,2026-05-20,30,B7603
7604,12,11,2026-05-23,28,B7604
7605,12,11,2026-05-26,24,B7605
7606,12,11,2026-05-29,25,B7606
7607,12,11,2026-06-01,26,B7607
7608,12,11,2026-06-04,25,B7608
7609,12,11,2026-06-07,24,B7609
7610,12,11,2026-06-10,23,B7610
7611,12,11,2026-06-13,28,B7611
7612,12,11,2026-06-16,23,B7612
7613,12,11,2026-06-19,25,B7613
7614,12,11,2026-06-22,27,B7614
7615,12,11,2026-06-25,28,B7615
7616,12,11,2026-06-28,23,B7616
7617,12,11,2026-07-01,23,B7617
7618,12,11,2026-07-04,28,B7618
7619,12,11,2026-07-07,29,B7619
7620,12,11,2026-07-10,25,B7620
7621,12,11,2026-07-13,24,B7621
7622,12,11,2026-07-16,27,B7622
7623,12,11,2026-07-19,24,B7623
7624,12,11,2026-07-22,23,B7624
7625,12,11,2026-07-25,23,B7625
7626,12,11,2026-07-28,30,B7626
7627,12,11,2026-07-31,28,B7627
7628,12,11,2026-08-03,25,B7628
7629,12,12,2026-05-08,26,B7629
7630,12,12,2026-05-10,29,B7630
7631,12,12,2026-05-12,29,B7631
7632,12,12,2026-05-14,28,B7632
7633,12,12,2026-05-16,29,B7633
7634,12,12,2026-05-18,24,B7634
7635,12,12,2026-05-20,30,B7635
7636,12,12,2026-05-22,31,B7636
7637,12,12,2026-05-24,28,B7637
7638,12,12,2026-05-26,25,B7638
7639,12,12,2026-05-28,30,B7639
7640,12,12,2026-05-30,29,B7640
7641,12,12,2026-06-01,28,B7641
7642,12,12,2026-06-03,26,B7642
7643,12,12,2026-06-05,27,B7643
7644,12,12,2026-06-07,29,B7644
7645,12,12,2026-06-09,25,B7645
7646,12,12,2026-06-11,30,B7646
7647,12,12,2026-06-13,26,B7647
7648,12,12,2026-06-15,28,B7648
7649,12,12,2026-06-17,28,B7649
7650,12,12,2026-06-19,32,B7650
7651,12,12,2026-06-21,29,B7651
7652,12,12,2026-06-23,26,B7652
7653,12,12,2026-06-25,27,B7653
7654,12,12,2026-06-27,23,B7654
7655,12,12,2026-06-29,25,B7655
7656,12,12,2026-07-01,30,B7656
7657,12,12,2026-07-03,27,B7657
7658,12,12,2026-07-05,27,B7658
7659,12,12,2026-07-07,29,B7659
7660,12,12,2026-07-09,24,B7660
7661,12,12,2026-07-11,24,B7661
7662,12,12,2026-07-13,24,B7662
7663,12,12,2026-07-15,24,B7663
7664,12,12,2026-07-17,30,B7664
7665,12,12,2026-07-19,29,B7665
7666,12,12,2026-07-21,29,B7666
7667,12,12,2026-07-23,29,B7667
7668,12,12,2026-07-25,31,B7668
7669,12,12,2026-07-27,28,B7669
7670,12,12,2026-07-29,28,B7670
7671,12,12,2026-07-31,27,B7671
7672,12,12,2026-08-02,28,B7672
7673,12,12,2026-08-04,29,B7673
7674,12,13,2026-05-08,18,B7674
7675,12,13,2026-05-10,16,B7675
7676,12,13,2026-05-12,17,B7676
7677,12,13,2026-05-14,19,B7677
7678,12,13,2026-05-16,19,B7678
7679,12,13,2026-05-18,19,B7679
7680,12,13,2026-05-20,15,B7680
7681,12,13,2026-05-22,15,B7681
7682,12,13,2026-05-24,16,B7682
7683,12,13,2026-05-26,17,B7683
7684,12,13,2026-05-28,17,B7684
7685,12,13,2026-05-30,19,B7685
7686,12,13,2026-06-01,15,B7686
7687,12,13,2026-06-03,19,B7687
7688,12,13,2026-06-05,15,B7688
7689,12,13,2026-06-07,16,B7689
7690,12,13,2026-06-09,16,B7690
7691,12,13,2026-06-11,20,B7691
7692,12,13,2026-06-13,15,B7692
7693,12,13,2026-06-15,16,B7693
7694,12,13,2026-06-17,17,B7694
7695,12,13,2026-06-19,15,B7695
7696,12,13,2026-06-21,20,B7696
7697,12,13,2026-06-23,17,B7697
7698,12,13,2026-06-25,15,B7698
7699,12,13,2026-06-27,15,B7699
7700,12,13,2026-06-29,15,B7700
7701,12,13,2026-07-01,15,B7701
7702,12,13,2026-07-03,18,B7702
7703,12,13,2026-07-05,16,B7703
7704,12,13,2026-07-07,18,B7704
7705,12,13,2026-07-09,19,B7705
7706,12,13,2026-07-11,18,B7706
7707,12,13,2026-07-13,16,B7707
7708,12,13,2026-07-15,17,B7708
7709,12,13,2026-07-17,19,B7709
7710,12,13,2026-07-19,18,B7710
7711,12,13,2026-07-21,16,B7711
7712,12,13,2026-07-23,18,B7712
7713,12,13,2026-07-25,18,B7713
7714,12,13,2026-07-27,20,B7714
7715,12,13,2026-07-29,18,B7715
7716,12,13,2026-07-31,17,B7716
7717,12,13,2026-08-02,20,B7717
7718,12,13,2026-08-04,17,B7718
7719,12,14,2026-05-08,18,B7719
7720,12,14,2026-05-10,18,B7720
7721,12,14,2026-05-12,18,B7721
7722,12,14,2026-05-14,18,B7722
7723,12,14,2026-05-16,15,B7723
7724,12,14,2026-05-18,15,B7724
7725,12,14,2026-05-20,16,B7725
7726,12,14,2026-05-22,19,B7726
7727,12,14,2026-05-24,18,B7727
7728,12,14,2026-05-26,17,B7728
7729,12,14,2026-05-28,18,B7729
7730,12,14,2026-05-30,19,B7730
7731,12,14,2026-06-01,15,B7731
7732,12,14,2026-06-03,17,B7732
7733,12,14,2026-06-05,17,B7733
7734,12,14,2026-06-07,18,B7734
7735,12,14,2026-06-09,14,B7735
7736,12,14,2026-06-11,14,B7736
7737,12,14,2026-06-13,16,B7737
7738,12,14,2026-06-15,16,B7738
7739,12,14,2026-06-17,19,B7739
7740,12,14,2026-06-19,18,B7740
7741,12,14,2026-06-21,19,B7741
7742,12,14,2026-06-23,17,B7742
7743,12,14,2026-06-25,15,B7743
7744,12,14,2026-06-27,14,B7744
7745,12,14,2026-06-29,17,B7745
7746,12,14,2026-07-01,16,B7746
7747,12,14,2026-07-03,15,B7747
7748,12,14,2026-07-05,17,B7748
7749,12,14,2026-07-07,15,B7749
7750,12,14,2026-07-09,17,B7750
7751,12,14,2026-07-11,16,B7751
7752,12,14,2026-07-13,17,B7752
7753,12,14,2026-07-15,16,B7753
7754,12,14,2026-07-17,16,B7754
7755,12,14,2026-07-19,17,B7755
7756,12,14,2026-07-21,14,B7756
7757,12,14,2026-07-23,17,B7757
7758,12,14,2026-07-25,18,B7758
7759,12,14,2026-07-27,15,B7759
7760,12,14,2026-07-29,16,B7760
7761,12,14,2026-07-31,16,B7761
7762,12,14,2026-08-02,17,B7762
7763,12,14,2026-08-04,16,B7763
7764,12,15,2026-05-08,258,B7764
7765,12,15,2026-05-26,252,B7765
7766,12,15,2026-06-13,299,B7766
7767,12,15,2026-07-01,278,B7767
7768,12,15,2026-07-19,286,B7768
7769,12,16,2026-05-08,174,B7769
7770,12,16,2026-05-22,198,B7770
7771,12,16,2026-06-05,184,B7771
7772,12,16,2026-06-19,199,B7772
7773,12,16,2026-07-03,184,B7773
7774,12,16,2026-07-17,211,B7774
7775,12,17,2026-05-08,354,B7775
7776,12,17,2026-05-20,369,B7776
7777,12,17,2026-06-01,340,B7777
7778,12,17,2026-06-13,304,B7778
7779,12,17,2026-06-25,314,B7779
7780,12,17,2026-07-07,354,B7780
7781,12,17,2026-07-19,343,B7781
7782,12,18,2026-05-08,288,B7782
7783,12,18,2026-05-26,305,B7783
7784,12,18,2026-06-13,288,B7784
7785,12,18,2026-07-01,262,B7785
7786,12,18,2026-07-19,266,B7786
7787,12,19,2026-05-08,199,B7787
7788,12,19,2026-05-23,201,B7788
7789,12,19,2026-06-07,166,B7789
7790,12,19,2026-06-22,206,B7790
7791,12,19,2026-07-07,205,B7791
7792,12,19,2026-07-22,170,B7792
7793,12,20,2026-05-08,119,B7793
7794,12,20,2026-05-18,143,B7794
7795,12,20,2026-05-28,129,B7795
7796,12,20,2026-06-07,142,B7796
7797,12,20,2026-06-17,132,B7797
7798,12,20,2026-06-27,143,B7798
7799,12,20,2026-07-07,143,B7799
7800,12,20,2026-07-17,131,B7800
7801,12,20,2026-07-27,116,B7801
7802,12,21,2026-05-08,234,B7802
7803,12,21,2026-05-24,225,B7803
7804,12,21,2026-06-09,241,B7804
7805,12,21,2026-06-25,254,B7805
7806,12,21,2026-07-11,209,B7806
7807,12,22,2026-05-08,226,B7807
7808,12,22,2026-05-25,225,B7808
7809,12,22,2026-06-11,245,B7809
7810,12,22,2026-06-28,244,B7810
7811,12,22,2026-07-15,217,B7811
7812,12,23,2026-05-08,32,B7812
7813,12,23,2026-05-18,34,B7813
7814,12,23,2026-05-28,36,B7814
7815,12,23,2026-06-07,29,B7815
7816,12,23,2026-06-17,30,B7816
7817,12,23,2026-06-27,27,B7817
7818,12,23,2026-07-07,36,B7818
7819,12,23,2026-07-17,36,B7819
7820,12,23,2026-07-27,31,B7820
7821,12,24,2026-05-08,148,B7821
7822,12,24,2026-05-22,136,B7822
7823,12,24,2026-06-05,152,B7823
7824,12,24,2026-06-19,130,B7824
7825,12,24,2026-07-03,137,B7825
7826,12,24,2026-07-17,142,B7826
7827,12,25,2026-05-08,149,B7827
7828,12,25,2026-05-25,159,B7828
7829,12,25,2026-06-11,142,B7829
7830,12,25,2026-06-28,146,B7830
7831,12,25,2026-07-15,129,B7831
7832,12,26,2026-05-08,81,B7832
7833,12,26,2026-05-22,97,B7833
7834,12,26,2026-06-05,75,B7834
7835,12,26,2026-06-19,94,B7835
7836,12,26,2026-07-03,96,B7836
7837,12,26,2026-07-17,83,B7837
7838,12,27,2026-05-08,70,B7838
7839,12,27,2026-05-26,77,B7839
7840,12,27,2026-06-13,75,B7840
7841,12,27,2026-07-01,90,B7841
7842,12,27,2026-07-19,78,B7842
7843,12,28,2026-05-08,78,B7843
7844,12,28,2026-05-23,75,B7844
7845,12,28,2026-06-07,75,B7845
7846,12,28,2026-06-22,90,B7846
7847,12,28,2026-07-07,83,B7847
7848,12,28,2026-07-22,73,B7848
7849,12,29,2026-05-08,96,B7849
7850,12,29,2026-05-23,80,B7850
7851,12,29,2026-06-07,74,B7851
7852,12,29,2026-06-22,73,B7852
7853,12,29,2026-07-07,91,B7853
7854,12,29,2026-07-22,84,B7854
7855,12,30,2026-05-08,49,B7855
7856,12,30,2026-05-23,48,B7856
7857,12,30,2026-06-07,46,B7857
7858,12,30,2026-06-22,39,B7858
7859,12,30,2026-07-07,38,B7859
7860,12,30,2026-07-22,48,B7860
7861,12,31,2026-05-08,112,B7861
7862,12,31,2026-05-22,96,B7862
7863,12,31,2026-06-05,114,B7863
7864,12,31,2026-06-19,108,B7864
7865,12,31,2026-07-03,116,B7865
7866,12,31,2026-07-17,97,B7866
7867,12,32,2026-05-08,127,B7867
7868,12,32,2026-05-24,121,B7868
7869,12,32,2026-06-09,112,B7869
7870,12,32,2026-06-25,128,B7870
7871,12,32,2026-07-11,125,B7871
7872,12,33,2026-05-08,103,B7872
7873,12,33,2026-05-22,127,B7873
7874,12,33,2026-06-05,103,B7874
7875,12,33,2026-06-19,134,B7875
7876,12,33,2026-07-03,115,B7876
7877,12,33,2026-07-17,103,B7877
7878,12,34,2026-05-08,101,B7878
7879,12,34,2026-05-22,116,B7879
7880,12,34,2026-06-05,108,B7880
7881,12,34,2026-06-19,118,B7881
7882,12,34,2026-07-03,121,B7882
7883,12,34,2026-07-17,104,B7883
7884,13,1,2026-05-08,48,B7884
7885,13,1,2026-05-10,49,B7885
7886,13,1,2026-05-12,49,B7886
7887,13,1,2026-05-14,43,B7887
7888,13,1,2026-05-16,48,B7888
7889,13,1,2026-05-18,46,B7889
7890,13,1,2026-05-20,43,B7890
7891,13,1,2026-05-22,41,B7891
7892,13,1,2026-05-24,51,B7892
7893,13,1,2026-05-26,48,B7893
7894,13,1,2026-05-28,48,B7894
7895,13,1,2026-05-30,46,B7895
7896,13,1,2026-06-01,48,B7896
7897,13,1,2026-06-03,42,B7897
7898,13,1,2026-06-05,43,B7898
7899,13,1,2026-06-07,52,B7899
7900,13,1,2026-06-09,46,B7900
7901,13,1,2026-06-11,44,B7901
7902,13,1,2026-06-13,46,B7902
7903,13,1,2026-06-15,42,B7903
7904,13,1,2026-06-17,45,B7904
7905,13,1,2026-06-19,43,B7905
7906,13,1,2026-06-21,42,B7906
7907,13,1,2026-06-23,50,B7907
7908,13,1,2026-06-25,41,B7908
7909,13,1,2026-06-27,44,B7909
7910,13,1,2026-06-29,44,B7910
7911,13,1,2026-07-01,46,B7911
7912,13,1,2026-07-03,51,B7912
7913,13,1,2026-07-05,41,B7913
7914,13,1,2026-07-07,44,B7914
7915,13,1,2026-07-09,50,B7915
7916,13,1,2026-07-11,49,B7916
7917,13,1,2026-07-13,46,B7917
7918,13,1,2026-07-15,42,B7918
7919,13,1,2026-07-17,52,B7919
7920,13,1,2026-07-19,43,B7920
7921,13,1,2026-07-21,40,B7921
7922,13,1,2026-07-23,44,B7922
7923,13,1,2026-07-25,45,B7923
7924,13,1,2026-07-27,41,B7924
7925,13,1,2026-07-29,44,B7925
7926,13,1,2026-07-31,46,B7926
7927,13,1,2026-08-02,44,B7927
7928,13,1,2026-08-04,52,B7928
7929,13,2,2026-05-08,45,B7929
7930,13,2,2026-05-11,52,B7930
7931,13,2,2026-05-14,52,B7931
7932,13,2,2026-05-17,49,B7932
7933,13,2,2026-05-20,47,B7933
7934,13,2,2026-05-23,49,B7934
7935,13,2,2026-05-26,50,B7935
7936,13,2,2026-05-29,47,B7936
7937,13,2,2026-06-01,39,B7937
7938,13,2,2026-06-04,44,B7938
7939,13,2,2026-06-07,42,B7939
7940,13,2,2026-06-10,43,B7940
7941,13,2,2026-06-13,43,B7941
7942,13,2,2026-06-16,44,B7942
7943,13,2,2026-06-19,39,B7943
7944,13,2,2026-06-22,51,B7944
7945,13,2,2026-06-25,48,B7945
7946,13,2,2026-06-28,52,B7946
7947,13,2,2026-07-01,46,B7947
7948,13,2,2026-07-04,43,B7948
7949,13,2,2026-07-07,52,B7949
7950,13,2,2026-07-10,43,B7950
7951,13,2,2026-07-13,45,B7951
7952,13,2,2026-07-16,43,B7952
7953,13,2,2026-07-19,47,B7953
7954,13,2,2026-07-22,46,B7954
7955,13,2,2026-07-25,42,B7955
7956,13,2,2026-07-28,45,B7956
7957,13,2,2026-07-31,51,B7957
7958,13,2,2026-08-03,44,B7958
7959,13,3,2026-05-08,49,B7959
7960,13,3,2026-05-10,50,B7960
7961,13,3,2026-05-12,59,B7961
7962,13,3,2026-05-14,51,B7962
7963,13,3,2026-05-16,45,B7963
7964,13,3,2026-05-18,50,B7964
7965,13,3,2026-05-20,48,B7965
7966,13,3,2026-05-22,48,B7966
7967,13,3,2026-05-24,46,B7967
7968,13,3,2026-05-26,52,B7968
7969,13,3,2026-05-28,57,B7969
7970,13,3,2026-05-30,47,B7970
7971,13,3,2026-06-01,54,B7971
7972,13,3,2026-06-03,50,B7972
7973,13,3,2026-06-05,53,B7973
7974,13,3,2026-06-07,58,B7974
7975,13,3,2026-06-09,55,B7975
7976,13,3,2026-06-11,48,B7976
7977,13,3,2026-06-13,57,B7977
7978,13,3,2026-06-15,52,B7978
7979,13,3,2026-06-17,52,B7979
7980,13,3,2026-06-19,56,B7980
7981,13,3,2026-06-21,45,B7981
7982,13,3,2026-06-23,49,B7982
7983,13,3,2026-06-25,56,B7983
7984,13,3,2026-06-27,48,B7984
7985,13,3,2026-06-29,57,B7985
7986,13,3,2026-07-01,51,B7986
7987,13,3,2026-07-03,57,B7987
7988,13,3,2026-07-05,46,B7988
7989,13,3,2026-07-07,46,B7989
7990,13,3,2026-07-09,51,B7990
7991,13,3,2026-07-11,47,B7991
7992,13,3,2026-07-13,49,B7992
7993,13,3,2026-07-15,57,B7993
7994,13,3,2026-07-17,48,B7994
7995,13,3,2026-07-19,54,B7995
7996,13,3,2026-07-21,49,B7996
7997,13,3,2026-07-23,45,B7997
7998,13,3,2026-07-25,45,B7998
7999,13,3,2026-07-27,47,B7999
8000,13,3,2026-07-29,57,B8000
8001,13,3,2026-07-31,47,B8001
8002,13,3,2026-08-02,46,B8002
8003,13,3,2026-08-04,49,B8003
8004,13,4,2026-05-08,50,B8004
8005,13,4,2026-05-10,54,B8005
8006,13,4,2026-05-12,56,B8006
8007,13,4,2026-05-14,52,B8007
8008,13,4,2026-05-16,63,B8008
8009,13,4,2026-05-18,56,B8009
8010,13,4,2026-05-20,63,B8010
8011,13,4,2026-05-22,60,B8011
8012,13,4,2026-05-24,50,B8012
8013,13,4,2026-05-26,64,B8013
8014,13,4,2026-05-28,51,B8014
8015,13,4,2026-05-30,58,B8015
8016,13,4,2026-06-01,58,B8016
8017,13,4,2026-06-03,59,B8017
8018,13,4,2026-06-05,55,B8018
8019,13,4,2026-06-07,51,B8019
8020,13,4,2026-06-09,52,B8020
8021,13,4,2026-06-11,50,B8021
8022,13,4,2026-06-13,51,B8022
8023,13,4,2026-06-15,52,B8023
8024,13,4,2026-06-17,50,B8024
8025,13,4,2026-06-19,63,B8025
8026,13,4,2026-06-21,64,B8026
8027,13,4,2026-06-23,57,B8027
8028,13,4,2026-06-25,58,B8028
8029,13,4,2026-06-27,64,B8029
8030,13,4,2026-06-29,50,B8030
8031,13,4,2026-07-01,50,B8031
8032,13,4,2026-07-03,49,B8032
8033,13,4,2026-07-05,59,B8033
8034,13,4,2026-07-07,54,B8034
8035,13,4,2026-07-09,60,B8035
8036,13,4,2026-07-11,55,B8036
8037,13,4,2026-07-13,59,B8037
8038,13,4,2026-07-15,63,B8038
8039,13,4,2026-07-17,51,B8039
8040,13,4,2026-07-19,59,B8040
8041,13,4,2026-07-21,56,B8041
8042,13,4,2026-07-23,65,B8042
8043,13,4,2026-07-25,56,B8043
8044,13,4,2026-07-27,59,B8044
8045,13,4,2026-07-29,55,B8045
8046,13,4,2026-07-31,62,B8046
8047,13,4,2026-08-02,59,B8047
8048,13,4,2026-08-04,65,B8048
8049,13,5,2026-05-08,50,B8049
8050,13,5,2026-05-10,50,B8050
8051,13,5,2026-05-12,47,B8051
8052,13,5,2026-05-14,52,B8052
8053,13,5,2026-05-16,53,B8053
8054,13,5,2026-05-18,52,B8054
8055,13,5,2026-05-20,50,B8055
8056,13,5,2026-05-22,51,B8056
8057,13,5,2026-05-24,43,B8057
8058,13,5,2026-05-26,42,B8058
8059,13,5,2026-05-28,52,B8059
8060,13,5,2026-05-30,44,B8060
8061,13,5,2026-06-01,50,B8061
8062,13,5,2026-06-03,50,B8062
8063,13,5,2026-06-05,48,B8063
8064,13,5,2026-06-07,51,B8064
8065,13,5,2026-06-09,53,B8065
8066,13,5,2026-06-11,40,B8066
8067,13,5,2026-06-13,43,B8067
8068,13,5,2026-06-15,50,B8068
8069,13,5,2026-06-17,50,B8069
8070,13,5,2026-06-19,40,B8070
8071,13,5,2026-06-21,47,B8071
8072,13,5,2026-06-23,48,B8072
8073,13,5,2026-06-25,51,B8073
8074,13,5,2026-06-27,50,B8074
8075,13,5,2026-06-29,49,B8075
8076,13,5,2026-07-01,40,B8076
8077,13,5,2026-07-03,52,B8077
8078,13,5,2026-07-05,46,B8078
8079,13,5,2026-07-07,50,B8079
8080,13,5,2026-07-09,48,B8080
8081,13,5,2026-07-11,53,B8081
8082,13,5,2026-07-13,45,B8082
8083,13,5,2026-07-15,45,B8083
8084,13,5,2026-07-17,51,B8084
8085,13,5,2026-07-19,45,B8085
8086,13,5,2026-07-21,42,B8086
8087,13,5,2026-07-23,43,B8087
8088,13,5,2026-07-25,47,B8088
8089,13,5,2026-07-27,46,B8089
8090,13,5,2026-07-29,47,B8090
8091,13,5,2026-07-31,43,B8091
8092,13,5,2026-08-02,50,B8092
8093,13,5,2026-08-04,47,B8093
8094,13,6,2026-05-08,54,B8094
8095,13,6,2026-05-11,61,B8095
8096,13,6,2026-05-14,54,B8096
8097,13,6,2026-05-17,64,B8097
8098,13,6,2026-05-20,63,B8098
8099,13,6,2026-05-23,54,B8099
8100,13,6,2026-05-26,60,B8100
8101,13,6,2026-05-29,63,B8101
8102,13,6,2026-06-01,49,B8102
8103,13,6,2026-06-04,53,B8103
8104,13,6,2026-06-07,59,B8104
8105,13,6,2026-06-10,59,B8105
8106,13,6,2026-06-13,58,B8106
8107,13,6,2026-06-16,53,B8107
8108,13,6,2026-06-19,51,B8108
8109,13,6,2026-06-22,58,B8109
8110,13,6,2026-06-25,56,B8110
8111,13,6,2026-06-28,64,B8111
8112,13,6,2026-07-01,58,B8112
8113,13,6,2026-07-04,54,B8113
8114,13,6,2026-07-07,63,B8114
8115,13,6,2026-07-10,63,B8115
8116,13,6,2026-07-13,59,B8116
8117,13,6,2026-07-16,55,B8117
8118,13,6,2026-07-19,64,B8118
8119,13,6,2026-07-22,58,B8119
8120,13,6,2026-07-25,51,B8120
8121,13,6,2026-07-28,60,B8121
8122,13,6,2026-07-31,50,B8122
8123,13,6,2026-08-03,50,B8123
8124,13,7,2026-05-08,96,B8124
8125,13,7,2026-05-11,84,B8125
8126,13,7,2026-05-14,82,B8126
8127,13,7,2026-05-17,86,B8127
8128,13,7,2026-05-20,73,B8128
8129,13,7,2026-05-23,83,B8129
8130,13,7,2026-05-26,96,B8130
8131,13,7,2026-05-29,93,B8131
8132,13,7,2026-06-01,76,B8132
8133,13,7,2026-06-04,91,B8133
8134,13,7,2026-06-07,77,B8134
8135,13,7,2026-06-10,72,B8135
8136,13,7,2026-06-13,87,B8136
8137,13,7,2026-06-16,76,B8137
8138,13,7,2026-06-19,79,B8138
8139,13,7,2026-06-22,92,B8139
8140,13,7,2026-06-25,89,B8140
8141,13,7,2026-06-28,85,B8141
8142,13,7,2026-07-01,81,B8142
8143,13,7,2026-07-04,87,B8143
8144,13,7,2026-07-07,74,B8144
8145,13,7,2026-07-10,85,B8145
8146,13,7,2026-07-13,85,B8146
8147,13,7,2026-07-16,79,B8147
8148,13,7,2026-07-19,80,B8148
8149,13,7,2026-07-22,81,B8149
8150,13,7,2026-07-25,75,B8150
8151,13,7,2026-07-28,81,B8151
8152,13,7,2026-07-31,75,B8152
8153,13,7,2026-08-03,94,B8153
8154,13,8,2026-05-08,45,B8154
8155,13,8,2026-05-10,49,B8155
8156,13,8,2026-05-12,45,B8156
8157,13,8,2026-05-14,45,B8157
8158,13,8,2026-05-16,47,B8158
8159,13,8,2026-05-18,50,B8159
8160,13,8,2026-05-20,49,B8160
8161,13,8,2026-05-22,52,B8161
8162,13,8,2026-05-24,40,B8162
8163,13,8,2026-05-26,49,B8163
8164,13,8,2026-05-28,43,B8164
8165,13,8,2026-05-30,44,B8165
8166,13,8,2026-06-01,40,B8166
8167,13,8,2026-06-03,44,B8167
8168,13,8,2026-06-05,47,B8168
8169,13,8,2026-06-07,47,B8169
8170,13,8,2026-06-09,40,B8170
8171,13,8,2026-06-11,47,B8171
8172,13,8,2026-06-13,47,B8172
8173,13,8,2026-06-15,53,B8173
8174,13,8,2026-06-17,42,B8174
8175,13,8,2026-06-19,44,B8175
8176,13,8,2026-06-21,48,B8176
8177,13,8,2026-06-23,48,B8177
8178,13,8,2026-06-25,45,B8178
8179,13,8,2026-06-27,49,B8179
8180,13,8,2026-06-29,42,B8180
8181,13,8,2026-07-01,41,B8181
8182,13,8,2026-07-03,50,B8182
8183,13,8,2026-07-05,43,B8183
8184,13,8,2026-07-07,46,B8184
8185,13,8,2026-07-09,51,B8185
8186,13,8,2026-07-11,40,B8186
8187,13,8,2026-07-13,44,B8187
8188,13,8,2026-07-15,42,B8188
8189,13,8,2026-07-17,42,B8189
8190,13,8,2026-07-19,49,B8190
8191,13,8,2026-07-21,45,B8191
8192,13,8,2026-07-23,47,B8192
8193,13,8,2026-07-25,44,B8193
8194,13,8,2026-07-27,42,B8194
8195,13,8,2026-07-29,53,B8195
8196,13,8,2026-07-31,48,B8196
8197,13,8,2026-08-02,50,B8197
8198,13,8,2026-08-04,43,B8198
8199,13,9,2026-05-08,79,B8199
8200,13,9,2026-05-11,70,B8200
8201,13,9,2026-05-14,75,B8201
8202,13,9,2026-05-17,63,B8202
8203,13,9,2026-05-20,72,B8203
8204,13,9,2026-05-23,75,B8204
8205,13,9,2026-05-26,68,B8205
8206,13,9,2026-05-29,66,B8206
8207,13,9,2026-06-01,73,B8207
8208,13,9,2026-06-04,65,B8208
8209,13,9,2026-06-07,70,B8209
8210,13,9,2026-06-10,64,B8210
8211,13,9,2026-06-13,70,B8211
8212,13,9,2026-06-16,68,B8212
8213,13,9,2026-06-19,73,B8213
8214,13,9,2026-06-22,76,B8214
8215,13,9,2026-06-25,73,B8215
8216,13,9,2026-06-28,65,B8216
8217,13,9,2026-07-01,77,B8217
8218,13,9,2026-07-04,70,B8218
8219,13,9,2026-07-07,78,B8219
8220,13,9,2026-07-10,62,B8220
8221,13,9,2026-07-13,82,B8221
8222,13,9,2026-07-16,70,B8222
8223,13,9,2026-07-19,61,B8223
8224,13,9,2026-07-22,72,B8224
8225,13,9,2026-07-25,77,B8225
8226,13,9,2026-07-28,74,B8226
8227,13,9,2026-07-31,68,B8227
8228,13,9,2026-08-03,68,B8228
8229,13,10,2026-05-08,44,B8229
8230,13,10,2026-05-11,49,B8230
8231,13,10,2026-05-14,42,B8231
8232,13,10,2026-05-17,45,B8232
8233,13,10,2026-05-20,51,B8233
8234,13,10,2026-05-23,48,B8234
8235,13,10,2026-05-26,41,B8235
8236,13,10,2026-05-29,49,B8236
8237,13,10,2026-06-01,42,B8237
8238,13,10,2026-06-04,44,B8238
8239,13,10,2026-06-07,44,B8239
8240,13,10,2026-06-10,40,B8240
8241,13,10,2026-06-13,42,B8241
8242,13,10,2026-06-16,40,B8242
8243,13,10,2026-06-19,41,B8243
8244,13,10,2026-06-22,46,B8244
8245,13,10,2026-06-25,41,B8245
8246,13,10,2026-06-28,49,B8246
8247,13,10,2026-07-01,40,B8247
8248,13,10,2026-07-04,44,B8248
8249,13,10,2026-07-07,43,B8249
8250,13,10,2026-07-10,52,B8250
8251,13,10,2026-07-13,40,B8251
8252,13,10,2026-07-16,41,B8252
8253,13,10,2026-07-19,43,B8253
8254,13,10,2026-07-22,51,B8254
8255,13,10,2026-07-25,44,B8255
8256,13,10,2026-07-28,43,B8256
8257,13,10,2026-07-31,40,B8257
8258,13,10,2026-08-03,41,B8258
8259,13,11,2026-05-08,39,B8259
8260,13,11,2026-05-10,37,B8260
8261,13,11,2026-05-12,38,B8261
8262,13,11,2026-05-14,39,B8262
8263,13,11,2026-05-16,40,B8263
8264,13,11,2026-05-18,50,B8264
8265,13,11,2026-05-20,46,B8265
8266,13,11,2026-05-22,47,B8266
8267,13,11,2026-05-24,39,B8267
8268,13,11,2026-05-26,37,B8268
8269,13,11,2026-05-28,48,B8269
8270,13,11,2026-05-30,39,B8270
8271,13,11,2026-06-01,45,B8271
8272,13,11,2026-06-03,48,B8272
8273,13,11,2026-06-05,38,B8273
8274,13,11,2026-06-07,41,B8274
8275,13,11,2026-06-09,47,B8275
8276,13,11,2026-06-11,42,B8276
8277,13,11,2026-06-13,44,B8277
8278,13,11,2026-06-15,48,B8278
8279,13,11,2026-06-17,41,B8279
8280,13,11,2026-06-19,49,B8280
8281,13,11,2026-06-21,44,B8281
8282,13,11,2026-06-23,44,B8282
8283,13,11,2026-06-25,50,B8283
8284,13,11,2026-06-27,48,B8284
8285,13,11,2026-06-29,37,B8285
8286,13,11,2026-07-01,45,B8286
8287,13,11,2026-07-03,49,B8287
8288,13,11,2026-07-05,47,B8288
8289,13,11,2026-07-07,48,B8289
8290,13,11,2026-07-09,43,B8290
8291,13,11,2026-07-11,41,B8291
8292,13,11,2026-07-13,50,B8292
8293,13,11,2026-07-15,45,B8293
8294,13,11,2026-07-17,40,B8294
8295,13,11,2026-07-19,49,B8295
8296,13,11,2026-07-21,44,B8296
8297,13,11,2026-07-23,40,B8297
8298,13,11,2026-07-25,42,B8298
8299,13,11,2026-07-27,46,B8299
8300,13,11,2026-07-29,49,B8300
8301,13,11,2026-07-31,43,B8301
8302,13,11,2026-08-02,47,B8302
8303,13,11,2026-08-04,49,B8303
8304,13,12,2026-05-08,42,B8304
8305,13,12,2026-05-11,38,B8305
8306,13,12,2026-05-14,36,B8306
8307,13,12,2026-05-17,38,B8307
8308,13,12,2026-05-20,36,B8308
8309,13,12,2026-05-23,33,B8309
8310,13,12,2026-05-26,38,B8310
8311,13,12,2026-05-29,40,B8311
8312,13,12,2026-06-01,43,B8312
8313,13,12,2026-06-04,41,B8313
8314,13,12,2026-06-07,35,B8314
8315,13,12,2026-06-10,38,B8315
8316,13,12,2026-06-13,36,B8316
8317,13,12,2026-06-16,34,B8317
8318,13,12,2026-06-19,36,B8318
8319,13,12,2026-06-22,40,B8319
8320,13,12,2026-06-25,36,B8320
8321,13,12,2026-06-28,37,B8321
8322,13,12,2026-07-01,34,B8322
8323,13,12,2026-07-04,35,B8323
8324,13,12,2026-07-07,42,B8324
8325,13,12,2026-07-10,38,B8325
8326,13,12,2026-07-13,33,B8326
8327,13,12,2026-07-16,39,B8327
8328,13,12,2026-07-19,33,B8328
8329,13,12,2026-07-22,35,B8329
8330,13,12,2026-07-25,38,B8330
8331,13,12,2026-07-28,38,B8331
8332,13,12,2026-07-31,34,B8332
8333,13,12,2026-08-03,36,B8333
8334,13,13,2026-05-08,21,B8334
8335,13,13,2026-05-10,27,B8335
8336,13,13,2026-05-12,23,B8336
8337,13,13,2026-05-14,25,B8337
8338,13,13,2026-05-16,25,B8338
8339,13,13,2026-05-18,22,B8339
8340,13,13,2026-05-20,20,B8340
8341,13,13,2026-05-22,26,B8341
8342,13,13,2026-05-24,23,B8342
8343,13,13,2026-05-26,24,B8343
8344,13,13,2026-05-28,22,B8344
8345,13,13,2026-05-30,23,B8345
8346,13,13,2026-06-01,24,B8346
8347,13,13,2026-06-03,26,B8347
8348,13,13,2026-06-05,27,B8348
8349,13,13,2026-06-07,25,B8349
8350,13,13,2026-06-09,25,B8350
8351,13,13,2026-06-11,23,B8351
8352,13,13,2026-06-13,24,B8352
8353,13,13,2026-06-15,25,B8353
8354,13,13,2026-06-17,26,B8354
8355,13,13,2026-06-19,23,B8355
8356,13,13,2026-06-21,23,B8356
8357,13,13,2026-06-23,21,B8357
8358,13,13,2026-06-25,20,B8358
8359,13,13,2026-06-27,25,B8359
8360,13,13,2026-06-29,22,B8360
8361,13,13,2026-07-01,25,B8361
8362,13,13,2026-07-03,21,B8362
8363,13,13,2026-07-05,24,B8363
8364,13,13,2026-07-07,23,B8364
8365,13,13,2026-07-09,20,B8365
8366,13,13,2026-07-11,26,B8366
8367,13,13,2026-07-13,25,B8367
8368,13,13,2026-07-15,25,B8368
8369,13,13,2026-07-17,25,B8369
8370,13,13,2026-07-19,20,B8370
8371,13,13,2026-07-21,26,B8371
8372,13,13,2026-07-23,22,B8372
8373,13,13,2026-07-25,23,B8373
8374,13,13,2026-07-27,22,B8374
8375,13,13,2026-07-29,24,B8375
8376,13,13,2026-07-31,21,B8376
8377,13,13,2026-08-02,24,B8377
8378,13,13,2026-08-04,26,B8378
8379,13,14,2026-05-08,15,B8379
8380,13,14,2026-05-10,14,B8380
8381,13,14,2026-05-12,15,B8381
8382,13,14,2026-05-14,14,B8382
8383,13,14,2026-05-16,14,B8383
8384,13,14,2026-05-18,13,B8384
8385,13,14,2026-05-20,14,B8385
8386,13,14,2026-05-22,13,B8386
8387,13,14,2026-05-24,13,B8387
8388,13,14,2026-05-26,17,B8388
8389,13,14,2026-05-28,13,B8389
8390,13,14,2026-05-30,14,B8390
8391,13,14,2026-06-01,16,B8391
8392,13,14,2026-06-03,13,B8392
8393,13,14,2026-06-05,15,B8393
8394,13,14,2026-06-07,16,B8394
8395,13,14,2026-06-09,14,B8395
8396,13,14,2026-06-11,14,B8396
8397,13,14,2026-06-13,13,B8397
8398,13,14,2026-06-15,16,B8398
8399,13,14,2026-06-17,14,B8399
8400,13,14,2026-06-19,13,B8400
8401,13,14,2026-06-21,15,B8401
8402,13,14,2026-06-23,14,B8402
8403,13,14,2026-06-25,13,B8403
8404,13,14,2026-06-27,13,B8404
8405,13,14,2026-06-29,13,B8405
8406,13,14,2026-07-01,15,B8406
8407,13,14,2026-07-03,13,B8407
8408,13,14,2026-07-05,15,B8408
8409,13,14,2026-07-07,13,B8409
8410,13,14,2026-07-09,13,B8410
8411,13,14,2026-07-11,16,B8411
8412,13,14,2026-07-13,17,B8412
8413,13,14,2026-07-15,12,B8413
8414,13,14,2026-07-17,14,B8414
8415,13,14,2026-07-19,14,B8415
8416,13,14,2026-07-21,16,B8416
8417,13,14,2026-07-23,13,B8417
8418,13,14,2026-07-25,16,B8418
8419,13,14,2026-07-27,13,B8419
8420,13,14,2026-07-29,16,B8420
8421,13,14,2026-07-31,13,B8421
8422,13,14,2026-08-02,14,B8422
8423,13,14,2026-08-04,14,B8423
8424,13,15,2026-05-08,379,B8424
8425,13,15,2026-05-24,368,B8425
8426,13,15,2026-06-09,343,B8426
8427,13,15,2026-06-25,376,B8427
8428,13,15,2026-07-11,396,B8428
8429,13,16,2026-05-08,237,B8429
8430,13,16,2026-05-19,232,B8430
8431,13,16,2026-05-30,220,B8431
8432,13,16,2026-06-10,232,B8432
8433,13,16,2026-06-21,220,B8433
8434,13,16,2026-07-02,239,B8434
8435,13,16,2026-07-13,222,B8435
8436,13,16,2026-07-24,203,B8436
8437,13,17,2026-05-08,355,B8437
8438,13,17,2026-05-23,313,B8438
8439,13,17,2026-06-07,348,B8439
8440,13,17,2026-06-22,306,B8440
8441,13,17,2026-07-07,282,B8441
8442,13,17,2026-07-22,348,B8442
8443,13,18,2026-05-08,299,B8443
8444,13,18,2026-05-23,312,B8444
8445,13,18,2026-06-07,350,B8445
8446,13,18,2026-06-22,351,B8446
8447,13,18,2026-07-07,297,B8447
8448,13,18,2026-07-22,320,B8448
8449,13,19,2026-05-08,167,B8449
8450,13,19,2026-05-21,158,B8450
8451,13,19,2026-06-03,151,B8451
8452,13,19,2026-06-16,179,B8452
8453,13,19,2026-06-29,146,B8453
8454,13,19,2026-07-12,168,B8454
8455,13,20,2026-05-08,268,B8455
8456,13,20,2026-05-20,232,B8456
8457,13,20,2026-06-01,236,B8457
8458,13,20,2026-06-13,266,B8458
8459,13,20,2026-06-25,222,B8459
8460,13,20,2026-07-07,231,B8460
8461,13,20,2026-07-19,215,B8461
8462,13,21,2026-05-08,265,B8462
8463,13,21,2026-05-26,224,B8463
8464,13,21,2026-06-13,229,B8464
8465,13,21,2026-07-01,240,B8465
8466,13,21,2026-07-19,247,B8466
8467,13,22,2026-05-08,225,B8467
8468,13,22,2026-05-24,270,B8468
8469,13,22,2026-06-09,229,B8469
8470,13,22,2026-06-25,212,B8470
8471,13,22,2026-07-11,246,B8471
8472,13,23,2026-05-08,85,B8472
8473,13,23,2026-05-24,90,B8473
8474,13,23,2026-06-09,92,B8474
8475,13,23,2026-06-25,76,B8475
8476,13,23,2026-07-11,96,B8476
8477,13,24,2026-05-08,118,B8477
8478,13,24,2026-05-25,141,B8478
8479,13,24,2026-06-11,130,B8479
8480,13,24,2026-06-28,120,B8480
8481,13,24,2026-07-15,114,B8481
8482,13,25,2026-05-08,195,B8482
8483,13,25,2026-05-25,177,B8483
8484,13,25,2026-06-11,207,B8484
8485,13,25,2026-06-28,175,B8485
8486,13,25,2026-07-15,230,B8486
8487,13,26,2026-05-08,76,B8487
8488,13,26,2026-05-19,70,B8488
8489,13,26,2026-05-30,67,B8489
8490,13,26,2026-06-10,80,B8490
8491,13,26,2026-06-21,70,B8491
8492,13,26,2026-07-02,77,B8492
8493,13,26,2026-07-13,81,B8493
8494,13,26,2026-07-24,86,B8494
8495,13,27,2026-05-08,159,B8495
8496,13,27,2026-05-26,187,B8496
8497,13,27,2026-06-13,159,B8497
8498,13,27,2026-07-01,160,B8498
8499,13,27,2026-07-19,170,B8499
8500,13,28,2026-05-08,90,B8500
8501,13,28,2026-05-22,110,B8501
8502,13,28,2026-06-05,113,B8502
8503,13,28,2026-06-19,88,B8503
8504,13,28,2026-07-03,96,B8504
8505,13,28,2026-07-17,102,B8505
8506,13,29,2026-05-08,144,B8506
8507,13,29,2026-05-26,143,B8507
8508,13,29,2026-06-13,114,B8508
8509,13,29,2026-07-01,148,B8509
8510,13,29,2026-07-19,147,B8510
8511,13,30,2026-05-08,62,B8511
8512,13,30,2026-05-20,51,B8512
8513,13,30,2026-06-01,55,B8513
8514,13,30,2026-06-13,54,B8514
8515,13,30,2026-06-25,61,B8515
8516,13,30,2026-07-07,47,B8516
8517,13,30,2026-07-19,63,B8517
8518,13,31,2026-05-08,137,B8518
8519,13,31,2026-05-24,161,B8519
8520,13,31,2026-06-09,142,B8520
8521,13,31,2026-06-25,127,B8521
8522,13,31,2026-07-11,136,B8522
8523,13,32,2026-05-08,188,B8523
8524,13,32,2026-05-26,207,B8524
8525,13,32,2026-06-13,197,B8525
8526,13,32,2026-07-01,198,B8526
8527,13,32,2026-07-19,174,B8527
8528,13,33,2026-05-08,211,B8528
8529,13,33,2026-05-25,186,B8529
8530,13,33,2026-06-11,182,B8530
8531,13,33,2026-06-28,191,B8531
8532,13,33,2026-07-15,193,B8532
8533,13,34,2026-05-08,208,B8533
8534,13,34,2026-05-25,171,B8534
8535,13,34,2026-06-11,166,B8535
8536,13,34,2026-06-28,185,B8536
8537,13,34,2026-07-15,193,B8537
8538,14,1,2026-05-08,50,B8538
8539,14,1,2026-05-10,53,B8539
8540,14,1,2026-05-12,50,B8540
8541,14,1,2026-05-14,46,B8541
8542,14,1,2026-05-16,47,B8542
8543,14,1,2026-05-18,47,B8543
8544,14,1,2026-05-20,44,B8544
8545,14,1,2026-05-22,52,B8545
8546,14,1,2026-05-24,54,B8546
8547,14,1,2026-05-26,51,B8547
8548,14,1,2026-05-28,51,B8548
8549,14,1,2026-05-30,56,B8549
8550,14,1,2026-06-01,52,B8550
8551,14,1,2026-06-03,48,B8551
8552,14,1,2026-06-05,46,B8552
8553,14,1,2026-06-07,55,B8553
8554,14,1,2026-06-09,44,B8554
8555,14,1,2026-06-11,51,B8555
8556,14,1,2026-06-13,45,B8556
8557,14,1,2026-06-15,45,B8557
8558,14,1,2026-06-17,44,B8558
8559,14,1,2026-06-19,49,B8559
8560,14,1,2026-06-21,56,B8560
8561,14,1,2026-06-23,49,B8561
8562,14,1,2026-06-25,46,B8562
8563,14,1,2026-06-27,46,B8563
8564,14,1,2026-06-29,46,B8564
8565,14,1,2026-07-01,44,B8565
8566,14,1,2026-07-03,51,B8566
8567,14,1,2026-07-05,45,B8567
8568,14,1,2026-07-07,53,B8568
8569,14,1,2026-07-09,59,B8569
8570,14,1,2026-07-11,55,B8570
8571,14,1,2026-07-13,49,B8571
8572,14,1,2026-07-15,57,B8572
8573,14,1,2026-07-17,59,B8573
8574,14,1,2026-07-19,46,B8574
8575,14,1,2026-07-21,45,B8575
8576,14,1,2026-07-23,50,B8576
8577,14,1,2026-07-25,58,B8577
8578,14,1,2026-07-27,50,B8578
8579,14,1,2026-07-29,55,B8579
8580,14,1,2026-07-31,55,B8580
8581,14,1,2026-08-02,56,B8581
8582,14,1,2026-08-04,55,B8582
8583,14,2,2026-05-08,45,B8583
8584,14,2,2026-05-10,46,B8584
8585,14,2,2026-05-12,51,B8585
8586,14,2,2026-05-14,50,B8586
8587,14,2,2026-05-16,46,B8587
8588,14,2,2026-05-18,55,B8588
8589,14,2,2026-05-20,43,B8589
8590,14,2,2026-05-22,51,B8590
8591,14,2,2026-05-24,48,B8591
8592,14,2,2026-05-26,55,B8592
8593,14,2,2026-05-28,45,B8593
8594,14,2,2026-05-30,47,B8594
8595,14,2,2026-06-01,44,B8595
8596,14,2,2026-06-03,46,B8596
8597,14,2,2026-06-05,44,B8597
8598,14,2,2026-06-07,48,B8598
8599,14,2,2026-06-09,56,B8599
8600,14,2,2026-06-11,57,B8600
8601,14,2,2026-06-13,47,B8601
8602,14,2,2026-06-15,48,B8602
8603,14,2,2026-06-17,53,B8603
8604,14,2,2026-06-19,55,B8604
8605,14,2,2026-06-21,52,B8605
8606,14,2,2026-06-23,50,B8606
8607,14,2,2026-06-25,52,B8607
8608,14,2,2026-06-27,58,B8608
8609,14,2,2026-06-29,53,B8609
8610,14,2,2026-07-01,49,B8610
8611,14,2,2026-07-03,54,B8611
8612,14,2,2026-07-05,44,B8612
8613,14,2,2026-07-07,43,B8613
8614,14,2,2026-07-09,47,B8614
8615,14,2,2026-07-11,53,B8615
8616,14,2,2026-07-13,51,B8616
8617,14,2,2026-07-15,56,B8617
8618,14,2,2026-07-17,57,B8618
8619,14,2,2026-07-19,47,B8619
8620,14,2,2026-07-21,46,B8620
8621,14,2,2026-07-23,58,B8621
8622,14,2,2026-07-25,56,B8622
8623,14,2,2026-07-27,45,B8623
8624,14,2,2026-07-29,48,B8624
8625,14,2,2026-07-31,48,B8625
8626,14,2,2026-08-02,44,B8626
8627,14,2,2026-08-04,43,B8627
8628,14,3,2026-05-08,105,B8628
8629,14,3,2026-05-11,105,B8629
8630,14,3,2026-05-14,125,B8630
8631,14,3,2026-05-17,117,B8631
8632,14,3,2026-05-20,129,B8632
8633,14,3,2026-05-23,129,B8633
8634,14,3,2026-05-26,113,B8634
8635,14,3,2026-05-29,104,B8635
8636,14,3,2026-06-01,111,B8636
8637,14,3,2026-06-04,140,B8637
8638,14,3,2026-06-07,112,B8638
8639,14,3,2026-06-10,128,B8639
8640,14,3,2026-06-13,108,B8640
8641,14,3,2026-06-16,130,B8641
8642,14,3,2026-06-19,117,B8642
8643,14,3,2026-06-22,112,B8643
8644,14,3,2026-06-25,105,B8644
8645,14,3,2026-06-28,112,B8645
8646,14,3,2026-07-01,139,B8646
8647,14,3,2026-07-04,113,B8647
8648,14,3,2026-07-07,131,B8648
8649,14,3,2026-07-10,120,B8649
8650,14,3,2026-07-13,124,B8650
8651,14,3,2026-07-16,115,B8651
8652,14,3,2026-07-19,105,B8652
8653,14,3,2026-07-22,130,B8653
8654,14,3,2026-07-25,113,B8654
8655,14,3,2026-07-28,113,B8655
8656,14,3,2026-07-31,118,B8656
8657,14,3,2026-08-03,116,B8657
8658,14,4,2026-05-08,43,B8658
8659,14,4,2026-05-10,43,B8659
8660,14,4,2026-05-12,47,B8660
8661,14,4,2026-05-14,51,B8661
8662,14,4,2026-05-16,43,B8662
8663,14,4,2026-05-18,43,B8663
8664,14,4,2026-05-20,49,B8664
8665,14,4,2026-05-22,54,B8665
8666,14,4,2026-05-24,48,B8666
8667,14,4,2026-05-26,57,B8667
8668,14,4,2026-05-28,51,B8668
8669,14,4,2026-05-30,55,B8669
8670,14,4,2026-06-01,51,B8670
8671,14,4,2026-06-03,58,B8671
8672,14,4,2026-06-05,55,B8672
8673,14,4,2026-06-07,55,B8673
8674,14,4,2026-06-09,45,B8674
8675,14,4,2026-06-11,57,B8675
8676,14,4,2026-06-13,47,B8676
8677,14,4,2026-06-15,47,B8677
8678,14,4,2026-06-17,49,B8678
8679,14,4,2026-06-19,58,B8679
8680,14,4,2026-06-21,58,B8680
8681,14,4,2026-06-23,55,B8681
8682,14,4,2026-06-25,50,B8682
8683,14,4,2026-06-27,49,B8683
8684,14,4,2026-06-29,58,B8684
8685,14,4,2026-07-01,55,B8685
8686,14,4,2026-07-03,54,B8686
8687,14,4,2026-07-05,52,B8687
8688,14,4,2026-07-07,46,B8688
8689,14,4,2026-07-09,49,B8689
8690,14,4,2026-07-11,45,B8690
8691,14,4,2026-07-13,47,B8691
8692,14,4,2026-07-15,46,B8692
8693,14,4,2026-07-17,46,B8693
8694,14,4,2026-07-19,53,B8694
8695,14,4,2026-07-21,54,B8695
8696,14,4,2026-07-23,45,B8696
8697,14,4,2026-07-25,55,B8697
8698,14,4,2026-07-27,44,B8698
8699,14,4,2026-07-29,48,B8699
8700,14,4,2026-07-31,54,B8700
8701,14,4,2026-08-02,55,B8701
8702,14,4,2026-08-04,53,B8702
8703,14,5,2026-05-08,81,B8703
8704,14,5,2026-05-10,93,B8704
8705,14,5,2026-05-12,76,B8705
8706,14,5,2026-05-14,81,B8706
8707,14,5,2026-05-16,89,B8707
8708,14,5,2026-05-18,86,B8708
8709,14,5,2026-05-20,73,B8709
8710,14,5,2026-05-22,77,B8710
8711,14,5,2026-05-24,92,B8711
8712,14,5,2026-05-26,77,B8712
8713,14,5,2026-05-28,90,B8713
8714,14,5,2026-05-30,70,B8714
8715,14,5,2026-06-01,92,B8715
8716,14,5,2026-06-03,78,B8716
8717,14,5,2026-06-05,89,B8717
8718,14,5,2026-06-07,75,B8718
8719,14,5,2026-06-09,78,B8719
8720,14,5,2026-06-11,83,B8720
8721,14,5,2026-06-13,71,B8721
8722,14,5,2026-06-15,90,B8722
8723,14,5,2026-06-17,82,B8723
8724,14,5,2026-06-19,80,B8724
8725,14,5,2026-06-21,75,B8725
8726,14,5,2026-06-23,79,B8726
8727,14,5,2026-06-25,91,B8727
8728,14,5,2026-06-27,74,B8728
8729,14,5,2026-06-29,71,B8729
8730,14,5,2026-07-01,82,B8730
8731,14,5,2026-07-03,70,B8731
8732,14,5,2026-07-05,90,B8732
8733,14,5,2026-07-07,82,B8733
8734,14,5,2026-07-09,85,B8734
8735,14,5,2026-07-11,89,B8735
8736,14,5,2026-07-13,90,B8736
8737,14,5,2026-07-15,79,B8737
8738,14,5,2026-07-17,88,B8738
8739,14,5,2026-07-19,91,B8739
8740,14,5,2026-07-21,94,B8740
8741,14,5,2026-07-23,69,B8741
8742,14,5,2026-07-25,73,B8742
8743,14,5,2026-07-27,83,B8743
8744,14,5,2026-07-29,78,B8744
8745,14,5,2026-07-31,81,B8745
8746,14,5,2026-08-02,73,B8746
8747,14,5,2026-08-04,80,B8747
8748,14,6,2026-05-08,68,B8748
8749,14,6,2026-05-11,74,B8749
8750,14,6,2026-05-14,75,B8750
8751,14,6,2026-05-17,85,B8751
8752,14,6,2026-05-20,83,B8752
8753,14,6,2026-05-23,84,B8753
8754,14,6,2026-05-26,74,B8754
8755,14,6,2026-05-29,83,B8755
8756,14,6,2026-06-01,68,B8756
8757,14,6,2026-06-04,70,B8757
8758,14,6,2026-06-07,70,B8758
8759,14,6,2026-06-10,66,B8759
8760,14,6,2026-06-13,81,B8760
8761,14,6,2026-06-16,84,B8761
8762,14,6,2026-06-19,78,B8762
8763,14,6,2026-06-22,74,B8763
8764,14,6,2026-06-25,86,B8764
8765,14,6,2026-06-28,67,B8765
8766,14,6,2026-07-01,74,B8766
8767,14,6,2026-07-04,87,B8767
8768,14,6,2026-07-07,84,B8768
8769,14,6,2026-07-10,73,B8769
8770,14,6,2026-07-13,79,B8770
8771,14,6,2026-07-16,76,B8771
8772,14,6,2026-07-19,80,B8772
8773,14,6,2026-07-22,78,B8773
8774,14,6,2026-07-25,87,B8774
8775,14,6,2026-07-28,84,B8775
8776,14,6,2026-07-31,82,B8776
8777,14,6,2026-08-03,83,B8777
8778,14,7,2026-05-08,64,B8778
8779,14,7,2026-05-10,56,B8779
8780,14,7,2026-05-12,59,B8780
8781,14,7,2026-05-14,56,B8781
8782,14,7,2026-05-16,47,B8782
8783,14,7,2026-05-18,60,B8783
8784,14,7,2026-05-20,61,B8784
8785,14,7,2026-05-22,61,B8785
8786,14,7,2026-05-24,56,B8786
8787,14,7,2026-05-26,52,B8787
8788,14,7,2026-05-28,47,B8788
8789,14,7,2026-05-30,59,B8789
8790,14,7,2026-06-01,56,B8790
8791,14,7,2026-06-03,50,B8791
8792,14,7,2026-06-05,54,B8792
8793,14,7,2026-06-07,49,B8793
8794,14,7,2026-06-09,47,B8794
8795,14,7,2026-06-11,48,B8795
8796,14,7,2026-06-13,57,B8796
8797,14,7,2026-06-15,52,B8797
8798,14,7,2026-06-17,47,B8798
8799,14,7,2026-06-19,59,B8799
8800,14,7,2026-06-21,48,B8800
8801,14,7,2026-06-23,57,B8801
8802,14,7,2026-06-25,54,B8802
8803,14,7,2026-06-27,52,B8803
8804,14,7,2026-06-29,52,B8804
8805,14,7,2026-07-01,51,B8805
8806,14,7,2026-07-03,48,B8806
8807,14,7,2026-07-05,55,B8807
8808,14,7,2026-07-07,59,B8808
8809,14,7,2026-07-09,53,B8809
8810,14,7,2026-07-11,54,B8810
8811,14,7,2026-07-13,51,B8811
8812,14,7,2026-07-15,62,B8812
8813,14,7,2026-07-17,59,B8813
8814,14,7,2026-07-19,56,B8814
8815,14,7,2026-07-21,58,B8815
8816,14,7,2026-07-23,53,B8816
8817,14,7,2026-07-25,53,B8817
8818,14,7,2026-07-27,61,B8818
8819,14,7,2026-07-29,52,B8819
8820,14,7,2026-07-31,55,B8820
8821,14,7,2026-08-02,64,B8821
8822,14,7,2026-08-04,61,B8822
8823,14,8,2026-05-08,52,B8823
8824,14,8,2026-05-10,51,B8824
8825,14,8,2026-05-12,44,B8825
8826,14,8,2026-05-14,42,B8826
8827,14,8,2026-05-16,41,B8827
8828,14,8,2026-05-18,52,B8828
8829,14,8,2026-05-20,44,B8829
8830,14,8,2026-05-22,53,B8830
8831,14,8,2026-05-24,54,B8831
8832,14,8,2026-05-26,50,B8832
8833,14,8,2026-05-28,45,B8833
8834,14,8,2026-05-30,51,B8834
8835,14,8,2026-06-01,43,B8835
8836,14,8,2026-06-03,44,B8836
8837,14,8,2026-06-05,50,B8837
8838,14,8,2026-06-07,45,B8838
8839,14,8,2026-06-09,43,B8839
8840,14,8,2026-06-11,48,B8840
8841,14,8,2026-06-13,44,B8841
8842,14,8,2026-06-15,53,B8842
8843,14,8,2026-06-17,50,B8843
8844,14,8,2026-06-19,47,B8844
8845,14,8,2026-06-21,45,B8845
8846,14,8,2026-06-23,51,B8846
8847,14,8,2026-06-25,52,B8847
8848,14,8,2026-06-27,50,B8848
8849,14,8,2026-06-29,46,B8849
8850,14,8,2026-07-01,49,B8850
8851,14,8,2026-07-03,44,B8851
8852,14,8,2026-07-05,55,B8852
8853,14,8,2026-07-07,41,B8853
8854,14,8,2026-07-09,51,B8854
8855,14,8,2026-07-11,54,B8855
8856,14,8,2026-07-13,46,B8856
8857,14,8,2026-07-15,43,B8857
8858,14,8,2026-07-17,54,B8858
8859,14,8,2026-07-19,54,B8859
8860,14,8,2026-07-21,45,B8860
8861,14,8,2026-07-23,45,B8861
8862,14,8,2026-07-25,42,B8862
8863,14,8,2026-07-27,47,B8863
8864,14,8,2026-07-29,43,B8864
8865,14,8,2026-07-31,46,B8865
8866,14,8,2026-08-02,52,B8866
8867,14,8,2026-08-04,50,B8867
8868,14,9,2026-05-08,51,B8868
8869,14,9,2026-05-10,60,B8869
8870,14,9,2026-05-12,54,B8870
8871,14,9,2026-05-14,49,B8871
8872,14,9,2026-05-16,47,B8872
8873,14,9,2026-05-18,54,B8873
8874,14,9,2026-05-20,56,B8874
8875,14,9,2026-05-22,54,B8875
8876,14,9,2026-05-24,47,B8876
8877,14,9,2026-05-26,58,B8877
8878,14,9,2026-05-28,56,B8878
8879,14,9,2026-05-30,51,B8879
8880,14,9,2026-06-01,56,B8880
8881,14,9,2026-06-03,45,B8881
8882,14,9,2026-06-05,56,B8882
8883,14,9,2026-06-07,49,B8883
8884,14,9,2026-06-09,45,B8884
8885,14,9,2026-06-11,53,B8885
8886,14,9,2026-06-13,51,B8886
8887,14,9,2026-06-15,48,B8887
8888,14,9,2026-06-17,58,B8888
8889,14,9,2026-06-19,51,B8889
8890,14,9,2026-06-21,60,B8890
8891,14,9,2026-06-23,59,B8891
8892,14,9,2026-06-25,57,B8892
8893,14,9,2026-06-27,45,B8893
8894,14,9,2026-06-29,55,B8894
8895,14,9,2026-07-01,58,B8895
8896,14,9,2026-07-03,55,B8896
8897,14,9,2026-07-05,52,B8897
8898,14,9,2026-07-07,57,B8898
8899,14,9,2026-07-09,47,B8899
8900,14,9,2026-07-11,49,B8900
8901,14,9,2026-07-13,59,B8901
8902,14,9,2026-07-15,47,B8902
8903,14,9,2026-07-17,48,B8903
8904,14,9,2026-07-19,48,B8904
8905,14,9,2026-07-21,54,B8905
8906,14,9,2026-07-23,57,B8906
8907,14,9,2026-07-25,54,B8907
8908,14,9,2026-07-27,49,B8908
8909,14,9,2026-07-29,50,B8909
8910,14,9,2026-07-31,48,B8910
8911,14,9,2026-08-02,50,B8911
8912,14,9,2026-08-04,48,B8912
8913,14,10,2026-05-08,61,B8913
8914,14,10,2026-05-11,78,B8914
8915,14,10,2026-05-14,67,B8915
8916,14,10,2026-05-17,69,B8916
8917,14,10,2026-05-20,78,B8917
8918,14,10,2026-05-23,70,B8918
8919,14,10,2026-05-26,62,B8919
8920,14,10,2026-05-29,69,B8920
8921,14,10,2026-06-01,67,B8921
8922,14,10,2026-06-04,64,B8922
8923,14,10,2026-06-07,71,B8923
8924,14,10,2026-06-10,80,B8924
8925,14,10,2026-06-13,74,B8925
8926,14,10,2026-06-16,67,B8926
8927,14,10,2026-06-19,71,B8927
8928,14,10,2026-06-22,63,B8928
8929,14,10,2026-06-25,70,B8929
8930,14,10,2026-06-28,72,B8930
8931,14,10,2026-07-01,70,B8931
8932,14,10,2026-07-04,63,B8932
8933,14,10,2026-07-07,74,B8933
8934,14,10,2026-07-10,76,B8934
8935,14,10,2026-07-13,67,B8935
8936,14,10,2026-07-16,61,B8936
8937,14,10,2026-07-19,62,B8937
8938,14,10,2026-07-22,74,B8938
8939,14,10,2026-07-25,68,B8939
8940,14,10,2026-07-28,70,B8940
8941,14,10,2026-07-31,76,B8941
8942,14,10,2026-08-03,71,B8942
8943,14,11,2026-05-08,34,B8943
8944,14,11,2026-05-11,29,B8944
8945,14,11,2026-05-14,34,B8945
8946,14,11,2026-05-17,28,B8946
8947,14,11,2026-05-20,28,B8947
8948,14,11,2026-05-23,27,B8948
8949,14,11,2026-05-26,26,B8949
8950,14,11,2026-05-29,34,B8950
8951,14,11,2026-06-01,29,B8951
8952,14,11,2026-06-04,33,B8952
8953,14,11,2026-06-07,33,B8953
8954,14,11,2026-06-10,31,B8954
8955,14,11,2026-06-13,28,B8955
8956,14,11,2026-06-16,29,B8956
8957,14,11,2026-06-19,35,B8957
8958,14,11,2026-06-22,33,B8958
8959,14,11,2026-06-25,34,B8959
8960,14,11,2026-06-28,30,B8960
8961,14,11,2026-07-01,28,B8961
8962,14,11,2026-07-04,27,B8962
8963,14,11,2026-07-07,29,B8963
8964,14,11,2026-07-10,30,B8964
8965,14,11,2026-07-13,35,B8965
8966,14,11,2026-07-16,34,B8966
8967,14,11,2026-07-19,34,B8967
8968,14,11,2026-07-22,30,B8968
8969,14,11,2026-07-25,32,B8969
8970,14,11,2026-07-28,31,B8970
8971,14,11,2026-07-31,35,B8971
8972,14,11,2026-08-03,28,B8972
8973,14,12,2026-05-08,25,B8973
8974,14,12,2026-05-10,29,B8974
8975,14,12,2026-05-12,30,B8975
8976,14,12,2026-05-14,27,B8976
8977,14,12,2026-05-16,26,B8977
8978,14,12,2026-05-18,27,B8978
8979,14,12,2026-05-20,27,B8979
8980,14,12,2026-05-22,28,B8980
8981,14,12,2026-05-24,24,B8981
8982,14,12,2026-05-26,28,B8982
8983,14,12,2026-05-28,23,B8983
8984,14,12,2026-05-30,23,B8984
8985,14,12,2026-06-01,29,B8985
8986,14,12,2026-06-03,29,B8986
8987,14,12,2026-06-05,29,B8987
8988,14,12,2026-06-07,24,B8988
8989,14,12,2026-06-09,29,B8989
8990,14,12,2026-06-11,26,B8990
8991,14,12,2026-06-13,29,B8991
8992,14,12,2026-06-15,29,B8992
8993,14,12,2026-06-17,24,B8993
8994,14,12,2026-06-19,26,B8994
8995,14,12,2026-06-21,27,B8995
8996,14,12,2026-06-23,28,B8996
8997,14,12,2026-06-25,30,B8997
8998,14,12,2026-06-27,26,B8998
8999,14,12,2026-06-29,29,B8999
9000,14,12,2026-07-01,27,B9000
9001,14,12,2026-07-03,28,B9001
9002,14,12,2026-07-05,29,B9002
9003,14,12,2026-07-07,28,B9003
9004,14,12,2026-07-09,22,B9004
9005,14,12,2026-07-11,28,B9005
9006,14,12,2026-07-13,26,B9006
9007,14,12,2026-07-15,24,B9007
9008,14,12,2026-07-17,29,B9008
9009,14,12,2026-07-19,29,B9009
9010,14,12,2026-07-21,30,B9010
9011,14,12,2026-07-23,25,B9011
9012,14,12,2026-07-25,24,B9012
9013,14,12,2026-07-27,25,B9013
9014,14,12,2026-07-29,29,B9014
9015,14,12,2026-07-31,27,B9015
9016,14,12,2026-08-02,28,B9016
9017,14,12,2026-08-04,24,B9017
9018,14,13,2026-05-08,81,B9018
9019,14,13,2026-05-11,66,B9019
9020,14,13,2026-05-14,65,B9020
9021,14,13,2026-05-17,62,B9021
9022,14,13,2026-05-20,66,B9022
9023,14,13,2026-05-23,66,B9023
9024,14,13,2026-05-26,72,B9024
9025,14,13,2026-05-29,74,B9025
9026,14,13,2026-06-01,63,B9026
9027,14,13,2026-06-04,81,B9027
9028,14,13,2026-06-07,62,B9028
9029,14,13,2026-06-10,72,B9029
9030,14,13,2026-06-13,63,B9030
9031,14,13,2026-06-16,78,B9031
9032,14,13,2026-06-19,79,B9032
9033,14,13,2026-06-22,66,B9033
9034,14,13,2026-06-25,79,B9034
9035,14,13,2026-06-28,69,B9035
9036,14,13,2026-07-01,75,B9036
9037,14,13,2026-07-04,80,B9037
9038,14,13,2026-07-07,69,B9038
9039,14,13,2026-07-10,66,B9039
9040,14,13,2026-07-13,63,B9040
9041,14,13,2026-07-16,63,B9041
9042,14,13,2026-07-19,62,B9042
9043,14,13,2026-07-22,60,B9043
9044,14,13,2026-07-25,73,B9044
9045,14,13,2026-07-28,65,B9045
9046,14,13,2026-07-31,73,B9046
9047,14,13,2026-08-03,81,B9047
9048,14,14,2026-05-08,44,B9048
9049,14,14,2026-05-11,46,B9049
9050,14,14,2026-05-14,42,B9050
9051,14,14,2026-05-17,43,B9051
9052,14,14,2026-05-20,39,B9052
9053,14,14,2026-05-23,44,B9053
9054,14,14,2026-05-26,41,B9054
9055,14,14,2026-05-29,40,B9055
9056,14,14,2026-06-01,39,B9056
9057,14,14,2026-06-04,39,B9057
9058,14,14,2026-06-07,41,B9058
9059,14,14,2026-06-10,47,B9059
9060,14,14,2026-06-13,46,B9060
9061,14,14,2026-06-16,40,B9061
9062,14,14,2026-06-19,48,B9062
9063,14,14,2026-06-22,47,B9063
9064,14,14,2026-06-25,50,B9064
9065,14,14,2026-06-28,47,B9065
9066,14,14,2026-07-01,48,B9066
9067,14,14,2026-07-04,48,B9067
9068,14,14,2026-07-07,42,B9068
9069,14,14,2026-07-10,49,B9069
9070,14,14,2026-07-13,48,B9070
9071,14,14,2026-07-16,43,B9071
9072,14,14,2026-07-19,48,B9072
9073,14,14,2026-07-22,40,B9073
9074,14,14,2026-07-25,47,B9074
9075,14,14,2026-07-28,44,B9075
9076,14,14,2026-07-31,42,B9076
9077,14,14,2026-08-03,46,B9077
9078,14,15,2026-05-08,223,B9078
9079,14,15,2026-05-21,205,B9079
9080,14,15,2026-06-03,231,B9080
9081,14,15,2026-06-16,218,B9081
9082,14,15,2026-06-29,210,B9082
9083,14,15,2026-07-12,202,B9083
9084,14,16,2026-05-08,267,B9084
9085,14,16,2026-05-23,356,B9085
9086,14,16,2026-06-07,338,B9086
9087,14,16,2026-06-22,308,B9087
9088,14,16,2026-07-07,320,B9088
9089,14,16,2026-07-22,351,B9089
9090,14,17,2026-05-08,527,B9090
9091,14,17,2026-05-20,484,B9091
9092,14,17,2026-06-01,569,B9092
9093,14,17,2026-06-13,521,B9093
9094,14,17,2026-06-25,542,B9094
9095,14,17,2026-07-07,531,B9095
9096,14,17,2026-07-19,445,B9096
9097,14,18,2026-05-08,290,B9097
9098,14,18,2026-05-19,227,B9098
9099,14,18,2026-05-30,281,B9099
9100,14,18,2026-06-10,270,B9100
9101,14,18,2026-06-21,252,B9101
9102,14,18,2026-07-02,251,B9102
9103,14,18,2026-07-13,246,B9103
9104,14,18,2026-07-24,244,B9104
9105,14,19,2026-05-08,141,B9105
9106,14,19,2026-05-19,152,B9106
9107,14,19,2026-05-30,165,B9107
9108,14,19,2026-06-10,141,B9108
9109,14,19,2026-06-21,147,B9109
9110,14,19,2026-07-02,140,B9110
9111,14,19,2026-07-13,181,B9111
9112,14,19,2026-07-24,160,B9112
9113,14,20,2026-05-08,285,B9113
9114,14,20,2026-05-24,304,B9114
9115,14,20,2026-06-09,266,B9115
9116,14,20,2026-06-25,312,B9116
9117,14,20,2026-07-11,261,B9117
9118,14,21,2026-05-08,192,B9118
9119,14,21,2026-05-21,218,B9119
9120,14,21,2026-06-03,190,B9120
9121,14,21,2026-06-16,235,B9121
9122,14,21,2026-06-29,225,B9122
9123,14,21,2026-07-12,234,B9123
9124,14,22,2026-05-08,193,B9124
9125,14,22,2026-05-20,246,B9125
9126,14,22,2026-06-01,216,B9126
9127,14,22,2026-06-13,204,B9127
9128,14,22,2026-06-25,221,B9128
9129,14,22,2026-07-07,191,B9129
9130,14,22,2026-07-19,256,B9130
9131,14,23,2026-05-08,107,B9131
9132,14,23,2026-05-24,97,B9132
9133,14,23,2026-06-09,114,B9133
9134,14,23,2026-06-25,115,B9134
9135,14,23,2026-07-11,87,B9135
9136,14,24,2026-05-08,119,B9136
9137,14,24,2026-05-22,94,B9137
9138,14,24,2026-06-05,91,B9138
9139,14,24,2026-06-19,95,B9139
9140,14,24,2026-07-03,118,B9140
9141,14,24,2026-07-17,101,B9141
9142,14,25,2026-05-08,147,B9142
9143,14,25,2026-05-26,127,B9143
9144,14,25,2026-06-13,140,B9144
9145,14,25,2026-07-01,146,B9145
9146,14,25,2026-07-19,143,B9146
9147,14,26,2026-05-08,79,B9147
9148,14,26,2026-05-20,82,B9148
9149,14,26,2026-06-01,95,B9149
9150,14,26,2026-06-13,93,B9150
9151,14,26,2026-06-25,80,B9151
9152,14,26,2026-07-07,80,B9152
9153,14,26,2026-07-19,80,B9153
9154,14,27,2026-05-08,108,B9154
9155,14,27,2026-05-23,107,B9155
9156,14,27,2026-06-07,94,B9156
9157,14,27,2026-06-22,85,B9157
9158,14,27,2026-07-07,112,B9158
9159,14,27,2026-07-22,112,B9159
9160,14,28,2026-05-08,54,B9160
9161,14,28,2026-05-23,66,B9161
9162,14,28,2026-06-07,64,B9162
9163,14,28,2026-06-22,60,B9163
9164,14,28,2026-07-07,61,B9164
9165,14,28,2026-07-22,65,B9165
9166,14,29,2026-05-08,133,B9166
9167,14,29,2026-05-18,118,B9167
9168,14,29,2026-05-28,136,B9168
9169,14,29,2026-06-07,115,B9169
9170,14,29,2026-06-17,133,B9170
9171,14,29,2026-06-27,125,B9171
9172,14,29,2026-07-07,115,B9172
9173,14,29,2026-07-17,110,B9173
9174,14,29,2026-07-27,129,B9174
9175,14,30,2026-05-08,97,B9175
9176,14,30,2026-05-22,94,B9176
9177,14,30,2026-06-05,79,B9177
9178,14,30,2026-06-19,78,B9178
9179,14,30,2026-07-03,93,B9179
9180,14,30,2026-07-17,90,B9180
9181,14,31,2026-05-08,177,B9181
9182,14,31,2026-05-24,166,B9182
9183,14,31,2026-06-09,196,B9183
9184,14,31,2026-06-25,211,B9184
9185,14,31,2026-07-11,207,B9185
9186,14,32,2026-05-08,130,B9186
9187,14,32,2026-05-23,129,B9187
9188,14,32,2026-06-07,135,B9188
9189,14,32,2026-06-22,140,B9189
9190,14,32,2026-07-07,144,B9190
9191,14,32,2026-07-22,135,B9191
9192,14,33,2026-05-08,208,B9192
9193,14,33,2026-05-25,226,B9193
9194,14,33,2026-06-11,226,B9194
9195,14,33,2026-06-28,212,B9195
9196,14,33,2026-07-15,198,B9196
9197,14,34,2026-05-08,108,B9197
9198,14,34,2026-05-18,109,B9198
9199,14,34,2026-05-28,113,B9199
9200,14,34,2026-06-07,108,B9200
9201,14,34,2026-06-17,88,B9201
9202,14,34,2026-06-27,105,B9202
9203,14,34,2026-07-07,92,B9203
9204,14,34,2026-07-17,94,B9204
9205,14,34,2026-07-27,97,B9205
9206,15,1,2026-05-08,47,B9206
9207,15,1,2026-05-10,47,B9207
9208,15,1,2026-05-12,61,B9208
9209,15,1,2026-05-14,47,B9209
9210,15,1,2026-05-16,51,B9210
9211,15,1,2026-05-18,48,B9211
9212,15,1,2026-05-20,54,B9212
9213,15,1,2026-05-22,51,B9213
9214,15,1,2026-05-24,53,B9214
9215,15,1,2026-05-26,54,B9215
9216,15,1,2026-05-28,49,B9216
9217,15,1,2026-05-30,48,B9217
9218,15,1,2026-06-01,53,B9218
9219,15,1,2026-06-03,47,B9219
9220,15,1,2026-06-05,50,B9220
9221,15,1,2026-06-07,61,B9221
9222,15,1,2026-06-09,47,B9222
9223,15,1,2026-06-11,61,B9223
9224,15,1,2026-06-13,57,B9224
9225,15,1,2026-06-15,57,B9225
9226,15,1,2026-06-17,47,B9226
9227,15,1,2026-06-19,51,B9227
9228,15,1,2026-06-21,62,B9228
9229,15,1,2026-06-23,51,B9229
9230,15,1,2026-06-25,54,B9230
9231,15,1,2026-06-27,58,B9231
9232,15,1,2026-06-29,55,B9232
9233,15,1,2026-07-01,54,B9233
9234,15,1,2026-07-03,55,B9234
9235,15,1,2026-07-05,51,B9235
9236,15,1,2026-07-07,60,B9236
9237,15,1,2026-07-09,53,B9237
9238,15,1,2026-07-11,49,B9238
9239,15,1,2026-07-13,57,B9239
9240,15,1,2026-07-15,62,B9240
9241,15,1,2026-07-17,47,B9241
9242,15,1,2026-07-19,60,B9242
9243,15,1,2026-07-21,59,B9243
9244,15,1,2026-07-23,60,B9244
9245,15,1,2026-07-25,50,B9245
9246,15,1,2026-07-27,57,B9246
9247,15,1,2026-07-29,58,B9247
9248,15,1,2026-07-31,58,B9248
9249,15,1,2026-08-02,48,B9249
9250,15,1,2026-08-04,53,B9250
9251,15,2,2026-05-08,59,B9251
9252,15,2,2026-05-10,62,B9252
9253,15,2,2026-05-12,59,B9253
9254,15,2,2026-05-14,53,B9254
9255,15,2,2026-05-16,61,B9255
9256,15,2,2026-05-18,65,B9256
9257,15,2,2026-05-20,56,B9257
9258,15,2,2026-05-22,58,B9258
9259,15,2,2026-05-24,61,B9259
9260,15,2,2026-05-26,66,B9260
9261,15,2,2026-05-28,59,B9261
9262,15,2,2026-05-30,56,B9262
9263,15,2,2026-06-01,65,B9263
9264,15,2,2026-06-03,56,B9264
9265,15,2,2026-06-05,57,B9265
9266,15,2,2026-06-07,65,B9266
9267,15,2,2026-06-09,55,B9267
9268,15,2,2026-06-11,66,B9268
9269,15,2,2026-06-13,59,B9269
9270,15,2,2026-06-15,61,B9270
9271,15,2,2026-06-17,63,B9271
9272,15,2,2026-06-19,61,B9272
9273,15,2,2026-06-21,57,B9273
9274,15,2,2026-06-23,52,B9274
9275,15,2,2026-06-25,66,B9275
9276,15,2,2026-06-27,59,B9276
9277,15,2,2026-06-29,56,B9277
9278,15,2,2026-07-01,54,B9278
9279,15,2,2026-07-03,54,B9279
9280,15,2,2026-07-05,58,B9280
9281,15,2,2026-07-07,65,B9281
9282,15,2,2026-07-09,55,B9282
9283,15,2,2026-07-11,50,B9283
9284,15,2,2026-07-13,65,B9284
9285,15,2,2026-07-15,60,B9285
9286,15,2,2026-07-17,59,B9286
9287,15,2,2026-07-19,63,B9287
9288,15,2,2026-07-21,59,B9288
9289,15,2,2026-07-23,50,B9289
9290,15,2,2026-07-25,65,B9290
9291,15,2,2026-07-27,56,B9291
9292,15,2,2026-07-29,67,B9292
9293,15,2,2026-07-31,63,B9293
9294,15,2,2026-08-02,67,B9294
9295,15,2,2026-08-04,54,B9295
9296,15,3,2026-05-08,54,B9296
9297,15,3,2026-05-10,52,B9297
9298,15,3,2026-05-12,52,B9298
9299,15,3,2026-05-14,50,B9299
9300,15,3,2026-05-16,48,B9300
9301,15,3,2026-05-18,57,B9301
9302,15,3,2026-05-20,60,B9302
9303,15,3,2026-05-22,54,B9303
9304,15,3,2026-05-24,59,B9304
9305,15,3,2026-05-26,49,B9305
9306,15,3,2026-05-28,49,B9306
9307,15,3,2026-05-30,50,B9307
9308,15,3,2026-06-01,60,B9308
9309,15,3,2026-06-03,46,B9309
9310,15,3,2026-06-05,53,B9310
9311,15,3,2026-06-07,48,B9311
9312,15,3,2026-06-09,50,B9312
9313,15,3,2026-06-11,61,B9313
9314,15,3,2026-06-13,52,B9314
9315,15,3,2026-06-15,59,B9315
9316,15,3,2026-06-17,50,B9316
9317,15,3,2026-06-19,53,B9317
9318,15,3,2026-06-21,57,B9318
9319,15,3,2026-06-23,49,B9319
9320,15,3,2026-06-25,59,B9320
9321,15,3,2026-06-27,60,B9321
9322,15,3,2026-06-29,52,B9322
9323,15,3,2026-07-01,61,B9323
9324,15,3,2026-07-03,56,B9324
9325,15,3,2026-07-05,55,B9325
9326,15,3,2026-07-07,58,B9326
9327,15,3,2026-07-09,51,B9327
9328,15,3,2026-07-11,60,B9328
9329,15,3,2026-07-13,51,B9329
9330,15,3,2026-07-15,58,B9330
9331,15,3,2026-07-17,58,B9331
9332,15,3,2026-07-19,49,B9332
9333,15,3,2026-07-21,47,B9333
9334,15,3,2026-07-23,55,B9334
9335,15,3,2026-07-25,59,B9335
9336,15,3,2026-07-27,54,B9336
9337,15,3,2026-07-29,55,B9337
9338,15,3,2026-07-31,52,B9338
9339,15,3,2026-08-02,60,B9339
9340,15,3,2026-08-04,59,B9340
9341,15,4,2026-05-08,44,B9341
9342,15,4,2026-05-10,37,B9342
9343,15,4,2026-05-12,39,B9343
9344,15,4,2026-05-14,37,B9344
9345,15,4,2026-05-16,41,B9345
9346,15,4,2026-05-18,43,B9346
9347,15,4,2026-05-20,38,B9347
9348,15,4,2026-05-22,45,B9348
9349,15,4,2026-05-24,35,B9349
9350,15,4,2026-05-26,34,B9350
9351,15,4,2026-05-28,41,B9351
9352,15,4,2026-05-30,41,B9352
9353,15,4,2026-06-01,38,B9353
9354,15,4,2026-06-03,46,B9354
9355,15,4,2026-06-05,42,B9355
9356,15,4,2026-06-07,42,B9356
9357,15,4,2026-06-09,41,B9357
9358,15,4,2026-06-11,45,B9358
9359,15,4,2026-06-13,36,B9359
9360,15,4,2026-06-15,39,B9360
9361,15,4,2026-06-17,43,B9361
9362,15,4,2026-06-19,39,B9362
9363,15,4,2026-06-21,39,B9363
9364,15,4,2026-06-23,34,B9364
9365,15,4,2026-06-25,44,B9365
9366,15,4,2026-06-27,34,B9366
9367,15,4,2026-06-29,39,B9367
9368,15,4,2026-07-01,43,B9368
9369,15,4,2026-07-03,42,B9369
9370,15,4,2026-07-05,35,B9370
9371,15,4,2026-07-07,39,B9371
9372,15,4,2026-07-09,41,B9372
9373,15,4,2026-07-11,44,B9373
9374,15,4,2026-07-13,37,B9374
9375,15,4,2026-07-15,44,B9375
9376,15,4,2026-07-17,45,B9376
9377,15,4,2026-07-19,41,B9377
9378,15,4,2026-07-21,40,B9378
9379,15,4,2026-07-23,45,B9379
9380,15,4,2026-07-25,45,B9380
9381,15,4,2026-07-27,37,B9381
9382,15,4,2026-07-29,47,B9382
9383,15,4,2026-07-31,40,B9383
9384,15,4,2026-08-02,46,B9384
9385,15,4,2026-08-04,36,B9385
9386,15,5,2026-05-08,76,B9386
9387,15,5,2026-05-11,74,B9387
9388,15,5,2026-05-14,90,B9388
9389,15,5,2026-05-17,84,B9389
9390,15,5,2026-05-20,82,B9390
9391,15,5,2026-05-23,85,B9391
9392,15,5,2026-05-26,94,B9392
9393,15,5,2026-05-29,72,B9393
9394,15,5,2026-06-01,75,B9394
9395,15,5,2026-06-04,83,B9395
9396,15,5,2026-06-07,88,B9396
9397,15,5,2026-06-10,94,B9397
9398,15,5,2026-06-13,77,B9398
9399,15,5,2026-06-16,79,B9399
9400,15,5,2026-06-19,77,B9400
9401,15,5,2026-06-22,75,B9401
9402,15,5,2026-06-25,81,B9402
9403,15,5,2026-06-28,81,B9403
9404,15,5,2026-07-01,86,B9404
9405,15,5,2026-07-04,85,B9405
9406,15,5,2026-07-07,75,B9406
9407,15,5,2026-07-10,90,B9407
9408,15,5,2026-07-13,76,B9408
9409,15,5,2026-07-16,87,B9409
9410,15,5,2026-07-19,71,B9410
9411,15,5,2026-07-22,87,B9411
9412,15,5,2026-07-25,79,B9412
9413,15,5,2026-07-28,93,B9413
9414,15,5,2026-07-31,84,B9414
9415,15,5,2026-08-03,77,B9415
9416,15,6,2026-05-08,55,B9416
9417,15,6,2026-05-10,49,B9417
9418,15,6,2026-05-12,54,B9418
9419,15,6,2026-05-14,54,B9419
9420,15,6,2026-05-16,44,B9420
9421,15,6,2026-05-18,54,B9421
9422,15,6,2026-05-20,59,B9422
9423,15,6,2026-05-22,56,B9423
9424,15,6,2026-05-24,54,B9424
9425,15,6,2026-05-26,51,B9425
9426,15,6,2026-05-28,50,B9426
9427,15,6,2026-05-30,52,B9427
9428,15,6,2026-06-01,56,B9428
9429,15,6,2026-06-03,54,B9429
9430,15,6,2026-06-05,54,B9430
9431,15,6,2026-06-07,50,B9431
9432,15,6,2026-06-09,58,B9432
9433,15,6,2026-06-11,57,B9433
9434,15,6,2026-06-13,52,B9434
9435,15,6,2026-06-15,46,B9435
9436,15,6,2026-06-17,46,B9436
9437,15,6,2026-06-19,48,B9437
9438,15,6,2026-06-21,53,B9438
9439,15,6,2026-06-23,46,B9439
9440,15,6,2026-06-25,53,B9440
9441,15,6,2026-06-27,52,B9441
9442,15,6,2026-06-29,58,B9442
9443,15,6,2026-07-01,54,B9443
9444,15,6,2026-07-03,51,B9444
9445,15,6,2026-07-05,46,B9445
9446,15,6,2026-07-07,57,B9446
9447,15,6,2026-07-09,56,B9447
9448,15,6,2026-07-11,46,B9448
9449,15,6,2026-07-13,56,B9449
9450,15,6,2026-07-15,44,B9450
9451,15,6,2026-07-17,48,B9451
9452,15,6,2026-07-19,46,B9452
9453,15,6,2026-07-21,44,B9453
9454,15,6,2026-07-23,50,B9454
9455,15,6,2026-07-25,51,B9455
9456,15,6,2026-07-27,46,B9456
9457,15,6,2026-07-29,57,B9457
9458,15,6,2026-07-31,56,B9458
9459,15,6,2026-08-02,45,B9459
9460,15,6,2026-08-04,46,B9460
9461,15,7,2026-05-08,125,B9461
9462,15,7,2026-05-11,111,B9462
9463,15,7,2026-05-14,119,B9463
9464,15,7,2026-05-17,133,B9464
9465,15,7,2026-05-20,127,B9465
9466,15,7,2026-05-23,133,B9466
9467,15,7,2026-05-26,105,B9467
9468,15,7,2026-05-29,103,B9468
9469,15,7,2026-06-01,109,B9469
9470,15,7,2026-06-04,108,B9470
9471,15,7,2026-06-07,107,B9471
9472,15,7,2026-06-10,128,B9472
9473,15,7,2026-06-13,121,B9473
9474,15,7,2026-06-16,135,B9474
9475,15,7,2026-06-19,103,B9475
9476,15,7,2026-06-22,111,B9476
9477,15,7,2026-06-25,125,B9477
9478,15,7,2026-06-28,120,B9478
9479,15,7,2026-07-01,118,B9479
9480,15,7,2026-07-04,110,B9480
9481,15,7,2026-07-07,128,B9481
9482,15,7,2026-07-10,118,B9482
9483,15,7,2026-07-13,122,B9483
9484,15,7,2026-07-16,113,B9484
9485,15,7,2026-07-19,131,B9485
9486,15,7,2026-07-22,132,B9486
9487,15,7,2026-07-25,121,B9487
9488,15,7,2026-07-28,120,B9488
9489,15,7,2026-07-31,120,B9489
9490,15,7,2026-08-03,110,B9490
9491,15,8,2026-05-08,71,B9491
9492,15,8,2026-05-11,78,B9492
9493,15,8,2026-05-14,73,B9493
9494,15,8,2026-05-17,87,B9494
9495,15,8,2026-05-20,78,B9495
9496,15,8,2026-05-23,66,B9496
9497,15,8,2026-05-26,75,B9497
9498,15,8,2026-05-29,71,B9498
9499,15,8,2026-06-01,73,B9499
9500,15,8,2026-06-04,88,B9500
9501,15,8,2026-06-07,86,B9501
9502,15,8,2026-06-10,68,B9502
9503,15,8,2026-06-13,86,B9503
9504,15,8,2026-06-16,83,B9504
9505,15,8,2026-06-19,83,B9505
9506,15,8,2026-06-22,84,B9506
9507,15,8,2026-06-25,73,B9507
9508,15,8,2026-06-28,85,B9508
9509,15,8,2026-07-01,71,B9509
9510,15,8,2026-07-04,87,B9510
9511,15,8,2026-07-07,86,B9511
9512,15,8,2026-07-10,86,B9512
9513,15,8,2026-07-13,79,B9513
9514,15,8,2026-07-16,71,B9514
9515,15,8,2026-07-19,84,B9515
9516,15,8,2026-07-22,73,B9516
9517,15,8,2026-07-25,68,B9517
9518,15,8,2026-07-28,77,B9518
9519,15,8,2026-07-31,82,B9519
9520,15,8,2026-08-03,72,B9520
9521,15,9,2026-05-08,103,B9521
9522,15,9,2026-05-11,128,B9522
9523,15,9,2026-05-14,115,B9523
9524,15,9,2026-05-17,122,B9524
9525,15,9,2026-05-20,103,B9525
9526,15,9,2026-05-23,127,B9526
9527,15,9,2026-05-26,114,B9527
9528,15,9,2026-05-29,126,B9528
9529,15,9,2026-06-01,103,B9529
9530,15,9,2026-06-04,119,B9530
9531,15,9,2026-06-07,120,B9531
9532,15,9,2026-06-10,132,B9532
9533,15,9,2026-06-13,104,B9533
9534,15,9,2026-06-16,102,B9534
9535,15,9,2026-06-19,117,B9535
9536,15,9,2026-06-22,114,B9536
9537,15,9,2026-06-25,110,B9537
9538,15,9,2026-06-28,116,B9538
9539,15,9,2026-07-01,112,B9539
9540,15,9,2026-07-04,119,B9540
9541,15,9,2026-07-07,108,B9541
9542,15,9,2026-07-10,106,B9542
9543,15,9,2026-07-13,113,B9543
9544,15,9,2026-07-16,125,B9544
9545,15,9,2026-07-19,131,B9545
9546,15,9,2026-07-22,105,B9546
9547,15,9,2026-07-25,110,B9547
9548,15,9,2026-07-28,120,B9548
9549,15,9,2026-07-31,125,B9549
9550,15,9,2026-08-03,101,B9550
9551,15,10,2026-05-08,62,B9551
9552,15,10,2026-05-11,71,B9552
9553,15,10,2026-05-14,71,B9553
9554,15,10,2026-05-17,67,B9554
9555,15,10,2026-05-20,74,B9555
9556,15,10,2026-05-23,69,B9556
9557,15,10,2026-05-26,74,B9557
9558,15,10,2026-05-29,59,B9558
9559,15,10,2026-06-01,65,B9559
9560,15,10,2026-06-04,68,B9560
9561,15,10,2026-06-07,61,B9561
9562,15,10,2026-06-10,65,B9562
9563,15,10,2026-06-13,78,B9563
9564,15,10,2026-06-16,59,B9564
9565,15,10,2026-06-19,68,B9565
9566,15,10,2026-06-22,73,B9566
9567,15,10,2026-06-25,60,B9567
9568,15,10,2026-06-28,65,B9568
9569,15,10,2026-07-01,66,B9569
9570,15,10,2026-07-04,77,B9570
9571,15,10,2026-07-07,60,B9571
9572,15,10,2026-07-10,77,B9572
9573,15,10,2026-07-13,62,B9573
9574,15,10,2026-07-16,58,B9574
9575,15,10,2026-07-19,69,B9575
9576,15,10,2026-07-22,68,B9576
9577,15,10,2026-07-25,73,B9577
9578,15,10,2026-07-28,66,B9578
9579,15,10,2026-07-31,75,B9579
9580,15,10,2026-08-03,77,B9580
9581,15,11,2026-05-08,34,B9581
9582,15,11,2026-05-10,35,B9582
9583,15,11,2026-05-12,39,B9583
9584,15,11,2026-05-14,36,B9584
9585,15,11,2026-05-16,39,B9585
9586,15,11,2026-05-18,37,B9586
9587,15,11,2026-05-20,37,B9587
9588,15,11,2026-05-22,42,B9588
9589,15,11,2026-05-24,45,B9589
9590,15,11,2026-05-26,34,B9590
9591,15,11,2026-05-28,44,B9591
9592,15,11,2026-05-30,43,B9592
9593,15,11,2026-06-01,43,B9593
9594,15,11,2026-06-03,44,B9594
9595,15,11,2026-06-05,35,B9595
9596,15,11,2026-06-07,35,B9596
9597,15,11,2026-06-09,35,B9597
9598,15,11,2026-06-11,34,B9598
9599,15,11,2026-06-13,42,B9599
9600,15,11,2026-06-15,43,B9600
9601,15,11,2026-06-17,45,B9601
9602,15,11,2026-06-19,39,B9602
9603,15,11,2026-06-21,34,B9603
9604,15,11,2026-06-23,38,B9604
9605,15,11,2026-06-25,37,B9605
9606,15,11,2026-06-27,40,B9606
9607,15,11,2026-06-29,35,B9607
9608,15,11,2026-07-01,34,B9608
9609,15,11,2026-07-03,42,B9609
9610,15,11,2026-07-05,41,B9610
9611,15,11,2026-07-07,45,B9611
9612,15,11,2026-07-09,42,B9612
9613,15,11,2026-07-11,36,B9613
9614,15,11,2026-07-13,36,B9614
9615,15,11,2026-07-15,34,B9615
9616,15,11,2026-07-17,34,B9616
9617,15,11,2026-07-19,44,B9617
9618,15,11,2026-07-21,44,B9618
9619,15,11,2026-07-23,34,B9619
9620,15,11,2026-07-25,41,B9620
9621,15,11,2026-07-27,37,B9621
9622,15,11,2026-07-29,35,B9622
9623,15,11,2026-07-31,34,B9623
9624,15,11,2026-08-02,45,B9624
9625,15,11,2026-08-04,42,B9625
9626,15,12,2026-05-08,23,B9626
9627,15,12,2026-05-10,23,B9627
9628,15,12,2026-05-12,27,B9628
9629,15,12,2026-05-14,25,B9629
9630,15,12,2026-05-16,29,B9630
9631,15,12,2026-05-18,28,B9631
9632,15,12,2026-05-20,24,B9632
9633,15,12,2026-05-22,25,B9633
9634,15,12,2026-05-24,27,B9634
9635,15,12,2026-05-26,29,B9635
9636,15,12,2026-05-28,29,B9636
9637,15,12,2026-05-30,26,B9637
9638,15,12,2026-06-01,25,B9638
9639,15,12,2026-06-03,24,B9639
9640,15,12,2026-06-05,29,B9640
9641,15,12,2026-06-07,24,B9641
9642,15,12,2026-06-09,24,B9642
9643,15,12,2026-06-11,29,B9643
9644,15,12,2026-06-13,28,B9644
9645,15,12,2026-06-15,26,B9645
9646,15,12,2026-06-17,24,B9646
9647,15,12,2026-06-19,28,B9647
9648,15,12,2026-06-21,27,B9648
9649,15,12,2026-06-23,26,B9649
9650,15,12,2026-06-25,24,B9650
9651,15,12,2026-06-27,29,B9651
9652,15,12,2026-06-29,29,B9652
9653,15,12,2026-07-01,23,B9653
9654,15,12,2026-07-03,28,B9654
9655,15,12,2026-07-05,23,B9655
9656,15,12,2026-07-07,27,B9656
9657,15,12,2026-07-09,25,B9657
9658,15,12,2026-07-11,28,B9658
9659,15,12,2026-07-13,25,B9659
9660,15,12,2026-07-15,27,B9660
9661,15,12,2026-07-17,26,B9661
9662,15,12,2026-07-19,24,B9662
9663,15,12,2026-07-21,30,B9663
9664,15,12,2026-07-23,23,B9664
9665,15,12,2026-07-25,29,B9665
9666,15,12,2026-07-27,23,B9666
9667,15,12,2026-07-29,24,B9667
9668,15,12,2026-07-31,24,B9668
9669,15,12,2026-08-02,27,B9669
9670,15,12,2026-08-04,26,B9670
9671,15,13,2026-05-08,43,B9671
9672,15,13,2026-05-11,38,B9672
9673,15,13,2026-05-14,40,B9673
9674,15,13,2026-05-17,35,B9674
9675,15,13,2026-05-20,44,B9675
9676,15,13,2026-05-23,41,B9676
9677,15,13,2026-05-26,42,B9677
9678,15,13,2026-05-29,44,B9678
9679,15,13,2026-06-01,37,B9679
9680,15,13,2026-06-04,43,B9680
9681,15,13,2026-06-07,43,B9681
9682,15,13,2026-06-10,43,B9682
9683,15,13,2026-06-13,41,B9683
9684,15,13,2026-06-16,44,B9684
9685,15,13,2026-06-19,34,B9685
9686,15,13,2026-06-22,40,B9686
9687,15,13,2026-06-25,40,B9687
9688,15,13,2026-06-28,38,B9688
9689,15,13,2026-07-01,38,B9689
9690,15,13,2026-07-04,45,B9690
9691,15,13,2026-07-07,36,B9691
9692,15,13,2026-07-10,35,B9692
9693,15,13,2026-07-13,35,B9693
9694,15,13,2026-07-16,36,B9694
9695,15,13,2026-07-19,43,B9695
9696,15,13,2026-07-22,34,B9696
9697,15,13,2026-07-25,43,B9697
9698,15,13,2026-07-28,44,B9698
9699,15,13,2026-07-31,40,B9699
9700,15,13,2026-08-03,39,B9700
9701,15,14,2026-05-08,35,B9701
9702,15,14,2026-05-11,43,B9702
9703,15,14,2026-05-14,41,B9703
9704,15,14,2026-05-17,38,B9704
9705,15,14,2026-05-20,46,B9705
9706,15,14,2026-05-23,40,B9706
9707,15,14,2026-05-26,42,B9707
9708,15,14,2026-05-29,40,B9708
9709,15,14,2026-06-01,37,B9709
9710,15,14,2026-06-04,36,B9710
9711,15,14,2026-06-07,35,B9711
9712,15,14,2026-06-10,40,B9712
9713,15,14,2026-06-13,40,B9713
9714,15,14,2026-06-16,45,B9714
9715,15,14,2026-06-19,45,B9715
9716,15,14,2026-06-22,39,B9716
9717,15,14,2026-06-25,36,B9717
9718,15,14,2026-06-28,36,B9718
9719,15,14,2026-07-01,43,B9719
9720,15,14,2026-07-04,35,B9720
9721,15,14,2026-07-07,35,B9721
9722,15,14,2026-07-10,37,B9722
9723,15,14,2026-07-13,36,B9723
9724,15,14,2026-07-16,41,B9724
9725,15,14,2026-07-19,39,B9725
9726,15,14,2026-07-22,37,B9726
9727,15,14,2026-07-25,40,B9727
9728,15,14,2026-07-28,35,B9728
9729,15,14,2026-07-31,36,B9729
9730,15,14,2026-08-03,42,B9730
9731,15,15,2026-05-08,331,B9731
9732,15,15,2026-05-25,347,B9732
9733,15,15,2026-06-11,423,B9733
9734,15,15,2026-06-28,408,B9734
9735,15,15,2026-07-15,399,B9735
9736,15,16,2026-05-08,297,B9736
9737,15,16,2026-05-23,319,B9737
9738,15,16,2026-06-07,294,B9738
9739,15,16,2026-06-22,256,B9739
9740,15,16,2026-07-07,285,B9740
9741,15,16,2026-07-22,325,B9741
9742,15,17,2026-05-08,637,B9742
9743,15,17,2026-05-21,672,B9743
9744,15,17,2026-06-03,547,B9744
9745,15,17,2026-06-16,673,B9745
9746,15,17,2026-06-29,643,B9746
9747,15,17,2026-07-12,633,B9747
9748,15,18,2026-05-08,366,B9748
9749,15,18,2026-05-25,469,B9749
9750,15,18,2026-06-11,412,B9750
9751,15,18,2026-06-28,470,B9751
9752,15,18,2026-07-15,447,B9752
9753,15,19,2026-05-08,136,B9753
9754,15,19,2026-05-18,171,B9754
9755,15,19,2026-05-28,168,B9755
9756,15,19,2026-06-07,134,B9756
9757,15,19,2026-06-17,140,B9757
9758,15,19,2026-06-27,166,B9758
9759,15,19,2026-07-07,168,B9759
9760,15,19,2026-07-17,157,B9760
9761,15,19,2026-07-27,133,B9761
9762,15,20,2026-05-08,201,B9762
9763,15,20,2026-05-22,245,B9763
9764,15,20,2026-06-05,263,B9764
9765,15,20,2026-06-19,221,B9765
9766,15,20,2026-07-03,266,B9766
9767,15,20,2026-07-17,239,B9767
9768,15,21,2026-05-08,266,B9768
9769,15,21,2026-05-22,227,B9769
9770,15,21,2026-06-05,238,B9770
9771,15,21,2026-06-19,285,B9771
9772,15,21,2026-07-03,257,B9772
9773,15,21,2026-07-17,258,B9773
9774,15,22,2026-05-08,303,B9774
9775,15,22,2026-05-19,330,B9775
9776,15,22,2026-05-30,392,B9776
9777,15,22,2026-06-10,342,B9777
9778,15,22,2026-06-21,355,B9778
9779,15,22,2026-07-02,365,B9779
9780,15,22,2026-07-13,364,B9780
9781,15,22,2026-07-24,315,B9781
9782,15,23,2026-05-08,94,B9782
9783,15,23,2026-05-21,91,B9783
9784,15,23,2026-06-03,98,B9784
9785,15,23,2026-06-16,113,B9785
9786,15,23,2026-06-29,96,B9786
9787,15,23,2026-07-12,112,B9787
9788,15,24,2026-05-08,125,B9788
9789,15,24,2026-05-24,108,B9789
9790,15,24,2026-06-09,109,B9790
9791,15,24,2026-06-25,120,B9791
9792,15,24,2026-07-11,122,B9792
9793,15,25,2026-05-08,159,B9793
9794,15,25,2026-05-22,185,B9794
9795,15,25,2026-06-05,188,B9795
9796,15,25,2026-06-19,194,B9796
9797,15,25,2026-07-03,158,B9797
9798,15,25,2026-07-17,164,B9798
9799,15,26,2026-05-08,243,B9799
9800,15,26,2026-05-25,243,B9800
9801,15,26,2026-06-11,204,B9801
9802,15,26,2026-06-28,252,B9802
9803,15,26,2026-07-15,227,B9803
9804,15,27,2026-05-08,146,B9804
9805,15,27,2026-05-24,121,B9805
9806,15,27,2026-06-09,127,B9806
9807,15,27,2026-06-25,117,B9807
9808,15,27,2026-07-11,137,B9808
9809,15,28,2026-05-08,118,B9809
9810,15,28,2026-05-21,101,B9810
9811,15,28,2026-06-03,124,B9811
9812,15,28,2026-06-16,111,B9812
9813,15,28,2026-06-29,101,B9813
9814,15,28,2026-07-12,108,B9814
9815,15,29,2026-05-08,130,B9815
9816,15,29,2026-05-21,121,B9816
9817,15,29,2026-06-03,102,B9817
9818,15,29,2026-06-16,130,B9818
9819,15,29,2026-06-29,99,B9819
9820,15,29,2026-07-12,104,B9820
9821,15,30,2026-05-08,73,B9821
9822,15,30,2026-05-19,72,B9822
9823,15,30,2026-05-30,67,B9823
9824,15,30,2026-06-10,71,B9824
9825,15,30,2026-06-21,70,B9825
9826,15,30,2026-07-02,75,B9826
9827,15,30,2026-07-13,61,B9827
9828,15,30,2026-07-24,70,B9828
9829,15,31,2026-05-08,88,B9829
9830,15,31,2026-05-18,90,B9830
9831,15,31,2026-05-28,89,B9831
9832,15,31,2026-06-07,81,B9832
9833,15,31,2026-06-17,107,B9833
9834,15,31,2026-06-27,108,B9834
9835,15,31,2026-07-07,82,B9835
9836,15,31,2026-07-17,91,B9836
9837,15,31,2026-07-27,81,B9837
9838,15,32,2026-05-08,282,B9838
9839,15,32,2026-05-21,304,B9839
9840,15,32,2026-06-03,293,B9840
9841,15,32,2026-06-16,259,B9841
9842,15,32,2026-06-29,290,B9842
9843,15,32,2026-07-12,262,B9843
9844,15,33,2026-05-08,136,B9844
9845,15,33,2026-05-20,108,B9845
9846,15,33,2026-06-01,119,B9846
9847,15,33,2026-06-13,130,B9847
9848,15,33,2026-06-25,133,B9848
9849,15,33,2026-07-07,118,B9849
9850,15,33,2026-07-19,127,B9850
9851,15,34,2026-05-08,113,B9851
9852,15,34,2026-05-21,102,B9852
9853,15,34,2026-06-03,103,B9853
9854,15,34,2026-06-16,134,B9854
9855,15,34,2026-06-29,115,B9855
9856,15,34,2026-07-12,108,B9856
9857,16,1,2026-05-08,50,B9857
9858,16,1,2026-05-10,51,B9858
9859,16,1,2026-05-12,50,B9859
9860,16,1,2026-05-14,53,B9860
9861,16,1,2026-05-16,58,B9861
9862,16,1,2026-05-18,51,B9862
9863,16,1,2026-05-20,51,B9863
9864,16,1,2026-05-22,49,B9864
9865,16,1,2026-05-24,54,B9865
9866,16,1,2026-05-26,50,B9866
9867,16,1,2026-05-28,59,B9867
9868,16,1,2026-05-30,56,B9868
9869,16,1,2026-06-01,51,B9869
9870,16,1,2026-06-03,49,B9870
9871,16,1,2026-06-05,55,B9871
9872,16,1,2026-06-07,57,B9872
9873,16,1,2026-06-09,44,B9873
9874,16,1,2026-06-11,56,B9874
9875,16,1,2026-06-13,51,B9875
9876,16,1,2026-06-15,51,B9876
9877,16,1,2026-06-17,44,B9877
9878,16,1,2026-06-19,46,B9878
9879,16,1,2026-06-21,47,B9879
9880,16,1,2026-06-23,59,B9880
9881,16,1,2026-06-25,53,B9881
9882,16,1,2026-06-27,50,B9882
9883,16,1,2026-06-29,51,B9883
9884,16,1,2026-07-01,46,B9884
9885,16,1,2026-07-03,51,B9885
9886,16,1,2026-07-05,48,B9886
9887,16,1,2026-07-07,59,B9887
9888,16,1,2026-07-09,48,B9888
9889,16,1,2026-07-11,54,B9889
9890,16,1,2026-07-13,44,B9890
9891,16,1,2026-07-15,44,B9891
9892,16,1,2026-07-17,53,B9892
9893,16,1,2026-07-19,53,B9893
9894,16,1,2026-07-21,54,B9894
9895,16,1,2026-07-23,53,B9895
9896,16,1,2026-07-25,51,B9896
9897,16,1,2026-07-27,58,B9897
9898,16,1,2026-07-29,55,B9898
9899,16,1,2026-07-31,58,B9899
9900,16,1,2026-08-02,57,B9900
9901,16,1,2026-08-04,51,B9901
9902,16,2,2026-05-08,133,B9902
9903,16,2,2026-05-11,121,B9903
9904,16,2,2026-05-14,125,B9904
9905,16,2,2026-05-17,112,B9905
9906,16,2,2026-05-20,117,B9906
9907,16,2,2026-05-23,122,B9907
9908,16,2,2026-05-26,122,B9908
9909,16,2,2026-05-29,115,B9909
9910,16,2,2026-06-01,99,B9910
9911,16,2,2026-06-04,127,B9911
9912,16,2,2026-06-07,110,B9912
9913,16,2,2026-06-10,126,B9913
9914,16,2,2026-06-13,102,B9914
9915,16,2,2026-06-16,111,B9915
9916,16,2,2026-06-19,112,B9916
9917,16,2,2026-06-22,102,B9917
9918,16,2,2026-06-25,106,B9918
9919,16,2,2026-06-28,125,B9919
9920,16,2,2026-07-01,123,B9920
9921,16,2,2026-07-04,118,B9921
9922,16,2,2026-07-07,110,B9922
9923,16,2,2026-07-10,128,B9923
9924,16,2,2026-07-13,107,B9924
9925,16,2,2026-07-16,126,B9925
9926,16,2,2026-07-19,132,B9926
9927,16,2,2026-07-22,109,B9927
9928,16,2,2026-07-25,125,B9928
9929,16,2,2026-07-28,107,B9929
9930,16,2,2026-07-31,120,B9930
9931,16,2,2026-08-03,115,B9931
9932,16,3,2026-05-08,52,B9932
9933,16,3,2026-05-10,51,B9933
9934,16,3,2026-05-12,54,B9934
9935,16,3,2026-05-14,45,B9935
9936,16,3,2026-05-16,48,B9936
9937,16,3,2026-05-18,45,B9937
9938,16,3,2026-05-20,43,B9938
9939,16,3,2026-05-22,49,B9939
9940,16,3,2026-05-24,46,B9940
9941,16,3,2026-05-26,49,B9941
9942,16,3,2026-05-28,52,B9942
9943,16,3,2026-05-30,56,B9943
9944,16,3,2026-06-01,42,B9944
9945,16,3,2026-06-03,53,B9945
9946,16,3,2026-06-05,43,B9946
9947,16,3,2026-06-07,48,B9947
9948,16,3,2026-06-09,42,B9948
9949,16,3,2026-06-11,43,B9949
9950,16,3,2026-06-13,54,B9950
9951,16,3,2026-06-15,49,B9951
9952,16,3,2026-06-17,56,B9952
9953,16,3,2026-06-19,55,B9953
9954,16,3,2026-06-21,53,B9954
9955,16,3,2026-06-23,52,B9955
9956,16,3,2026-06-25,47,B9956
9957,16,3,2026-06-27,56,B9957
9958,16,3,2026-06-29,46,B9958
9959,16,3,2026-07-01,47,B9959
9960,16,3,2026-07-03,54,B9960
9961,16,3,2026-07-05,49,B9961
9962,16,3,2026-07-07,44,B9962
9963,16,3,2026-07-09,45,B9963
9964,16,3,2026-07-11,43,B9964
9965,16,3,2026-07-13,44,B9965
9966,16,3,2026-07-15,43,B9966
9967,16,3,2026-07-17,49,B9967
9968,16,3,2026-07-19,47,B9968
9969,16,3,2026-07-21,55,B9969
9970,16,3,2026-07-23,42,B9970
9971,16,3,2026-07-25,49,B9971
9972,16,3,2026-07-27,43,B9972
9973,16,3,2026-07-29,43,B9973
9974,16,3,2026-07-31,43,B9974
9975,16,3,2026-08-02,50,B9975
9976,16,3,2026-08-04,43,B9976
9977,16,4,2026-05-08,41,B9977
9978,16,4,2026-05-10,45,B9978
9979,16,4,2026-05-12,37,B9979
9980,16,4,2026-05-14,42,B9980
9981,16,4,2026-05-16,43,B9981
9982,16,4,2026-05-18,38,B9982
9983,16,4,2026-05-20,42,B9983
9984,16,4,2026-05-22,43,B9984
9985,16,4,2026-05-24,39,B9985
9986,16,4,2026-05-26,35,B9986
9987,16,4,2026-05-28,37,B9987
9988,16,4,2026-05-30,38,B9988
9989,16,4,2026-06-01,45,B9989
9990,16,4,2026-06-03,46,B9990
9991,16,4,2026-06-05,43,B9991
9992,16,4,2026-06-07,40,B9992
9993,16,4,2026-06-09,37,B9993
9994,16,4,2026-06-11,44,B9994
9995,16,4,2026-06-13,40,B9995
9996,16,4,2026-06-15,35,B9996
9997,16,4,2026-06-17,43,B9997
9998,16,4,2026-06-19,40,B9998
9999,16,4,2026-06-21,40,B9999
10000,16,4,2026-06-23,39,B10000
10001,16,4,2026-06-25,39,B10001
10002,16,4,2026-06-27,41,B10002
10003,16,4,2026-06-29,46,B10003
10004,16,4,2026-07-01,38,B10004
10005,16,4,2026-07-03,40,B10005
10006,16,4,2026-07-05,46,B10006
10007,16,4,2026-07-07,38,B10007
10008,16,4,2026-07-09,40,B10008
10009,16,4,2026-07-11,35,B10009
10010,16,4,2026-07-13,35,B10010
10011,16,4,2026-07-15,36,B10011
10012,16,4,2026-07-17,44,B10012
10013,16,4,2026-07-19,43,B10013
10014,16,4,2026-07-21,42,B10014
10015,16,4,2026-07-23,45,B10015
10016,16,4,2026-07-25,45,B10016
10017,16,4,2026-07-27,41,B10017
10018,16,4,2026-07-29,37,B10018
10019,16,4,2026-07-31,37,B10019
10020,16,4,2026-08-02,42,B10020
10021,16,4,2026-08-04,36,B10021
10022,16,5,2026-05-08,64,B10022
10023,16,5,2026-05-11,73,B10023
10024,16,5,2026-05-14,74,B10024
10025,16,5,2026-05-17,67,B10025
10026,16,5,2026-05-20,65,B10026
10027,16,5,2026-05-23,71,B10027
10028,16,5,2026-05-26,64,B10028
10029,16,5,2026-05-29,79,B10029
10030,16,5,2026-06-01,65,B10030
10031,16,5,2026-06-04,79,B10031
10032,16,5,2026-06-07,66,B10032
10033,16,5,2026-06-10,79,B10033
10034,16,5,2026-06-13,81,B10034
10035,16,5,2026-06-16,75,B10035
10036,16,5,2026-06-19,72,B10036
10037,16,5,2026-06-22,63,B10037
10038,16,5,2026-06-25,62,B10038
10039,16,5,2026-06-28,80,B10039
10040,16,5,2026-07-01,64,B10040
10041,16,5,2026-07-04,81,B10041
10042,16,5,2026-07-07,78,B10042
10043,16,5,2026-07-10,77,B10043
10044,16,5,2026-07-13,81,B10044
10045,16,5,2026-07-16,65,B10045
10046,16,5,2026-07-19,66,B10046
10047,16,5,2026-07-22,75,B10047
10048,16,5,2026-07-25,72,B10048
10049,16,5,2026-07-28,71,B10049
10050,16,5,2026-07-31,62,B10050
10051,16,5,2026-08-03,75,B10051
10052,16,6,2026-05-08,73,B10052
10053,16,6,2026-05-11,82,B10053
10054,16,6,2026-05-14,83,B10054
10055,16,6,2026-05-17,92,B10055
10056,16,6,2026-05-20,87,B10056
10057,16,6,2026-05-23,79,B10057
10058,16,6,2026-05-26,81,B10058
10059,16,6,2026-05-29,88,B10059
10060,16,6,2026-06-01,69,B10060
10061,16,6,2026-06-04,91,B10061
10062,16,6,2026-06-07,69,B10062
10063,16,6,2026-06-10,73,B10063
10064,16,6,2026-06-13,92,B10064
10065,16,6,2026-06-16,82,B10065
10066,16,6,2026-06-19,85,B10066
10067,16,6,2026-06-22,82,B10067
10068,16,6,2026-06-25,86,B10068
10069,16,6,2026-06-28,75,B10069
10070,16,6,2026-07-01,69,B10070
10071,16,6,2026-07-04,77,B10071
10072,16,6,2026-07-07,72,B10072
10073,16,6,2026-07-10,69,B10073
10074,16,6,2026-07-13,70,B10074
10075,16,6,2026-07-16,69,B10075
10076,16,6,2026-07-19,88,B10076
10077,16,6,2026-07-22,69,B10077
10078,16,6,2026-07-25,85,B10078
10079,16,6,2026-07-28,84,B10079
10080,16,6,2026-07-31,84,B10080
10081,16,6,2026-08-03,70,B10081
10082,16,7,2026-05-08,101,B10082
10083,16,7,2026-05-11,124,B10083
10084,16,7,2026-05-14,113,B10084
10085,16,7,2026-05-17,99,B10085
10086,16,7,2026-05-20,124,B10086
10087,16,7,2026-05-23,129,B10087
10088,16,7,2026-05-26,125,B10088
10089,16,7,2026-05-29,110,B10089
10090,16,7,2026-06-01,110,B10090
10091,16,7,2026-06-04,130,B10091
10092,16,7,2026-06-07,122,B10092
10093,16,7,2026-06-10,115,B10093
10094,16,7,2026-06-13,114,B10094
10095,16,7,2026-06-16,99,B10095
10096,16,7,2026-06-19,105,B10096
10097,16,7,2026-06-22,123,B10097
10098,16,7,2026-06-25,111,B10098
10099,16,7,2026-06-28,114,B10099
10100,16,7,2026-07-01,115,B10100
10101,16,7,2026-07-04,121,B10101
10102,16,7,2026-07-07,116,B10102
10103,16,7,2026-07-10,101,B10103
10104,16,7,2026-07-13,104,B10104
10105,16,7,2026-07-16,127,B10105
10106,16,7,2026-07-19,102,B10106
10107,16,7,2026-07-22,122,B10107
10108,16,7,2026-07-25,112,B10108
10109,16,7,2026-07-28,105,B10109
10110,16,7,2026-07-31,106,B10110
10111,16,7,2026-08-03,113,B10111
10112,16,8,2026-05-08,71,B10112
10113,16,8,2026-05-10,80,B10113
10114,16,8,2026-05-12,64,B10114
10115,16,8,2026-05-14,65,B10115
10116,16,8,2026-05-16,68,B10116
10117,16,8,2026-05-18,81,B10117
10118,16,8,2026-05-20,69,B10118
10119,16,8,2026-05-22,72,B10119
10120,16,8,2026-05-24,66,B10120
10121,16,8,2026-05-26,68,B10121
10122,16,8,2026-05-28,64,B10122
10123,16,8,2026-05-30,68,B10123
10124,16,8,2026-06-01,76,B10124
10125,16,8,2026-06-03,66,B10125
10126,16,8,2026-06-05,77,B10126
10127,16,8,2026-06-07,78,B10127
10128,16,8,2026-06-09,80,B10128
10129,16,8,2026-06-11,73,B10129
10130,16,8,2026-06-13,73,B10130
10131,16,8,2026-06-15,82,B10131
10132,16,8,2026-06-17,78,B10132
10133,16,8,2026-06-19,76,B10133
10134,16,8,2026-06-21,78,B10134
10135,16,8,2026-06-23,66,B10135
10136,16,8,2026-06-25,78,B10136
10137,16,8,2026-06-27,76,B10137
10138,16,8,2026-06-29,66,B10138
10139,16,8,2026-07-01,81,B10139
10140,16,8,2026-07-03,75,B10140
10141,16,8,2026-07-05,73,B10141
10142,16,8,2026-07-07,66,B10142
10143,16,8,2026-07-09,71,B10143
10144,16,8,2026-07-11,76,B10144
10145,16,8,2026-07-13,80,B10145
10146,16,8,2026-07-15,73,B10146
10147,16,8,2026-07-17,78,B10147
10148,16,8,2026-07-19,73,B10148
10149,16,8,2026-07-21,78,B10149
10150,16,8,2026-07-23,73,B10150
10151,16,8,2026-07-25,71,B10151
10152,16,8,2026-07-27,79,B10152
10153,16,8,2026-07-29,74,B10153
10154,16,8,2026-07-31,66,B10154
10155,16,8,2026-08-02,76,B10155
10156,16,8,2026-08-04,77,B10156
10157,16,9,2026-05-08,95,B10157
10158,16,9,2026-05-10,87,B10158
10159,16,9,2026-05-12,78,B10159
10160,16,9,2026-05-14,88,B10160
10161,16,9,2026-05-16,81,B10161
10162,16,9,2026-05-18,80,B10162
10163,16,9,2026-05-20,92,B10163
10164,16,9,2026-05-22,93,B10164
10165,16,9,2026-05-24,75,B10165
10166,16,9,2026-05-26,100,B10166
10167,16,9,2026-05-28,81,B10167
10168,16,9,2026-05-30,88,B10168
10169,16,9,2026-06-01,78,B10169
10170,16,9,2026-06-03,87,B10170
10171,16,9,2026-06-05,97,B10171
10172,16,9,2026-06-07,79,B10172
10173,16,9,2026-06-09,92,B10173
10174,16,9,2026-06-11,90,B10174
10175,16,9,2026-06-13,78,B10175
10176,16,9,2026-06-15,85,B10176
10177,16,9,2026-06-17,99,B10177
10178,16,9,2026-06-19,81,B10178
10179,16,9,2026-06-21,85,B10179
10180,16,9,2026-06-23,93,B10180
10181,16,9,2026-06-25,92,B10181
10182,16,9,2026-06-27,75,B10182
10183,16,9,2026-06-29,76,B10183
10184,16,9,2026-07-01,92,B10184
10185,16,9,2026-07-03,100,B10185
10186,16,9,2026-07-05,89,B10186
10187,16,9,2026-07-07,98,B10187
10188,16,9,2026-07-09,87,B10188
10189,16,9,2026-07-11,101,B10189
10190,16,9,2026-07-13,89,B10190
10191,16,9,2026-07-15,82,B10191
10192,16,9,2026-07-17,83,B10192
10193,16,9,2026-07-19,93,B10193
10194,16,9,2026-07-21,78,B10194
10195,16,9,2026-07-23,91,B10195
10196,16,9,2026-07-25,93,B10196
10197,16,9,2026-07-27,89,B10197
10198,16,9,2026-07-29,96,B10198
10199,16,9,2026-07-31,90,B10199
10200,16,9,2026-08-02,95,B10200
10201,16,9,2026-08-04,89,B10201
10202,16,10,2026-05-08,54,B10202
10203,16,10,2026-05-11,53,B10203
10204,16,10,2026-05-14,47,B10204
10205,16,10,2026-05-17,48,B10205
10206,16,10,2026-05-20,46,B10206
10207,16,10,2026-05-23,50,B10207
10208,16,10,2026-05-26,48,B10208
10209,16,10,2026-05-29,53,B10209
10210,16,10,2026-06-01,44,B10210
10211,16,10,2026-06-04,52,B10211
10212,16,10,2026-06-07,44,B10212
10213,16,10,2026-06-10,53,B10213
10214,16,10,2026-06-13,45,B10214
10215,16,10,2026-06-16,50,B10215
10216,16,10,2026-06-19,45,B10216
10217,16,10,2026-06-22,48,B10217
10218,16,10,2026-06-25,43,B10218
10219,16,10,2026-06-28,52,B10219
10220,16,10,2026-07-01,45,B10220
10221,16,10,2026-07-04,50,B10221
10222,16,10,2026-07-07,47,B10222
10223,16,10,2026-07-10,52,B10223
10224,16,10,2026-07-13,46,B10224
10225,16,10,2026-07-16,40,B10225
10226,16,10,2026-07-19,48,B10226
10227,16,10,2026-07-22,47,B10227
10228,16,10,2026-07-25,48,B10228
10229,16,10,2026-07-28,50,B10229
10230,16,10,2026-07-31,52,B10230
10231,16,10,2026-08-03,53,B10231
10232,16,11,2026-05-08,17,B10232
10233,16,11,2026-05-10,15,B10233
10234,16,11,2026-05-12,18,B10234
10235,16,11,2026-05-14,15,B10235
10236,16,11,2026-05-16,18,B10236
10237,16,11,2026-05-18,16,B10237
10238,16,11,2026-05-20,14,B10238
10239,16,11,2026-05-22,15,B10239
10240,16,11,2026-05-24,16,B10240
10241,16,11,2026-05-26,16,B10241
10242,16,11,2026-05-28,17,B10242
10243,16,11,2026-05-30,16,B10243
10244,16,11,2026-06-01,16,B10244
10245,16,11,2026-06-03,17,B10245
10246,16,11,2026-06-05,16,B10246
10247,16,11,2026-06-07,15,B10247
10248,16,11,2026-06-09,18,B10248
10249,16,11,2026-06-11,17,B10249
10250,16,11,2026-06-13,18,B10250
10251,16,11,2026-06-15,18,B10251
10252,16,11,2026-06-17,18,B10252
10253,16,11,2026-06-19,18,B10253
10254,16,11,2026-06-21,15,B10254
10255,16,11,2026-06-23,16,B10255
10256,16,11,2026-06-25,16,B10256
10257,16,11,2026-06-27,18,B10257
10258,16,11,2026-06-29,16,B10258
10259,16,11,2026-07-01,18,B10259
10260,16,11,2026-07-03,15,B10260
10261,16,11,2026-07-05,15,B10261
10262,16,11,2026-07-07,14,B10262
10263,16,11,2026-07-09,17,B10263
10264,16,11,2026-07-11,16,B10264
10265,16,11,2026-07-13,15,B10265
10266,16,11,2026-07-15,18,B10266
10267,16,11,2026-07-17,19,B10267
10268,16,11,2026-07-19,15,B10268
10269,16,11,2026-07-21,15,B10269
10270,16,11,2026-07-23,18,B10270
10271,16,11,2026-07-25,14,B10271
10272,16,11,2026-07-27,16,B10272
10273,16,11,2026-07-29,17,B10273
10274,16,11,2026-07-31,14,B10274
10275,16,11,2026-08-02,18,B10275
10276,16,11,2026-08-04,19,B10276
10277,16,12,2026-05-08,39,B10277
10278,16,12,2026-05-11,39,B10278
10279,16,12,2026-05-14,39,B10279
10280,16,12,2026-05-17,34,B10280
10281,16,12,2026-05-20,41,B10281
10282,16,12,2026-05-23,38,B10282
10283,16,12,2026-05-26,35,B10283
10284,16,12,2026-05-29,33,B10284
10285,16,12,2026-06-01,41,B10285
10286,16,12,2026-06-04,36,B10286
10287,16,12,2026-06-07,36,B10287
10288,16,12,2026-06-10,35,B10288
10289,16,12,2026-06-13,33,B10289
10290,16,12,2026-06-16,37,B10290
10291,16,12,2026-06-19,41,B10291
10292,16,12,2026-06-22,37,B10292
10293,16,12,2026-06-25,37,B10293
10294,16,12,2026-06-28,41,B10294
10295,16,12,2026-07-01,38,B10295
10296,16,12,2026-07-04,38,B10296
10297,16,12,2026-07-07,38,B10297
10298,16,12,2026-07-10,39,B10298
10299,16,12,2026-07-13,38,B10299
10300,16,12,2026-07-16,40,B10300
10301,16,12,2026-07-19,31,B10301
10302,16,12,2026-07-22,36,B10302
10303,16,12,2026-07-25,41,B10303
10304,16,12,2026-07-28,40,B10304
10305,16,12,2026-07-31,39,B10305
10306,16,12,2026-08-03,32,B10306
10307,16,13,2026-05-08,44,B10307
10308,16,13,2026-05-11,34,B10308
10309,16,13,2026-05-14,35,B10309
10310,16,13,2026-05-17,40,B10310
10311,16,13,2026-05-20,39,B10311
10312,16,13,2026-05-23,40,B10312
10313,16,13,2026-05-26,41,B10313
10314,16,13,2026-05-29,45,B10314
10315,16,13,2026-06-01,44,B10315
10316,16,13,2026-06-04,34,B10316
10317,16,13,2026-06-07,42,B10317
10318,16,13,2026-06-10,39,B10318
10319,16,13,2026-06-13,40,B10319
10320,16,13,2026-06-16,43,B10320
10321,16,13,2026-06-19,38,B10321
10322,16,13,2026-06-22,44,B10322
10323,16,13,2026-06-25,42,B10323
10324,16,13,2026-06-28,39,B10324
10325,16,13,2026-07-01,41,B10325
10326,16,13,2026-07-04,44,B10326
10327,16,13,2026-07-07,41,B10327
10328,16,13,2026-07-10,44,B10328
10329,16,13,2026-07-13,35,B10329
10330,16,13,2026-07-16,44,B10330
10331,16,13,2026-07-19,42,B10331
10332,16,13,2026-07-22,44,B10332
10333,16,13,2026-07-25,42,B10333
10334,16,13,2026-07-28,34,B10334
10335,16,13,2026-07-31,36,B10335
10336,16,13,2026-08-03,44,B10336
10337,16,14,2026-05-08,23,B10337
10338,16,14,2026-05-10,23,B10338
10339,16,14,2026-05-12,23,B10339
10340,16,14,2026-05-14,29,B10340
10341,16,14,2026-05-16,23,B10341
10342,16,14,2026-05-18,29,B10342
10343,16,14,2026-05-20,27,B10343
10344,16,14,2026-05-22,27,B10344
10345,16,14,2026-05-24,23,B10345
10346,16,14,2026-05-26,27,B10346
10347,16,14,2026-05-28,27,B10347
10348,16,14,2026-05-30,29,B10348
10349,16,14,2026-06-01,26,B10349
10350,16,14,2026-06-03,29,B10350
10351,16,14,2026-06-05,27,B10351
10352,16,14,2026-06-07,29,B10352
10353,16,14,2026-06-09,25,B10353
10354,16,14,2026-06-11,24,B10354
10355,16,14,2026-06-13,27,B10355
10356,16,14,2026-06-15,24,B10356
10357,16,14,2026-06-17,24,B10357
10358,16,14,2026-06-19,26,B10358
10359,16,14,2026-06-21,24,B10359
10360,16,14,2026-06-23,29,B10360
10361,16,14,2026-06-25,25,B10361
10362,16,14,2026-06-27,22,B10362
10363,16,14,2026-06-29,26,B10363
10364,16,14,2026-07-01,24,B10364
10365,16,14,2026-07-03,25,B10365
10366,16,14,2026-07-05,24,B10366
10367,16,14,2026-07-07,23,B10367
10368,16,14,2026-07-09,27,B10368
10369,16,14,2026-07-11,28,B10369
10370,16,14,2026-07-13,25,B10370
10371,16,14,2026-07-15,22,B10371
10372,16,14,2026-07-17,28,B10372
10373,16,14,2026-07-19,28,B10373
10374,16,14,2026-07-21,25,B10374
10375,16,14,2026-07-23,24,B10375
10376,16,14,2026-07-25,27,B10376
10377,16,14,2026-07-27,22,B10377
10378,16,14,2026-07-29,26,B10378
10379,16,14,2026-07-31,22,B10379
10380,16,14,2026-08-02,23,B10380
10381,16,14,2026-08-04,25,B10381
10382,16,15,2026-05-08,364,B10382
10383,16,15,2026-05-21,363,B10383
10384,16,15,2026-06-03,332,B10384
10385,16,15,2026-06-16,298,B10385
10386,16,15,2026-06-29,365,B10386
10387,16,15,2026-07-12,326,B10387
10388,16,16,2026-05-08,242,B10388
10389,16,16,2026-05-22,271,B10389
10390,16,16,2026-06-05,229,B10390
10391,16,16,2026-06-19,281,B10391
10392,16,16,2026-07-03,229,B10392
10393,16,16,2026-07-17,257,B10393
10394,16,17,2026-05-08,324,B10394
10395,16,17,2026-05-25,387,B10395
10396,16,17,2026-06-11,405,B10396
10397,16,17,2026-06-28,373,B10397
10398,16,17,2026-07-15,406,B10398
10399,16,18,2026-05-08,406,B10399
10400,16,18,2026-05-18,340,B10400
10401,16,18,2026-05-28,320,B10401
10402,16,18,2026-06-07,316,B10402
10403,16,18,2026-06-17,318,B10403
10404,16,18,2026-06-27,318,B10404
10405,16,18,2026-07-07,412,B10405
10406,16,18,2026-07-17,324,B10406
10407,16,18,2026-07-27,336,B10407
10408,16,19,2026-05-08,248,B10408
10409,16,19,2026-05-20,262,B10409
10410,16,19,2026-06-01,230,B10410
10411,16,19,2026-06-13,255,B10411
10412,16,19,2026-06-25,212,B10412
10413,16,19,2026-07-07,249,B10413
10414,16,19,2026-07-19,230,B10414
10415,16,20,2026-05-08,280,B10415
10416,16,20,2026-05-18,311,B10416
10417,16,20,2026-05-28,254,B10417
10418,16,20,2026-06-07,316,B10418
10419,16,20,2026-06-17,313,B10419
10420,16,20,2026-06-27,298,B10420
10421,16,20,2026-07-07,297,B10421
10422,16,20,2026-07-17,339,B10422
10423,16,20,2026-07-27,293,B10423
10424,16,21,2026-05-08,532,B10424
10425,16,21,2026-05-24,450,B10425
10426,16,21,2026-06-09,447,B10426
10427,16,21,2026-06-25,452,B10427
10428,16,21,2026-07-11,474,B10428
10429,16,22,2026-05-08,144,B10429
10430,16,22,2026-05-19,112,B10430
10431,16,22,2026-05-30,137,B10431
10432,16,22,2026-06-10,142,B10432
10433,16,22,2026-06-21,128,B10433
10434,16,22,2026-07-02,122,B10434
10435,16,22,2026-07-13,119,B10435
10436,16,22,2026-07-24,124,B10436
10437,16,23,2026-05-08,81,B10437
10438,16,23,2026-05-23,81,B10438
10439,16,23,2026-06-07,75,B10439
10440,16,23,2026-06-22,80,B10440
10441,16,23,2026-07-07,84,B10441
10442,16,23,2026-07-22,75,B10442
10443,16,24,2026-05-08,96,B10443
10444,16,24,2026-05-18,112,B10444
10445,16,24,2026-05-28,114,B10445
10446,16,24,2026-06-07,93,B10446
10447,16,24,2026-06-17,107,B10447
10448,16,24,2026-06-27,96,B10448
10449,16,24,2026-07-07,110,B10449
10450,16,24,2026-07-17,116,B10450
10451,16,24,2026-07-27,100,B10451
10452,16,25,2026-05-08,76,B10452
10453,16,25,2026-05-19,83,B10453
10454,16,25,2026-05-30,89,B10454
10455,16,25,2026-06-10,86,B10455
10456,16,25,2026-06-21,96,B10456
10457,16,25,2026-07-02,74,B10457
10458,16,25,2026-07-13,97,B10458
10459,16,25,2026-07-24,83,B10459
10460,16,26,2026-05-08,187,B10460
10461,16,26,2026-05-26,190,B10461
10462,16,26,2026-06-13,192,B10462
10463,16,26,2026-07-01,204,B10463
10464,16,26,2026-07-19,207,B10464
10465,16,27,2026-05-08,141,B10465
10466,16,27,2026-05-24,108,B10466
10467,16,27,2026-06-09,133,B10467
10468,16,27,2026-06-25,108,B10468
10469,16,27,2026-07-11,121,B10469
10470,16,28,2026-05-08,66,B10470
10471,16,28,2026-05-20,70,B10471
10472,16,28,2026-06-01,54,B10472
10473,16,28,2026-06-13,65,B10473
10474,16,28,2026-06-25,69,B10474
10475,16,28,2026-07-07,56,B10475
10476,16,28,2026-07-19,67,B10476
10477,16,29,2026-05-08,93,B10477
10478,16,29,2026-05-20,85,B10478
10479,16,29,2026-06-01,102,B10479
10480,16,29,2026-06-13,98,B10480
10481,16,29,2026-06-25,96,B10481
10482,16,29,2026-07-07,100,B10482
10483,16,29,2026-07-19,90,B10483
10484,16,30,2026-05-08,160,B10484
10485,16,30,2026-05-21,147,B10485
10486,16,30,2026-06-03,139,B10486
10487,16,30,2026-06-16,139,B10487
10488,16,30,2026-06-29,159,B10488
10489,16,30,2026-07-12,126,B10489
10490,16,31,2026-05-08,159,B10490
10491,16,31,2026-05-20,166,B10491
10492,16,31,2026-06-01,148,B10492
10493,16,31,2026-06-13,162,B10493
10494,16,31,2026-06-25,164,B10494
10495,16,31,2026-07-07,141,B10495
10496,16,31,2026-07-19,162,B10496
10497,16,32,2026-05-08,171,B10497
10498,16,32,2026-05-25,189,B10498
10499,16,32,2026-06-11,211,B10499
10500,16,32,2026-06-28,214,B10500
10501,16,32,2026-07-15,191,B10501
10502,16,33,2026-05-08,186,B10502
10503,16,33,2026-05-24,169,B10503
10504,16,33,2026-06-09,162,B10504
10505,16,33,2026-06-25,164,B10505
10506,16,33,2026-07-11,181,B10506
10507,16,34,2026-05-08,122,B10507
10508,16,34,2026-05-20,150,B10508
10509,16,34,2026-06-01,117,B10509
10510,16,34,2026-06-13,155,B10510
10511,16,34,2026-06-25,119,B10511
10512,16,34,2026-07-07,122,B10512
10513,16,34,2026-07-19,137,B10513
10514,17,1,2026-05-08,76,B10514
10515,17,1,2026-05-11,85,B10515
10516,17,1,2026-05-14,82,B10516
10517,17,1,2026-05-17,84,B10517
10518,17,1,2026-05-20,71,B10518
10519,17,1,2026-05-23,69,B10519
10520,17,1,2026-05-26,70,B10520
10521,17,1,2026-05-29,66,B10521
10522,17,1,2026-06-01,78,B10522
10523,17,1,2026-06-04,74,B10523
10524,17,1,2026-06-07,71,B10524
10525,17,1,2026-06-10,78,B10525
10526,17,1,2026-06-13,88,B10526
10527,17,1,2026-06-16,76,B10527
10528,17,1,2026-06-19,78,B10528
10529,17,1,2026-06-22,77,B10529
10530,17,1,2026-06-25,85,B10530
10531,17,1,2026-06-28,69,B10531
10532,17,1,2026-07-01,68,B10532
10533,17,1,2026-07-04,70,B10533
10534,17,1,2026-07-07,88,B10534
10535,17,1,2026-07-10,79,B10535
10536,17,1,2026-07-13,85,B10536
10537,17,1,2026-07-16,78,B10537
10538,17,1,2026-07-19,80,B10538
10539,17,1,2026-07-22,82,B10539
10540,17,1,2026-07-25,82,B10540
10541,17,1,2026-07-28,85,B10541
10542,17,1,2026-07-31,84,B10542
10543,17,1,2026-08-03,73,B10543
10544,17,2,2026-05-08,84,B10544
10545,17,2,2026-05-11,73,B10545
10546,17,2,2026-05-14,81,B10546
10547,17,2,2026-05-17,81,B10547
10548,17,2,2026-05-20,67,B10548
10549,17,2,2026-05-23,79,B10549
10550,17,2,2026-05-26,76,B10550
10551,17,2,2026-05-29,81,B10551
10552,17,2,2026-06-01,73,B10552
10553,17,2,2026-06-04,83,B10553
10554,17,2,2026-06-07,75,B10554
10555,17,2,2026-06-10,76,B10555
10556,17,2,2026-06-13,78,B10556
10557,17,2,2026-06-16,64,B10557
10558,17,2,2026-06-19,82,B10558
10559,17,2,2026-06-22,73,B10559
10560,17,2,2026-06-25,73,B10560
10561,17,2,2026-06-28,80,B10561
10562,17,2,2026-07-01,64,B10562
10563,17,2,2026-07-04,63,B10563
10564,17,2,2026-07-07,83,B10564
10565,17,2,2026-07-10,70,B10565
10566,17,2,2026-07-13,83,B10566
10567,17,2,2026-07-16,80,B10567
10568,17,2,2026-07-19,83,B10568
10569,17,2,2026-07-22,69,B10569
10570,17,2,2026-07-25,68,B10570
10571,17,2,2026-07-28,64,B10571
10572,17,2,2026-07-31,73,B10572
10573,17,2,2026-08-03,78,B10573
10574,17,3,2026-05-08,86,B10574
10575,17,3,2026-05-11,73,B10575
10576,17,3,2026-05-14,86,B10576
10577,17,3,2026-05-17,81,B10577
10578,17,3,2026-05-20,83,B10578
10579,17,3,2026-05-23,87,B10579
10580,17,3,2026-05-26,71,B10580
10581,17,3,2026-05-29,77,B10581
10582,17,3,2026-06-01,87,B10582
10583,17,3,2026-06-04,77,B10583
10584,17,3,2026-06-07,74,B10584
10585,17,3,2026-06-10,81,B10585
10586,17,3,2026-06-13,71,B10586
10587,17,3,2026-06-16,86,B10587
10588,17,3,2026-06-19,85,B10588
10589,17,3,2026-06-22,86,B10589
10590,17,3,2026-06-25,73,B10590
10591,17,3,2026-06-28,89,B10591
10592,17,3,2026-07-01,84,B10592
10593,17,3,2026-07-04,83,B10593
10594,17,3,2026-07-07,87,B10594
10595,17,3,2026-07-10,82,B10595
10596,17,3,2026-07-13,88,B10596
10597,17,3,2026-07-16,69,B10597
10598,17,3,2026-07-19,80,B10598
10599,17,3,2026-07-22,68,B10599
10600,17,3,2026-07-25,78,B10600
10601,17,3,2026-07-28,83,B10601
10602,17,3,2026-07-31,67,B10602
10603,17,3,2026-08-03,70,B10603
10604,17,4,2026-05-08,48,B10604
10605,17,4,2026-05-11,56,B10605
10606,17,4,2026-05-14,56,B10606
10607,17,4,2026-05-17,45,B10607
10608,17,4,2026-05-20,49,B10608
10609,17,4,2026-05-23,52,B10609
10610,17,4,2026-05-26,50,B10610
10611,17,4,2026-05-29,55,B10611
10612,17,4,2026-06-01,54,B10612
10613,17,4,2026-06-04,47,B10613
10614,17,4,2026-06-07,46,B10614
10615,17,4,2026-06-10,48,B10615
10616,17,4,2026-06-13,50,B10616
10617,17,4,2026-06-16,48,B10617
10618,17,4,2026-06-19,44,B10618
10619,17,4,2026-06-22,56,B10619
10620,17,4,2026-06-25,44,B10620
10621,17,4,2026-06-28,47,B10621
10622,17,4,2026-07-01,44,B10622
10623,17,4,2026-07-04,51,B10623
10624,17,4,2026-07-07,57,B10624
10625,17,4,2026-07-10,55,B10625
10626,17,4,2026-07-13,42,B10626
10627,17,4,2026-07-16,54,B10627
10628,17,4,2026-07-19,45,B10628
10629,17,4,2026-07-22,50,B10629
10630,17,4,2026-07-25,45,B10630
10631,17,4,2026-07-28,49,B10631
10632,17,4,2026-07-31,54,B10632
10633,17,4,2026-08-03,46,B10633
10634,17,5,2026-05-08,54,B10634
10635,17,5,2026-05-10,52,B10635
10636,17,5,2026-05-12,54,B10636
10637,17,5,2026-05-14,56,B10637
10638,17,5,2026-05-16,47,B10638
10639,17,5,2026-05-18,51,B10639
10640,17,5,2026-05-20,50,B10640
10641,17,5,2026-05-22,49,B10641
10642,17,5,2026-05-24,47,B10642
10643,17,5,2026-05-26,54,B10643
10644,17,5,2026-05-28,48,B10644
10645,17,5,2026-05-30,47,B10645
10646,17,5,2026-06-01,46,B10646
10647,17,5,2026-06-03,46,B10647
10648,17,5,2026-06-05,50,B10648
10649,17,5,2026-06-07,44,B10649
10650,17,5,2026-06-09,47,B10650
10651,17,5,2026-06-11,54,B10651
10652,17,5,2026-06-13,49,B10652
10653,17,5,2026-06-15,50,B10653
10654,17,5,2026-06-17,52,B10654
10655,17,5,2026-06-19,55,B10655
10656,17,5,2026-06-21,46,B10656
10657,17,5,2026-06-23,43,B10657
10658,17,5,2026-06-25,49,B10658
10659,17,5,2026-06-27,53,B10659
10660,17,5,2026-06-29,46,B10660
10661,17,5,2026-07-01,42,B10661
10662,17,5,2026-07-03,44,B10662
10663,17,5,2026-07-05,55,B10663
10664,17,5,2026-07-07,48,B10664
10665,17,5,2026-07-09,46,B10665
10666,17,5,2026-07-11,44,B10666
10667,17,5,2026-07-13,51,B10667
10668,17,5,2026-07-15,57,B10668
10669,17,5,2026-07-17,49,B10669
10670,17,5,2026-07-19,53,B10670
10671,17,5,2026-07-21,54,B10671
10672,17,5,2026-07-23,45,B10672
10673,17,5,2026-07-25,45,B10673
10674,17,5,2026-07-27,46,B10674
10675,17,5,2026-07-29,48,B10675
10676,17,5,2026-07-31,46,B10676
10677,17,5,2026-08-02,56,B10677
10678,17,5,2026-08-04,52,B10678
10679,17,6,2026-05-08,82,B10679
10680,17,6,2026-05-11,83,B10680
10681,17,6,2026-05-14,84,B10681
10682,17,6,2026-05-17,77,B10682
10683,17,6,2026-05-20,86,B10683
10684,17,6,2026-05-23,94,B10684
10685,17,6,2026-05-26,89,B10685
10686,17,6,2026-05-29,91,B10686
10687,17,6,2026-06-01,73,B10687
10688,17,6,2026-06-04,88,B10688
10689,17,6,2026-06-07,78,B10689
10690,17,6,2026-06-10,74,B10690
10691,17,6,2026-06-13,83,B10691
10692,17,6,2026-06-16,86,B10692
10693,17,6,2026-06-19,86,B10693
10694,17,6,2026-06-22,75,B10694
10695,17,6,2026-06-25,72,B10695
10696,17,6,2026-06-28,72,B10696
10697,17,6,2026-07-01,81,B10697
10698,17,6,2026-07-04,80,B10698
10699,17,6,2026-07-07,87,B10699
10700,17,6,2026-07-10,87,B10700
10701,17,6,2026-07-13,94,B10701
10702,17,6,2026-07-16,84,B10702
10703,17,6,2026-07-19,83,B10703
10704,17,6,2026-07-22,91,B10704
10705,17,6,2026-07-25,82,B10705
10706,17,6,2026-07-28,73,B10706
10707,17,6,2026-07-31,75,B10707
10708,17,6,2026-08-03,93,B10708
10709,17,7,2026-05-08,66,B10709
10710,17,7,2026-05-11,53,B10710
10711,17,7,2026-05-14,71,B10711
10712,17,7,2026-05-17,56,B10712
10713,17,7,2026-05-20,68,B10713
10714,17,7,2026-05-23,56,B10714
10715,17,7,2026-05-26,62,B10715
10716,17,7,2026-05-29,68,B10716
10717,17,7,2026-06-01,62,B10717
10718,17,7,2026-06-04,63,B10718
10719,17,7,2026-06-07,66,B10719
10720,17,7,2026-06-10,59,B10720
10721,17,7,2026-06-13,67,B10721
10722,17,7,2026-06-16,56,B10722
10723,17,7,2026-06-19,55,B10723
10724,17,7,2026-06-22,59,B10724
10725,17,7,2026-06-25,68,B10725
10726,17,7,2026-06-28,63,B10726
10727,17,7,2026-07-01,66,B10727
10728,17,7,2026-07-04,66,B10728
10729,17,7,2026-07-07,71,B10729
10730,17,7,2026-07-10,55,B10730
10731,17,7,2026-07-13,60,B10731
10732,17,7,2026-07-16,63,B10732
10733,17,7,2026-07-19,54,B10733
10734,17,7,2026-07-22,62,B10734
10735,17,7,2026-07-25,71,B10735
10736,17,7,2026-07-28,71,B10736
10737,17,7,2026-07-31,60,B10737
10738,17,7,2026-08-03,71,B10738
10739,17,8,2026-05-08,77,B10739
10740,17,8,2026-05-11,76,B10740
10741,17,8,2026-05-14,81,B10741
10742,17,8,2026-05-17,95,B10742
10743,17,8,2026-05-20,78,B10743
10744,17,8,2026-05-23,97,B10744
10745,17,8,2026-05-26,95,B10745
10746,17,8,2026-05-29,95,B10746
10747,17,8,2026-06-01,92,B10747
10748,17,8,2026-06-04,81,B10748
10749,17,8,2026-06-07,85,B10749
10750,17,8,2026-06-10,80,B10750
10751,17,8,2026-06-13,77,B10751
10752,17,8,2026-06-16,79,B10752
10753,17,8,2026-06-19,96,B10753
10754,17,8,2026-06-22,84,B10754
10755,17,8,2026-06-25,76,B10755
10756,17,8,2026-06-28,86,B10756
10757,17,8,2026-07-01,79,B10757
10758,17,8,2026-07-04,79,B10758
10759,17,8,2026-07-07,73,B10759
10760,17,8,2026-07-10,78,B10760
10761,17,8,2026-07-13,96,B10761
10762,17,8,2026-07-16,73,B10762
10763,17,8,2026-07-19,97,B10763
10764,17,8,2026-07-22,95,B10764
10765,17,8,2026-07-25,77,B10765
10766,17,8,2026-07-28,74,B10766
10767,17,8,2026-07-31,77,B10767
10768,17,8,2026-08-03,85,B10768
10769,17,9,2026-05-08,32,B10769
10770,17,9,2026-05-10,32,B10770
10771,17,9,2026-05-12,40,B10771
10772,17,9,2026-05-14,35,B10772
10773,17,9,2026-05-16,37,B10773
10774,17,9,2026-05-18,30,B10774
10775,17,9,2026-05-20,34,B10775
10776,17,9,2026-05-22,39,B10776
10777,17,9,2026-05-24,37,B10777
10778,17,9,2026-05-26,34,B10778
10779,17,9,2026-05-28,32,B10779
10780,17,9,2026-05-30,39,B10780
10781,17,9,2026-06-01,33,B10781
10782,17,9,2026-06-03,35,B10782
10783,17,9,2026-06-05,34,B10783
10784,17,9,2026-06-07,33,B10784
10785,17,9,2026-06-09,37,B10785
10786,17,9,2026-06-11,36,B10786
10787,17,9,2026-06-13,36,B10787
10788,17,9,2026-06-15,33,B10788
10789,17,9,2026-06-17,37,B10789
10790,17,9,2026-06-19,30,B10790
10791,17,9,2026-06-21,38,B10791
10792,17,9,2026-06-23,31,B10792
10793,17,9,2026-06-25,37,B10793
10794,17,9,2026-06-27,33,B10794
10795,17,9,2026-06-29,37,B10795
10796,17,9,2026-07-01,34,B10796
10797,17,9,2026-07-03,39,B10797
10798,17,9,2026-07-05,30,B10798
10799,17,9,2026-07-07,34,B10799
10800,17,9,2026-07-09,40,B10800
10801,17,9,2026-07-11,36,B10801
10802,17,9,2026-07-13,38,B10802
10803,17,9,2026-07-15,36,B10803
10804,17,9,2026-07-17,32,B10804
10805,17,9,2026-07-19,33,B10805
10806,17,9,2026-07-21,40,B10806
10807,17,9,2026-07-23,32,B10807
10808,17,9,2026-07-25,36,B10808
10809,17,9,2026-07-27,33,B10809
10810,17,9,2026-07-29,35,B10810
10811,17,9,2026-07-31,30,B10811
10812,17,9,2026-08-02,37,B10812
10813,17,9,2026-08-04,30,B10813
10814,17,10,2026-05-08,31,B10814
10815,17,10,2026-05-10,38,B10815
10816,17,10,2026-05-12,37,B10816
10817,17,10,2026-05-14,37,B10817
10818,17,10,2026-05-16,33,B10818
10819,17,10,2026-05-18,31,B10819
10820,17,10,2026-05-20,34,B10820
10821,17,10,2026-05-22,38,B10821
10822,17,10,2026-05-24,31,B10822
10823,17,10,2026-05-26,32,B10823
10824,17,10,2026-05-28,29,B10824
10825,17,10,2026-05-30,38,B10825
10826,17,10,2026-06-01,33,B10826
10827,17,10,2026-06-03,35,B10827
10828,17,10,2026-06-05,31,B10828
10829,17,10,2026-06-07,32,B10829
10830,17,10,2026-06-09,36,B10830
10831,17,10,2026-06-11,36,B10831
10832,17,10,2026-06-13,36,B10832
10833,17,10,2026-06-15,37,B10833
10834,17,10,2026-06-17,37,B10834
10835,17,10,2026-06-19,31,B10835
10836,17,10,2026-06-21,30,B10836
10837,17,10,2026-06-23,36,B10837
10838,17,10,2026-06-25,32,B10838
10839,17,10,2026-06-27,35,B10839
10840,17,10,2026-06-29,31,B10840
10841,17,10,2026-07-01,39,B10841
10842,17,10,2026-07-03,29,B10842
10843,17,10,2026-07-05,30,B10843
10844,17,10,2026-07-07,34,B10844
10845,17,10,2026-07-09,31,B10845
10846,17,10,2026-07-11,33,B10846
10847,17,10,2026-07-13,36,B10847
10848,17,10,2026-07-15,31,B10848
10849,17,10,2026-07-17,33,B10849
10850,17,10,2026-07-19,37,B10850
10851,17,10,2026-07-21,36,B10851
10852,17,10,2026-07-23,34,B10852
10853,17,10,2026-07-25,35,B10853
10854,17,10,2026-07-27,36,B10854
10855,17,10,2026-07-29,36,B10855
10856,17,10,2026-07-31,36,B10856
10857,17,10,2026-08-02,30,B10857
10858,17,10,2026-08-04,32,B10858
10859,17,11,2026-05-08,24,B10859
10860,17,11,2026-05-10,22,B10860
10861,17,11,2026-05-12,26,B10861
10862,17,11,2026-05-14,22,B10862
10863,17,11,2026-05-16,21,B10863
10864,17,11,2026-05-18,27,B10864
10865,17,11,2026-05-20,22,B10865
10866,17,11,2026-05-22,20,B10866
10867,17,11,2026-05-24,26,B10867
10868,17,11,2026-05-26,26,B10868
10869,17,11,2026-05-28,21,B10869
10870,17,11,2026-05-30,22,B10870
10871,17,11,2026-06-01,21,B10871
10872,17,11,2026-06-03,23,B10872
10873,17,11,2026-06-05,23,B10873
10874,17,11,2026-06-07,24,B10874
10875,17,11,2026-06-09,26,B10875
10876,17,11,2026-06-11,21,B10876
10877,17,11,2026-06-13,23,B10877
10878,17,11,2026-06-15,24,B10878
10879,17,11,2026-06-17,24,B10879
10880,17,11,2026-06-19,20,B10880
10881,17,11,2026-06-21,25,B10881
10882,17,11,2026-06-23,21,B10882
10883,17,11,2026-06-25,24,B10883
10884,17,11,2026-06-27,21,B10884
10885,17,11,2026-06-29,23,B10885
10886,17,11,2026-07-01,23,B10886
10887,17,11,2026-07-03,26,B10887
10888,17,11,2026-07-05,20,B10888
10889,17,11,2026-07-07,20,B10889
10890,17,11,2026-07-09,21,B10890
10891,17,11,2026-07-11,25,B10891
10892,17,11,2026-07-13,21,B10892
10893,17,11,2026-07-15,25,B10893
10894,17,11,2026-07-17,26,B10894
10895,17,11,2026-07-19,25,B10895
10896,17,11,2026-07-21,26,B10896
10897,17,11,2026-07-23,23,B10897
10898,17,11,2026-07-25,23,B10898
10899,17,11,2026-07-27,21,B10899
10900,17,11,2026-07-29,20,B10900
10901,17,11,2026-07-31,25,B10901
10902,17,11,2026-08-02,24,B10902
10903,17,11,2026-08-04,23,B10903
10904,17,12,2026-05-08,36,B10904
10905,17,12,2026-05-11,37,B10905
10906,17,12,2026-05-14,36,B10906
10907,17,12,2026-05-17,33,B10907
10908,17,12,2026-05-20,36,B10908
10909,17,12,2026-05-23,38,B10909
10910,17,12,2026-05-26,38,B10910
10911,17,12,2026-05-29,31,B10911
10912,17,12,2026-06-01,37,B10912
10913,17,12,2026-06-04,34,B10913
10914,17,12,2026-06-07,40,B10914
10915,17,12,2026-06-10,33,B10915
10916,17,12,2026-06-13,38,B10916
10917,17,12,2026-06-16,32,B10917
10918,17,12,2026-06-19,32,B10918
10919,17,12,2026-06-22,31,B10919
10920,17,12,2026-06-25,37,B10920
10921,17,12,2026-06-28,41,B10921
10922,17,12,2026-07-01,34,B10922
10923,17,12,2026-07-04,37,B10923
10924,17,12,2026-07-07,31,B10924
10925,17,12,2026-07-10,39,B10925
10926,17,12,2026-07-13,34,B10926
10927,17,12,2026-07-16,39,B10927
10928,17,12,2026-07-19,30,B10928
10929,17,12,2026-07-22,38,B10929
10930,17,12,2026-07-25,32,B10930
10931,17,12,2026-07-28,40,B10931
10932,17,12,2026-07-31,38,B10932
10933,17,12,2026-08-03,40,B10933
10934,17,13,2026-05-08,42,B10934
10935,17,13,2026-05-11,39,B10935
10936,17,13,2026-05-14,39,B10936
10937,17,13,2026-05-17,41,B10937
10938,17,13,2026-05-20,37,B10938
10939,17,13,2026-05-23,41,B10939
10940,17,13,2026-05-26,42,B10940
10941,17,13,2026-05-29,35,B10941
10942,17,13,2026-06-01,40,B10942
10943,17,13,2026-06-04,35,B10943
10944,17,13,2026-06-07,41,B10944
10945,17,13,2026-06-10,37,B10945
10946,17,13,2026-06-13,33,B10946
10947,17,13,2026-06-16,37,B10947
10948,17,13,2026-06-19,34,B10948
10949,17,13,2026-06-22,38,B10949
10950,17,13,2026-06-25,34,B10950
10951,17,13,2026-06-28,31,B10951
10952,17,13,2026-07-01,38,B10952
10953,17,13,2026-07-04,34,B10953
10954,17,13,2026-07-07,41,B10954
10955,17,13,2026-07-10,38,B10955
10956,17,13,2026-07-13,32,B10956
10957,17,13,2026-07-16,35,B10957
10958,17,13,2026-07-19,34,B10958
10959,17,13,2026-07-22,42,B10959
10960,17,13,2026-07-25,39,B10960
10961,17,13,2026-07-28,41,B10961
10962,17,13,2026-07-31,42,B10962
10963,17,13,2026-08-03,39,B10963
10964,17,14,2026-05-08,38,B10964
10965,17,14,2026-05-11,33,B10965
10966,17,14,2026-05-14,35,B10966
10967,17,14,2026-05-17,43,B10967
10968,17,14,2026-05-20,34,B10968
10969,17,14,2026-05-23,41,B10969
10970,17,14,2026-05-26,33,B10970
10971,17,14,2026-05-29,42,B10971
10972,17,14,2026-06-01,33,B10972
10973,17,14,2026-06-04,36,B10973
10974,17,14,2026-06-07,34,B10974
10975,17,14,2026-06-10,43,B10975
10976,17,14,2026-06-13,35,B10976
10977,17,14,2026-06-16,35,B10977
10978,17,14,2026-06-19,42,B10978
10979,17,14,2026-06-22,34,B10979
10980,17,14,2026-06-25,38,B10980
10981,17,14,2026-06-28,38,B10981
10982,17,14,2026-07-01,37,B10982
10983,17,14,2026-07-04,32,B10983
10984,17,14,2026-07-07,41,B10984
10985,17,14,2026-07-10,41,B10985
10986,17,14,2026-07-13,34,B10986
10987,17,14,2026-07-16,38,B10987
10988,17,14,2026-07-19,37,B10988
10989,17,14,2026-07-22,39,B10989
10990,17,14,2026-07-25,33,B10990
10991,17,14,2026-07-28,39,B10991
10992,17,14,2026-07-31,40,B10992
10993,17,14,2026-08-03,34,B10993
10994,17,15,2026-05-08,291,B10994
10995,17,15,2026-05-21,289,B10995
10996,17,15,2026-06-03,275,B10996
10997,17,15,2026-06-16,348,B10997
10998,17,15,2026-06-29,294,B10998
10999,17,15,2026-07-12,282,B10999
11000,17,16,2026-05-08,262,B11000
11001,17,16,2026-05-19,254,B11001
11002,17,16,2026-05-30,265,B11002
11003,17,16,2026-06-10,205,B11003
11004,17,16,2026-06-21,233,B11004
11005,17,16,2026-07-02,254,B11005
11006,17,16,2026-07-13,222,B11006
11007,17,16,2026-07-24,254,B11007
11008,17,17,2026-05-08,487,B11008
11009,17,17,2026-05-22,541,B11009
11010,17,17,2026-06-05,531,B11010
11011,17,17,2026-06-19,576,B11011
11012,17,17,2026-07-03,569,B11012
11013,17,17,2026-07-17,430,B11013
11014,17,18,2026-05-08,180,B11014
11015,17,18,2026-05-20,183,B11015
11016,17,18,2026-06-01,174,B11016
11017,17,18,2026-06-13,165,B11017
11018,17,18,2026-06-25,168,B11018
11019,17,18,2026-07-07,181,B11019
11020,17,18,2026-07-19,169,B11020
11021,17,19,2026-05-08,146,B11021
11022,17,19,2026-05-19,148,B11022
11023,17,19,2026-05-30,155,B11023
11024,17,19,2026-06-10,129,B11024
11025,17,19,2026-06-21,167,B11025
11026,17,19,2026-07-02,164,B11026
11027,17,19,2026-07-13,159,B11027
11028,17,19,2026-07-24,150,B11028
11029,17,20,2026-05-08,341,B11029
11030,17,20,2026-05-25,294,B11030
11031,17,20,2026-06-11,339,B11031
11032,17,20,2026-06-28,326,B11032
11033,17,20,2026-07-15,311,B11033
11034,17,21,2026-05-08,291,B11034
11035,17,21,2026-05-22,264,B11035
11036,17,21,2026-06-05,260,B11036
11037,17,21,2026-06-19,230,B11037
11038,17,21,2026-07-03,237,B11038
11039,17,21,2026-07-17,281,B11039
11040,17,22,2026-05-08,381,B11040
11041,17,22,2026-05-25,375,B11041
11042,17,22,2026-06-11,317,B11042
11043,17,22,2026-06-28,349,B11043
11044,17,22,2026-07-15,361,B11044
11045,17,23,2026-05-08,123,B11045
11046,17,23,2026-05-21,128,B11046
11047,17,23,2026-06-03,133,B11047
11048,17,23,2026-06-16,101,B11048
11049,17,23,2026-06-29,133,B11049
11050,17,23,2026-07-12,122,B11050
11051,17,24,2026-05-08,129,B11051
11052,17,24,2026-05-25,141,B11052
11053,17,24,2026-06-11,160,B11053
11054,17,24,2026-06-28,161,B11054
11055,17,24,2026-07-15,134,B11055
11056,17,25,2026-05-08,81,B11056
11057,17,25,2026-05-20,95,B11057
11058,17,25,2026-06-01,76,B11058
11059,17,25,2026-06-13,93,B11059
11060,17,25,2026-06-25,97,B11060
11061,17,25,2026-07-07,86,B11061
11062,17,25,2026-07-19,84,B11062
11063,17,26,2026-05-08,76,B11063
11064,17,26,2026-05-19,64,B11064
11065,17,26,2026-05-30,68,B11065
11066,17,26,2026-06-10,75,B11066
11067,17,26,2026-06-21,78,B11067
11068,17,26,2026-07-02,72,B11068
11069,17,26,2026-07-13,83,B11069
11070,17,26,2026-07-24,77,B11070
11071,17,27,2026-05-08,118,B11071
11072,17,27,2026-05-24,132,B11072
11073,17,27,2026-06-09,134,B11073
11074,17,27,2026-06-25,137,B11074
11075,17,27,2026-07-11,140,B11075
11076,17,28,2026-05-08,125,B11076
11077,17,28,2026-05-23,135,B11077
11078,17,28,2026-06-07,142,B11078
11079,17,28,2026-06-22,136,B11079
11080,17,28,2026-07-07,118,B11080
11081,17,28,2026-07-22,111,B11081
11082,17,29,2026-05-08,84,B11082
11083,17,29,2026-05-23,83,B11083
11084,17,29,2026-06-07,93,B11084
11085,17,29,2026-06-22,81,B11085
11086,17,29,2026-07-07,98,B11086
11087,17,29,2026-07-22,89,B11087
11088,17,30,2026-05-08,92,B11088
11089,17,30,2026-05-20,77,B11089
11090,17,30,2026-06-01,84,B11090
11091,17,30,2026-06-13,86,B11091
11092,17,30,2026-06-25,84,B11092
11093,17,30,2026-07-07,80,B11093
11094,17,30,2026-07-19,82,B11094
11095,17,31,2026-05-08,247,B11095
11096,17,31,2026-05-22,230,B11096
11097,17,31,2026-06-05,277,B11097
11098,17,31,2026-06-19,241,B11098
11099,17,31,2026-07-03,234,B11099
11100,17,31,2026-07-17,271,B11100
11101,17,32,2026-05-08,130,B11101
11102,17,32,2026-05-19,129,B11102
11103,17,32,2026-05-30,122,B11103
11104,17,32,2026-06-10,126,B11104
11105,17,32,2026-06-21,120,B11105
11106,17,32,2026-07-02,135,B11106
11107,17,32,2026-07-13,133,B11107
11108,17,32,2026-07-24,105,B11108
11109,17,33,2026-05-08,156,B11109
11110,17,33,2026-05-23,150,B11110
11111,17,33,2026-06-07,168,B11111
11112,17,33,2026-06-22,173,B11112
11113,17,33,2026-07-07,175,B11113
11114,17,33,2026-07-22,163,B11114
11115,17,34,2026-05-08,244,B11115
11116,17,34,2026-05-26,254,B11116
11117,17,34,2026-06-13,305,B11117
11118,17,34,2026-07-01,285,B11118
11119,17,34,2026-07-19,252,B11119
11120,18,1,2026-05-08,88,B11120
11121,18,1,2026-05-11,78,B11121
11122,18,1,2026-05-14,84,B11122
11123,18,1,2026-05-17,76,B11123
11124,18,1,2026-05-20,74,B11124
11125,18,1,2026-05-23,81,B11125
11126,18,1,2026-05-26,86,B11126
11127,18,1,2026-05-29,93,B11127
11128,18,1,2026-06-01,75,B11128
11129,18,1,2026-06-04,82,B11129
11130,18,1,2026-06-07,90,B11130
11131,18,1,2026-06-10,74,B11131
11132,18,1,2026-06-13,84,B11132
11133,18,1,2026-06-16,80,B11133
11134,18,1,2026-06-19,91,B11134
11135,18,1,2026-06-22,78,B11135
11136,18,1,2026-06-25,79,B11136
11137,18,1,2026-06-28,76,B11137
11138,18,1,2026-07-01,77,B11138
11139,18,1,2026-07-04,94,B11139
11140,18,1,2026-07-07,90,B11140
11141,18,1,2026-07-10,96,B11141
11142,18,1,2026-07-13,79,B11142
11143,18,1,2026-07-16,93,B11143
11144,18,1,2026-07-19,85,B11144
11145,18,1,2026-07-22,75,B11145
11146,18,1,2026-07-25,76,B11146
11147,18,1,2026-07-28,73,B11147
11148,18,1,2026-07-31,76,B11148
11149,18,1,2026-08-03,74,B11149
11150,18,2,2026-05-08,31,B11150
11151,18,2,2026-05-10,31,B11151
11152,18,2,2026-05-12,37,B11152
11153,18,2,2026-05-14,39,B11153
11154,18,2,2026-05-16,32,B11154
11155,18,2,2026-05-18,31,B11155
11156,18,2,2026-05-20,30,B11156
11157,18,2,2026-05-22,33,B11157
11158,18,2,2026-05-24,31,B11158
11159,18,2,2026-05-26,33,B11159
11160,18,2,2026-05-28,32,B11160
11161,18,2,2026-05-30,40,B11161
11162,18,2,2026-06-01,35,B11162
11163,18,2,2026-06-03,31,B11163
11164,18,2,2026-06-05,31,B11164
11165,18,2,2026-06-07,35,B11165
11166,18,2,2026-06-09,31,B11166
11167,18,2,2026-06-11,39,B11167
11168,18,2,2026-06-13,33,B11168
11169,18,2,2026-06-15,35,B11169
11170,18,2,2026-06-17,30,B11170
11171,18,2,2026-06-19,32,B11171
11172,18,2,2026-06-21,35,B11172
11173,18,2,2026-06-23,30,B11173
11174,18,2,2026-06-25,37,B11174
11175,18,2,2026-06-27,31,B11175
11176,18,2,2026-06-29,38,B11176
11177,18,2,2026-07-01,39,B11177
11178,18,2,2026-07-03,35,B11178
11179,18,2,2026-07-05,31,B11179
11180,18,2,2026-07-07,31,B11180
11181,18,2,2026-07-09,30,B11181
11182,18,2,2026-07-11,30,B11182
11183,18,2,2026-07-13,33,B11183
11184,18,2,2026-07-15,37,B11184
11185,18,2,2026-07-17,30,B11185
11186,18,2,2026-07-19,38,B11186
11187,18,2,2026-07-21,35,B11187
11188,18,2,2026-07-23,39,B11188
11189,18,2,2026-07-25,31,B11189
11190,18,2,2026-07-27,34,B11190
11191,18,2,2026-07-29,39,B11191
11192,18,2,2026-07-31,33,B11192
11193,18,2,2026-08-02,36,B11193
11194,18,2,2026-08-04,30,B11194
11195,18,3,2026-05-08,60,B11195
11196,18,3,2026-05-11,52,B11196
11197,18,3,2026-05-14,53,B11197
11198,18,3,2026-05-17,58,B11198
11199,18,3,2026-05-20,58,B11199
11200,18,3,2026-05-23,51,B11200
11201,18,3,2026-05-26,52,B11201
11202,18,3,2026-05-29,64,B11202
11203,18,3,2026-06-01,63,B11203
11204,18,3,2026-06-04,63,B11204
11205,18,3,2026-06-07,57,B11205
11206,18,3,2026-06-10,57,B11206
11207,18,3,2026-06-13,52,B11207
11208,18,3,2026-06-16,49,B11208
11209,18,3,2026-06-19,52,B11209
11210,18,3,2026-06-22,62,B11210
11211,18,3,2026-06-25,52,B11211
11212,18,3,2026-06-28,54,B11212
11213,18,3,2026-07-01,51,B11213
11214,18,3,2026-07-04,58,B11214
11215,18,3,2026-07-07,51,B11215
11216,18,3,2026-07-10,48,B11216
11217,18,3,2026-07-13,49,B11217
11218,18,3,2026-07-16,51,B11218
11219,18,3,2026-07-19,53,B11219
11220,18,3,2026-07-22,58,B11220
11221,18,3,2026-07-25,61,B11221
11222,18,3,2026-07-28,64,B11222
11223,18,3,2026-07-31,59,B11223
11224,18,3,2026-08-03,56,B11224
11225,18,4,2026-05-08,50,B11225
11226,18,4,2026-05-11,56,B11226
11227,18,4,2026-05-14,50,B11227
11228,18,4,2026-05-17,49,B11228
11229,18,4,2026-05-20,47,B11229
11230,18,4,2026-05-23,45,B11230
11231,18,4,2026-05-26,45,B11231
11232,18,4,2026-05-29,50,B11232
11233,18,4,2026-06-01,51,B11233
11234,18,4,2026-06-04,58,B11234
11235,18,4,2026-06-07,55,B11235
11236,18,4,2026-06-10,55,B11236
11237,18,4,2026-06-13,55,B11237
11238,18,4,2026-06-16,47,B11238
11239,18,4,2026-06-19,48,B11239
11240,18,4,2026-06-22,49,B11240
11241,18,4,2026-06-25,60,B11241
11242,18,4,2026-06-28,56,B11242
11243,18,4,2026-07-01,47,B11243
11244,18,4,2026-07-04,53,B11244
11245,18,4,2026-07-07,58,B11245
11246,18,4,2026-07-10,56,B11246
11247,18,4,2026-07-13,46,B11247
11248,18,4,2026-07-16,53,B11248
11249,18,4,2026-07-19,45,B11249
11250,18,4,2026-07-22,59,B11250
11251,18,4,2026-07-25,50,B11251
11252,18,4,2026-07-28,54,B11252
11253,18,4,2026-07-31,49,B11253
11254,18,4,2026-08-03,60,B11254
11255,18,5,2026-05-08,76,B11255
11256,18,5,2026-05-10,76,B11256
11257,18,5,2026-05-12,73,B11257
11258,18,5,2026-05-14,67,B11258
11259,18,5,2026-05-16,75,B11259
11260,18,5,2026-05-18,72,B11260
11261,18,5,2026-05-20,68,B11261
11262,18,5,2026-05-22,82,B11262
11263,18,5,2026-05-24,74,B11263
11264,18,5,2026-05-26,68,B11264
11265,18,5,2026-05-28,69,B11265
11266,18,5,2026-05-30,83,B11266
11267,18,5,2026-06-01,69,B11267
11268,18,5,2026-06-03,63,B11268
11269,18,5,2026-06-05,74,B11269
11270,18,5,2026-06-07,64,B11270
11271,18,5,2026-06-09,81,B11271
11272,18,5,2026-06-11,66,B11272
11273,18,5,2026-06-13,76,B11273
11274,18,5,2026-06-15,81,B11274
11275,18,5,2026-06-17,66,B11275
11276,18,5,2026-06-19,76,B11276
11277,18,5,2026-06-21,80,B11277
11278,18,5,2026-06-23,73,B11278
11279,18,5,2026-06-25,67,B11279
11280,18,5,2026-06-27,74,B11280
11281,18,5,2026-06-29,74,B11281
11282,18,5,2026-07-01,78,B11282
11283,18,5,2026-07-03,71,B11283
11284,18,5,2026-07-05,74,B11284
11285,18,5,2026-07-07,78,B11285
11286,18,5,2026-07-09,71,B11286
11287,18,5,2026-07-11,85,B11287
11288,18,5,2026-07-13,79,B11288
11289,18,5,2026-07-15,78,B11289
11290,18,5,2026-07-17,65,B11290
11291,18,5,2026-07-19,81,B11291
11292,18,5,2026-07-21,78,B11292
11293,18,5,2026-07-23,83,B11293
11294,18,5,2026-07-25,63,B11294
11295,18,5,2026-07-27,78,B11295
11296,18,5,2026-07-29,81,B11296
11297,18,5,2026-07-31,77,B11297
11298,18,5,2026-08-02,80,B11298
11299,18,5,2026-08-04,84,B11299
11300,18,6,2026-05-08,64,B11300
11301,18,6,2026-05-11,68,B11301
11302,18,6,2026-05-14,62,B11302
11303,18,6,2026-05-17,67,B11303
11304,18,6,2026-05-20,66,B11304
11305,18,6,2026-05-23,63,B11305
11306,18,6,2026-05-26,60,B11306
11307,18,6,2026-05-29,68,B11307
11308,18,6,2026-06-01,58,B11308
11309,18,6,2026-06-04,61,B11309
11310,18,6,2026-06-07,62,B11310
11311,18,6,2026-06-10,59,B11311
11312,18,6,2026-06-13,64,B11312
11313,18,6,2026-06-16,66,B11313
11314,18,6,2026-06-19,57,B11314
11315,18,6,2026-06-22,52,B11315
11316,18,6,2026-06-25,52,B11316
11317,18,6,2026-06-28,51,B11317
11318,18,6,2026-07-01,64,B11318
11319,18,6,2026-07-04,58,B11319
11320,18,6,2026-07-07,64,B11320
11321,18,6,2026-07-10,68,B11321
11322,18,6,2026-07-13,53,B11322
11323,18,6,2026-07-16,56,B11323
11324,18,6,2026-07-19,56,B11324
11325,18,6,2026-07-22,60,B11325
11326,18,6,2026-07-25,58,B11326
11327,18,6,2026-07-28,64,B11327
11328,18,6,2026-07-31,66,B11328
11329,18,6,2026-08-03,51,B11329
11330,18,7,2026-05-08,72,B11330
11331,18,7,2026-05-11,75,B11331
11332,18,7,2026-05-14,66,B11332
11333,18,7,2026-05-17,73,B11333
11334,18,7,2026-05-20,69,B11334
11335,18,7,2026-05-23,62,B11335
11336,18,7,2026-05-26,65,B11336
11337,18,7,2026-05-29,62,B11337
11338,18,7,2026-06-01,78,B11338
11339,18,7,2026-06-04,76,B11339
11340,18,7,2026-06-07,67,B11340
11341,18,7,2026-06-10,67,B11341
11342,18,7,2026-06-13,69,B11342
11343,18,7,2026-06-16,82,B11343
11344,18,7,2026-06-19,71,B11344
11345,18,7,2026-06-22,76,B11345
11346,18,7,2026-06-25,75,B11346
11347,18,7,2026-06-28,74,B11347
11348,18,7,2026-07-01,76,B11348
11349,18,7,2026-07-04,79,B11349
11350,18,7,2026-07-07,63,B11350
11351,18,7,2026-07-10,79,B11351
11352,18,7,2026-07-13,79,B11352
11353,18,7,2026-07-16,66,B11353
11354,18,7,2026-07-19,83,B11354
11355,18,7,2026-07-22,73,B11355
11356,18,7,2026-07-25,69,B11356
11357,18,7,2026-07-28,74,B11357
11358,18,7,2026-07-31,74,B11358
11359,18,7,2026-08-03,64,B11359
11360,18,8,2026-05-08,80,B11360
11361,18,8,2026-05-11,84,B11361
11362,18,8,2026-05-14,78,B11362
11363,18,8,2026-05-17,76,B11363
11364,18,8,2026-05-20,64,B11364
11365,18,8,2026-05-23,66,B11365
11366,18,8,2026-05-26,67,B11366
11367,18,8,2026-05-29,69,B11367
11368,18,8,2026-06-01,78,B11368
11369,18,8,2026-06-04,70,B11369
11370,18,8,2026-06-07,75,B11370
11371,18,8,2026-06-10,71,B11371
11372,18,8,2026-06-13,69,B11372
11373,18,8,2026-06-16,68,B11373
11374,18,8,2026-06-19,85,B11374
11375,18,8,2026-06-22,69,B11375
11376,18,8,2026-06-25,86,B11376
11377,18,8,2026-06-28,73,B11377
11378,18,8,2026-07-01,80,B11378
11379,18,8,2026-07-04,69,B11379
11380,18,8,2026-07-07,85,B11380
11381,18,8,2026-07-10,77,B11381
11382,18,8,2026-07-13,86,B11382
11383,18,8,2026-07-16,65,B11383
11384,18,8,2026-07-19,66,B11384
11385,18,8,2026-07-22,79,B11385
11386,18,8,2026-07-25,77,B11386
11387,18,8,2026-07-28,81,B11387
11388,18,8,2026-07-31,79,B11388
11389,18,8,2026-08-03,78,B11389
11390,18,9,2026-05-08,56,B11390
11391,18,9,2026-05-10,58,B11391
11392,18,9,2026-05-12,51,B11392
11393,18,9,2026-05-14,50,B11393
11394,18,9,2026-05-16,47,B11394
11395,18,9,2026-05-18,59,B11395
11396,18,9,2026-05-20,54,B11396
11397,18,9,2026-05-22,58,B11397
11398,18,9,2026-05-24,56,B11398
11399,18,9,2026-05-26,52,B11399
11400,18,9,2026-05-28,50,B11400
11401,18,9,2026-05-30,56,B11401
11402,18,9,2026-06-01,49,B11402
11403,18,9,2026-06-03,52,B11403
11404,18,9,2026-06-05,52,B11404
11405,18,9,2026-06-07,51,B11405
11406,18,9,2026-06-09,49,B11406
11407,18,9,2026-06-11,53,B11407
11408,18,9,2026-06-13,53,B11408
11409,18,9,2026-06-15,56,B11409
11410,18,9,2026-06-17,44,B11410
11411,18,9,2026-06-19,55,B11411
11412,18,9,2026-06-21,50,B11412
11413,18,9,2026-06-23,49,B11413
11414,18,9,2026-06-25,49,B11414
11415,18,9,2026-06-27,56,B11415
11416,18,9,2026-06-29,48,B11416
11417,18,9,2026-07-01,51,B11417
11418,18,9,2026-07-03,57,B11418
11419,18,9,2026-07-05,53,B11419
11420,18,9,2026-07-07,57,B11420
11421,18,9,2026-07-09,55,B11421
11422,18,9,2026-07-11,48,B11422
11423,18,9,2026-07-13,52,B11423
11424,18,9,2026-07-15,44,B11424
11425,18,9,2026-07-17,56,B11425
11426,18,9,2026-07-19,46,B11426
11427,18,9,2026-07-21,57,B11427
11428,18,9,2026-07-23,59,B11428
11429,18,9,2026-07-25,46,B11429
11430,18,9,2026-07-27,59,B11430
11431,18,9,2026-07-29,46,B11431
11432,18,9,2026-07-31,47,B11432
11433,18,9,2026-08-02,50,B11433
11434,18,9,2026-08-04,45,B11434
11435,18,10,2026-05-08,49,B11435
11436,18,10,2026-05-10,45,B11436
11437,18,10,2026-05-12,39,B11437
11438,18,10,2026-05-14,50,B11438
11439,18,10,2026-05-16,44,B11439
11440,18,10,2026-05-18,41,B11440
11441,18,10,2026-05-20,42,B11441
11442,18,10,2026-05-22,51,B11442
11443,18,10,2026-05-24,48,B11443
11444,18,10,2026-05-26,48,B11444
11445,18,10,2026-05-28,42,B11445
11446,18,10,2026-05-30,48,B11446
11447,18,10,2026-06-01,40,B11447
11448,18,10,2026-06-03,45,B11448
11449,18,10,2026-06-05,44,B11449
11450,18,10,2026-06-07,45,B11450
11451,18,10,2026-06-09,43,B11451
11452,18,10,2026-06-11,43,B11452
11453,18,10,2026-06-13,47,B11453
11454,18,10,2026-06-15,41,B11454
11455,18,10,2026-06-17,47,B11455
11456,18,10,2026-06-19,39,B11456
11457,18,10,2026-06-21,43,B11457
11458,18,10,2026-06-23,40,B11458
11459,18,10,2026-06-25,47,B11459
11460,18,10,2026-06-27,40,B11460
11461,18,10,2026-06-29,40,B11461
11462,18,10,2026-07-01,47,B11462
11463,18,10,2026-07-03,45,B11463
11464,18,10,2026-07-05,43,B11464
11465,18,10,2026-07-07,46,B11465
11466,18,10,2026-07-09,41,B11466
11467,18,10,2026-07-11,46,B11467
11468,18,10,2026-07-13,42,B11468
11469,18,10,2026-07-15,50,B11469
11470,18,10,2026-07-17,43,B11470
11471,18,10,2026-07-19,39,B11471
11472,18,10,2026-07-21,46,B11472
11473,18,10,2026-07-23,46,B11473
11474,18,10,2026-07-25,40,B11474
11475,18,10,2026-07-27,43,B11475
11476,18,10,2026-07-29,48,B11476
11477,18,10,2026-07-31,40,B11477
11478,18,10,2026-08-02,38,B11478
11479,18,10,2026-08-04,47,B11479
11480,18,11,2026-05-08,43,B11480
11481,18,11,2026-05-11,37,B11481
11482,18,11,2026-05-14,43,B11482
11483,18,11,2026-05-17,37,B11483
11484,18,11,2026-05-20,43,B11484
11485,18,11,2026-05-23,40,B11485
11486,18,11,2026-05-26,37,B11486
11487,18,11,2026-05-29,39,B11487
11488,18,11,2026-06-01,37,B11488
11489,18,11,2026-06-04,40,B11489
11490,18,11,2026-06-07,43,B11490
11491,18,11,2026-06-10,38,B11491
11492,18,11,2026-06-13,42,B11492
11493,18,11,2026-06-16,36,B11493
11494,18,11,2026-06-19,38,B11494
11495,18,11,2026-06-22,45,B11495
11496,18,11,2026-06-25,40,B11496
11497,18,11,2026-06-28,44,B11497
11498,18,11,2026-07-01,47,B11498
11499,18,11,2026-07-04,37,B11499
11500,18,11,2026-07-07,40,B11500
11501,18,11,2026-07-10,37,B11501
11502,18,11,2026-07-13,39,B11502
11503,18,11,2026-07-16,39,B11503
11504,18,11,2026-07-19,45,B11504
11505,18,11,2026-07-22,47,B11505
11506,18,11,2026-07-25,39,B11506
11507,18,11,2026-07-28,45,B11507
11508,18,11,2026-07-31,44,B11508
11509,18,11,2026-08-03,39,B11509
11510,18,12,2026-05-08,17,B11510
11511,18,12,2026-05-10,14,B11511
11512,18,12,2026-05-12,12,B11512
11513,18,12,2026-05-14,16,B11513
11514,18,12,2026-05-16,16,B11514
11515,18,12,2026-05-18,16,B11515
11516,18,12,2026-05-20,15,B11516
11517,18,12,2026-05-22,14,B11517
11518,18,12,2026-05-24,15,B11518
11519,18,12,2026-05-26,14,B11519
11520,18,12,2026-05-28,16,B11520
11521,18,12,2026-05-30,14,B11521
11522,18,12,2026-06-01,16,B11522
11523,18,12,2026-06-03,13,B11523
11524,18,12,2026-06-05,14,B11524
11525,18,12,2026-06-07,16,B11525
11526,18,12,2026-06-09,13,B11526
11527,18,12,2026-06-11,13,B11527
11528,18,12,2026-06-13,13,B11528
11529,18,12,2026-06-15,13,B11529
11530,18,12,2026-06-17,16,B11530
11531,18,12,2026-06-19,15,B11531
11532,18,12,2026-06-21,15,B11532
11533,18,12,2026-06-23,16,B11533
11534,18,12,2026-06-25,14,B11534
11535,18,12,2026-06-27,14,B11535
11536,18,12,2026-06-29,13,B11536
11537,18,12,2026-07-01,15,B11537
11538,18,12,2026-07-03,13,B11538
11539,18,12,2026-07-05,13,B11539
11540,18,12,2026-07-07,16,B11540
11541,18,12,2026-07-09,16,B11541
11542,18,12,2026-07-11,16,B11542
11543,18,12,2026-07-13,15,B11543
11544,18,12,2026-07-15,13,B11544
11545,18,12,2026-07-17,12,B11545
11546,18,12,2026-07-19,14,B11546
11547,18,12,2026-07-21,16,B11547
11548,18,12,2026-07-23,12,B11548
11549,18,12,2026-07-25,14,B11549
11550,18,12,2026-07-27,12,B11550
11551,18,12,2026-07-29,12,B11551
11552,18,12,2026-07-31,14,B11552
11553,18,12,2026-08-02,15,B11553
11554,18,12,2026-08-04,16,B11554
11555,18,13,2026-05-08,42,B11555
11556,18,13,2026-05-11,42,B11556
11557,18,13,2026-05-14,34,B11557
11558,18,13,2026-05-17,38,B11558
11559,18,13,2026-05-20,39,B11559
11560,18,13,2026-05-23,37,B11560
11561,18,13,2026-05-26,40,B11561
11562,18,13,2026-05-29,42,B11562
11563,18,13,2026-06-01,32,B11563
11564,18,13,2026-06-04,40,B11564
11565,18,13,2026-06-07,41,B11565
11566,18,13,2026-06-10,35,B11566
11567,18,13,2026-06-13,40,B11567
11568,18,13,2026-06-16,39,B11568
11569,18,13,2026-06-19,36,B11569
11570,18,13,2026-06-22,40,B11570
11571,18,13,2026-06-25,42,B11571
11572,18,13,2026-06-28,42,B11572
11573,18,13,2026-07-01,42,B11573
11574,18,13,2026-07-04,43,B11574
11575,18,13,2026-07-07,35,B11575
11576,18,13,2026-07-10,33,B11576
11577,18,13,2026-07-13,34,B11577
11578,18,13,2026-07-16,42,B11578
11579,18,13,2026-07-19,42,B11579
11580,18,13,2026-07-22,40,B11580
11581,18,13,2026-07-25,40,B11581
11582,18,13,2026-07-28,41,B11582
11583,18,13,2026-07-31,33,B11583
11584,18,13,2026-08-03,43,B11584
11585,18,14,2026-05-08,16,B11585
11586,18,14,2026-05-10,16,B11586
11587,18,14,2026-05-12,19,B11587
11588,18,14,2026-05-14,16,B11588
11589,18,14,2026-05-16,21,B11589
11590,18,14,2026-05-18,16,B11590
11591,18,14,2026-05-20,19,B11591
11592,18,14,2026-05-22,19,B11592
11593,18,14,2026-05-24,19,B11593
11594,18,14,2026-05-26,19,B11594
11595,18,14,2026-05-28,17,B11595
11596,18,14,2026-05-30,17,B11596
11597,18,14,2026-06-01,18,B11597
11598,18,14,2026-06-03,17,B11598
11599,18,14,2026-06-05,17,B11599
11600,18,14,2026-06-07,17,B11600
11601,18,14,2026-06-09,17,B11601
11602,18,14,2026-06-11,16,B11602
11603,18,14,2026-06-13,21,B11603
11604,18,14,2026-06-15,19,B11604
11605,18,14,2026-06-17,21,B11605
11606,18,14,2026-06-19,18,B11606
11607,18,14,2026-06-21,19,B11607
11608,18,14,2026-06-23,21,B11608
11609,18,14,2026-06-25,20,B11609
11610,18,14,2026-06-27,21,B11610
11611,18,14,2026-06-29,17,B11611
11612,18,14,2026-07-01,16,B11612
11613,18,14,2026-07-03,21,B11613
11614,18,14,2026-07-05,20,B11614
11615,18,14,2026-07-07,18,B11615
11616,18,14,2026-07-09,21,B11616
11617,18,14,2026-07-11,18,B11617
11618,18,14,2026-07-13,20,B11618
11619,18,14,2026-07-15,20,B11619
11620,18,14,2026-07-17,17,B11620
11621,18,14,2026-07-19,21,B11621
11622,18,14,2026-07-21,21,B11622
11623,18,14,2026-07-23,16,B11623
11624,18,14,2026-07-25,17,B11624
11625,18,14,2026-07-27,20,B11625
11626,18,14,2026-07-29,18,B11626
11627,18,14,2026-07-31,18,B11627
11628,18,14,2026-08-02,20,B11628
11629,18,14,2026-08-04,19,B11629
11630,18,15,2026-05-08,134,B11630
11631,18,15,2026-05-18,169,B11631
11632,18,15,2026-05-28,135,B11632
11633,18,15,2026-06-07,148,B11633
11634,18,15,2026-06-17,149,B11634
11635,18,15,2026-06-27,157,B11635
11636,18,15,2026-07-07,173,B11636
11637,18,15,2026-07-17,156,B11637
11638,18,15,2026-07-27,158,B11638
11639,18,16,2026-05-08,596,B11639
11640,18,16,2026-05-21,607,B11640
11641,18,16,2026-06-03,531,B11641
11642,18,16,2026-06-16,487,B11642
11643,18,16,2026-06-29,495,B11643
11644,18,16,2026-07-12,546,B11644
11645,18,17,2026-05-08,570,B11645
11646,18,17,2026-05-24,721,B11646
11647,18,17,2026-06-09,694,B11647
11648,18,17,2026-06-25,698,B11648
11649,18,17,2026-07-11,719,B11649
11650,18,18,2026-05-08,452,B11650
11651,18,18,2026-05-26,379,B11651
11652,18,18,2026-06-13,419,B11652
11653,18,18,2026-07-01,469,B11653
11654,18,18,2026-07-19,467,B11654
11655,18,19,2026-05-08,161,B11655
11656,18,19,2026-05-20,156,B11656
11657,18,19,2026-06-01,126,B11657
11658,18,19,2026-06-13,155,B11658
11659,18,19,2026-06-25,138,B11659
11660,18,19,2026-07-07,147,B11660
11661,18,19,2026-07-19,160,B11661
11662,18,20,2026-05-08,200,B11662
11663,18,20,2026-05-20,210,B11663
11664,18,20,2026-06-01,220,B11664
11665,18,20,2026-06-13,249,B11665
11666,18,20,2026-06-25,195,B11666
11667,18,20,2026-07-07,213,B11667
11668,18,20,2026-07-19,191,B11668
11669,18,21,2026-05-08,242,B11669
11670,18,21,2026-05-22,203,B11670
11671,18,21,2026-06-05,261,B11671
11672,18,21,2026-06-19,206,B11672
11673,18,21,2026-07-03,242,B11673
11674,18,21,2026-07-17,212,B11674
11675,18,22,2026-05-08,121,B11675
11676,18,22,2026-05-18,149,B11676
11677,18,22,2026-05-28,139,B11677
11678,18,22,2026-06-07,143,B11678
11679,18,22,2026-06-17,132,B11679
11680,18,22,2026-06-27,124,B11680
11681,18,22,2026-07-07,145,B11681
11682,18,22,2026-07-17,139,B11682
11683,18,22,2026-07-27,115,B11683
11684,18,23,2026-05-08,112,B11684
11685,18,23,2026-05-24,127,B11685
11686,18,23,2026-06-09,113,B11686
11687,18,23,2026-06-25,143,B11687
11688,18,23,2026-07-11,123,B11688
11689,18,24,2026-05-08,81,B11689
11690,18,24,2026-05-20,75,B11690
11691,18,24,2026-06-01,82,B11691
11692,18,24,2026-06-13,74,B11692
11693,18,24,2026-06-25,91,B11693
11694,18,24,2026-07-07,78,B11694
11695,18,24,2026-07-19,92,B11695
11696,18,25,2026-05-08,59,B11696
11697,18,25,2026-05-19,64,B11697
11698,18,25,2026-05-30,75,B11698
11699,18,25,2026-06-10,75,B11699
11700,18,25,2026-06-21,67,B11700
11701,18,25,2026-07-02,67,B11701
11702,18,25,2026-07-13,69,B11702
11703,18,25,2026-07-24,67,B11703
11704,18,26,2026-05-08,81,B11704
11705,18,26,2026-05-20,86,B11705
11706,18,26,2026-06-01,91,B11706
11707,18,26,2026-06-13,86,B11707
11708,18,26,2026-06-25,76,B11708
11709,18,26,2026-07-07,78,B11709
11710,18,26,2026-07-19,82,B11710
11711,18,27,2026-05-08,108,B11711
11712,18,27,2026-05-21,105,B11712
11713,18,27,2026-06-03,119,B11713
11714,18,27,2026-06-16,95,B11714
11715,18,27,2026-06-29,119,B11715
11716,18,27,2026-07-12,103,B11716
11717,18,28,2026-05-08,117,B11717
11718,18,28,2026-05-24,125,B11718
11719,18,28,2026-06-09,107,B11719
11720,18,28,2026-06-25,132,B11720
11721,18,28,2026-07-11,127,B11721
11722,18,29,2026-05-08,69,B11722
11723,18,29,2026-05-18,63,B11723
11724,18,29,2026-05-28,60,B11724
11725,18,29,2026-06-07,55,B11725
11726,18,29,2026-06-17,59,B11726
11727,18,29,2026-06-27,62,B11727
11728,18,29,2026-07-07,57,B11728
11729,18,29,2026-07-17,60,B11729
11730,18,29,2026-07-27,66,B11730
11731,18,30,2026-05-08,90,B11731
11732,18,30,2026-05-21,100,B11732
11733,18,30,2026-06-03,97,B11733
11734,18,30,2026-06-16,104,B11734
11735,18,30,2026-06-29,92,B11735
11736,18,30,2026-07-12,112,B11736
11737,18,31,2026-05-08,175,B11737
11738,18,31,2026-05-24,167,B11738
11739,18,31,2026-06-09,200,B11739
11740,18,31,2026-06-25,165,B11740
11741,18,31,2026-07-11,167,B11741
11742,18,32,2026-05-08,147,B11742
11743,18,32,2026-05-19,121,B11743
11744,18,32,2026-05-30,115,B11744
11745,18,32,2026-06-10,141,B11745
11746,18,32,2026-06-21,118,B11746
11747,18,32,2026-07-02,113,B11747
11748,18,32,2026-07-13,148,B11748
11749,18,32,2026-07-24,134,B11749
11750,18,33,2026-05-08,119,B11750
11751,18,33,2026-05-24,119,B11751
11752,18,33,2026-06-09,98,B11752
11753,18,33,2026-06-25,120,B11753
11754,18,33,2026-07-11,108,B11754
11755,18,34,2026-05-08,124,B11755
11756,18,34,2026-05-20,131,B11756
11757,18,34,2026-06-01,143,B11757
11758,18,34,2026-06-13,139,B11758
11759,18,34,2026-06-25,145,B11759
11760,18,34,2026-07-07,135,B11760
11761,18,34,2026-07-19,129,B11761
